pose_id,timestamp_ms,target_tick_0,target_tick_1,target_tick_2,target_tick_3,target_tick_4,target_tick_5,target_tick_6,actual_tick_0,actual_tick_1,actual_tick_2,actual_tick_3,actual_tick_4,actual_tick_5,actual_tick_6,actual_rad_0,actual_rad_1,actual_rad_2,actual_rad_3,actual_rad_4,actual_rad_5,actual_rad_6,moving_camera_q0,moving_camera_qx,moving_camera_qy,moving_camera_qz,moving_camera_tx_mm,moving_camera_ty_mm,moving_camera_tz_mm,moving_camera_error,moving_camera_frame,moving_camera_visible_markers,moving_accepted_samples,fixed_camera_q0,fixed_camera_qx,fixed_camera_qy,fixed_camera_qz,fixed_camera_tx_mm,fixed_camera_ty_mm,fixed_camera_tz_mm,fixed_camera_error,fixed_camera_frame,fixed_camera_visible_markers,fixed_accepted_samples,moving_relative_fixed_q0,moving_relative_fixed_qx,moving_relative_fixed_qy,moving_relative_fixed_qz,moving_relative_fixed_tx_mm,moving_relative_fixed_ty_mm,moving_relative_fixed_tz_mm,moving_relative_fixed_error,moving_relative_fixed_frame,moving_relative_fixed_visible_markers
858,1787146026599,740,2009,2012,3276,2093,2870,2775,743,2007,2009,3277,2089,2873,2779,-1.97822916357,-0.0614777161915,-0.075472255133,1.82850314333,0.0168737886667,1.28340115442,1.12462884604,0.201765255419,0.623374244431,-0.301755974027,0.692559503021,-187.863180033,285.798020426,-1769.4174113,0.16744975994,25387008,4,30,0.193487427018,-0.431097947365,-0.348787433573,-0.809360551019,-40.9741906484,97.2200920105,-1787.99550781,0.389319076141,25387008,4,30,-0.684977966314,0.693381099152,0.217960740403,-0.0502090892806,94.4119579285,-211.365318209,62.4038493742,0.423802743209,25387008,4
859,1787146038368,807,2004,2013,3276,2087,2882,2888,805,2007,2010,3277,2088,2883,2884,-1.88424432975,-0.0614777161915,-0.0739924069931,1.82850314333,0.0153398078789,1.29884521163,1.28616924116,0.184495944006,0.633031526329,-0.324188283795,0.678331990966,-185.583109029,288.446185303,-1782.46416423,0.165356978277,25387716,4,30,0.193412727529,-0.431043552227,-0.348674564181,-0.809456003255,-40.9820936839,97.2370480855,-1788.01370036,0.391749530037,25387716,4,30,-0.673223987756,0.700895405019,0.22164744093,-0.0799218709978,82.2742604958,-216.946620436,60.5499387831,0.425218325745,25387716,4
860,1787146053265,908,1980,2013,3276,2087,2912,2957,906,1986,2010,3277,2088,2913,2951,-1.73114000368,-0.093753517192,-0.0739924069931,1.82850314333,0.0153398078789,1.34517738327,1.38924739804,0.20652353976,0.62933999559,-0.313194169798,0.680579612889,-187.054597982,290.715757243,-1808.37479655,0.162525366247,25388610,4,30,0.193447691778,-0.430995338666,-0.34848539568,-0.809554777388,-40.9997067769,97.2601030986,-1788.04830729,0.403202142318,25388610,4,30,-0.673113985292,0.701474944551,0.227542307529,-0.0554523512209,61.4566919046,-229.688728414,51.3463785539,0.434725732208,25388610,4
861,1787146065675,1000,1982,2012,3276,2086,2905,3045,998,1986,2010,3276,2088,2907,3038,-1.59167863736,-0.093753517192,-0.0739924069931,1.82694697045,0.0153398078789,1.33591094894,1.523095154,0.206486075792,0.629842985186,-0.308661616203,0.682194489276,-184.931077067,296.603438314,-1828.55560303,0.163343432546,25389357,4,30,0.193385152505,-0.431391155115,-0.348385246903,-0.809401985307,-41.0477681478,97.2842610677,-1787.98063965,0.390436165531,25389357,4,30,-0.676413772279,0.698376369021,0.227749622674,-0.0535253700264,43.2803618223,-240.431967445,48.9504644281,0.423227452218,25389357,4
862,1787146077764,1103,1980,2012,3276,2087,2917,3140,1100,1986,2010,3276,2088,2916,3134,-1.43705842687,-0.093753517192,-0.0739924069931,1.82694697045,0.0153398078789,1.34981060043,1.67078922954,0.214725414254,0.627888898626,-0.310869611937,0.680447361542,-182.133765666,296.366300456,-1851.93504639,0.172633183002,25390083,4,30,0.193627639093,-0.431505719742,-0.348034104488,-0.80943400801,-41.083696111,97.3135648092,-1787.97090658,0.376726070046,25390083,4,30,-0.671944884194,0.702679213562,0.229156517548,-0.0471092973726,22.0366246158,-247.834300023,41.2440514381,0.414396848113,25390083,4
863,1787146089263,1193,1988,2013,3276,2085,2887,3254,1190,1987,2010,3276,2088,2888,3248,-1.30062882938,-0.0922165742872,-0.0739924069931,1.82694697045,0.0153398078789,1.30656724024,1.84617594424,0.190435397863,0.63934655763,-0.308584415246,0.678045719074,-180.504563904,299.33641154,-1872.29718018,0.171031973759,25390773,4,30,0.193354006492,-0.4314752054,-0.348011251375,-0.809525505599,-41.1384563446,97.3691080729,-1787.99588216,0.367472022772,25390773,4,30,-0.680545195168,0.69156286482,0.231615057498,-0.0703811514286,4.24551993845,-256.860440291,36.4019536099,0.40532409695,25390773,4
864,1787146101154,1302,2004,2012,3276,2085,2879,3355,1300,2005,2010,3277,2088,2881,3350,-1.13388154357,-0.0645516020011,-0.0739924069931,1.82850314333,0.0153398078789,1.29575640019,2.0031008995,0.201099425564,0.635901540669,-0.311339766918,0.676945936651,-173.294045003,296.75114034,-1898.06593018,0.16525388658,25391487,4,30,0.192515164933,-0.430393792797,-0.348170150115,-0.810232461064,-41.1925029755,97.4802360535,-1788.1379069,0.377004324396,25391487,4,30,-0.675057745728,0.696922588442,0.233953931705,-0.0621409968675,-20.4793113685,-260.794167522,28.4759722323,0.411632248061,25391487,4
865,1787146112258,1380,2013,2012,3276,2084,2834,3470,1375,2014,2010,3277,2088,2836,3464,-1.02019021233,-0.050719115858,-0.0739924069931,1.82850314333,0.0153398078789,1.22625814273,2.17848761421,0.170287729633,0.656879805104,-0.310176533176,0.665808928335,-169.438343302,297.401280721,-1918.03792318,0.158552442491,25392153,4,30,0.19210085453,-0.430057281567,-0.348451373177,-0.810388571483,-41.239520518,97.5158177694,-1788.16368001,0.364217446248,25392153,4,30,-0.681266032323,0.682786202954,0.245743725279,-0.0963826527189,-38.9239392097,-266.819645244,23.4234790009,0.397231953865,25392153,4
866,1787146123975,1475,2021,2012,3276,2086,2813,3531,1473,2022,2010,3277,2087,2814,3526,-0.871633539505,-0.0384235726197,-0.0739924069931,1.82850314333,0.013805827091,1.19228121686,2.27387337133,0.188517216322,0.659642506775,-0.287792595439,0.668212873579,-164.869403076,291.786046346,-1943.63476562,0.1634188205,25392858,4,30,0.192053487329,-0.430003235789,-0.348512273084,-0.810402289438,-41.2715963999,97.5788124084,-1788.20775146,0.370319494605,25392858,4,30,-0.688665014528,0.673857822539,0.25767109186,-0.0725378603794,-62.6032025048,-270.347013472,11.9898124508,0.404774306223,25392858,4
867,1787146136995,1557,2092,2012,3260,2086,2781,3609,1555,2095,2010,3276,2088,2782,3603,-0.74733101735,0.0737732594298,-0.0739924069931,1.82694697045,0.0153398078789,1.14286023378,2.39233632775,0.203284807109,0.643749083079,-0.307222930335,0.670728317809,-143.952607218,287.831593831,-1967.72884115,0.183983796835,25393641,4,30,0.191370025409,-0.429232555755,-0.348637365266,-0.810918561876,-41.3433085124,97.7155629476,-1788.31220296,0.399729594588,25393641,4,30,-0.674212095399,0.69342446606,0.246209070154,-0.0631003491379,-93.6629691365,-264.50445502,11.3024300027,0.440038391834,25393641,4
868,1787146148629,1677,2112,2012,3190,2087,2837,3718,1674,2114,2010,3207,2088,2835,3712,-0.566940771783,0.102975174621,-0.0739924069931,1.71957104118,0.0153398078789,1.22471373701,2.56003064268,0.217482095224,0.640061627961,-0.303665010856,0.671424017928,-151.756230164,270.311633301,-2002.78419596,0.181997053822,25394340,4,30,0.191234994167,-0.429084352299,-0.348503655888,-0.81108630703,-41.422168986,97.8476173401,-1788.38983154,0.382379084826,25394340,4,30,-0.671804702557,0.696012602784,0.248769610939,-0.0485652042241,-118.09142332,-271.201675115,-19.6583952973,0.423481631375,25394340,4
869,1787146160635,1603,2111,2011,3214,2094,2779,3632,1606,2114,2010,3217,2089,2780,3638,-0.670020912107,0.102975174621,-0.0739924069931,1.73513277006,0.0168737886667,1.13977142233,2.44618312612,0.207165577327,0.660702358688,-0.279929354211,0.664976972118,-149.22131958,292.922303263,-1994.17532552,0.172959805032,25395060,4,30,0.191099242365,-0.429250641197,-0.348466893057,-0.811046109073,-41.4211771647,97.8768636068,-1788.3950765,0.376320250829,25395060,4,30,-0.685798599757,0.673943750052,0.269114343181,-0.0552953219659,-112.597724843,-281.652948578,1.57290849192,0.41416424923,25395060,4
870,1787146172126,1543,2106,2011,3240,2095,2795,3575,1546,2114,2010,3243,2089,2794,3579,-0.760973977099,0.102975174621,-0.0739924069931,1.77559326514,0.0168737886667,1.16139310243,2.35541280886,0.211765514376,0.640465367706,-0.299298284088,0.674818506587,-145.151001485,297.170363363,-1972.08977051,0.191553869347,25395750,4,30,0.191085272187,-0.429362455172,-0.348485450788,-0.810982238665,-41.4019434611,97.8839769999,-1788.37151286,0.385250532627,25395750,4,30,-0.677491237491,0.691197684215,0.246270013564,-0.0510143595355,-96.6197234754,-273.22907886,15.5508368041,0.43024511357,25395750,4
871,1787146183456,1461,2082,2012,3274,2095,2800,3487,1464,2093,2010,3276,2089,2799,3492,-0.885276499254,0.0706993736202,-0.0739924069931,1.82694697045,0.0168737886667,1.16911513104,2.22156505291,0.216149717811,0.630253420288,-0.305201384948,0.680376396071,-145.712636312,301.32048645,-1944.82774658,0.171996773779,25396431,4,30,0.191047541782,-0.429391355234,-0.348363116822,-0.811028384009,-41.3863942464,97.9104255676,-1788.35501302,0.382214951515,25396431,4,30,-0.674814161338,0.697766214889,0.235996285248,-0.0453200878853,-73.7515740464,-265.476811788,28.7419854618,0.41913143446,25396431,4
872,1787146196187,1371,2052,2012,3275,2096,2829,3392,1372,2061,2010,3276,2089,2828,3397,-1.02473786557,0.021517200667,-0.0739924069931,1.82694697045,0.0168737886667,1.21390289696,2.07540945732,0.214609192595,0.630383584449,-0.302645065542,0.681883710917,-156.619698079,306.554155477,-1919.89540609,0.157618574798,25397196,4,30,0.191078147351,-0.429502494463,-0.348481030964,-0.810911659747,-41.3499902089,97.9120358785,-1788.32181803,0.394163841009,25397196,4,30,-0.677225582382,0.695669661982,0.235273018231,-0.0453413592435,-47.0497758443,-265.725214822,36.1479943684,0.424510010106,25397196,4
873,1787146207598,1249,2018,2013,3276,2095,2873,3275,1252,2026,2010,3276,2090,2871,3279,-1.20664399556,-0.0322758010005,-0.0739924069931,1.82694697045,0.0184077694546,1.28031234297,1.8938688228,0.215507752028,0.627182505976,-0.30783281741,0.68222977767,-168.639425659,305.697589111,-1887.83168132,0.157632829249,25397880,4,30,0.192234954486,-0.430461484773,-0.347766843877,-0.810436212604,-41.2947383881,97.8911338806,-1788.23484701,0.369326094786,25397880,4,30,-0.674399459632,0.700069946645,0.230387994812,-0.0448197556828,-14.6007933052,-259.647078816,41.108793629,0.401559302155,25397880,4
874,1787146220877,1133,2000,2014,3277,2095,2900,3165,1135,2008,2011,3276,2090,2899,3169,-1.38400247229,-0.0599407732867,-0.0725125588532,1.82694697045,0.0184077694546,1.32355570317,1.72463602791,0.215113002348,0.626282749402,-0.315977587666,0.679451601011,-175.752941386,302.317901611,-1859.47650146,0.167436489463,25398678,4,30,0.192657176352,-0.430869401246,-0.347729077561,-0.810135334428,-41.2456442515,97.8511199951,-1788.14221191,0.388729296128,25398678,4,30,-0.66897616454,0.705593163741,0.228544576178,-0.0487499257306,12.6653354744,-250.482660521,45.6671072912,0.423255766259,25398678,4
875,1787146232372,966,1998,2014,3277,2095,2909,2980,969,2006,2011,3276,2090,2908,2984,-1.63563928544,-0.0630146590963,-0.0725125588532,1.82694697045,0.0184077694546,1.33745535466,1.44001723651,0.229551532082,0.622871728925,-0.307924701336,0.681556513968,-179.953505961,299.037399292,-1822.20054118,0.175236635407,25399368,4,30,0.192372490435,-0.430639565688,-0.347939434764,-0.810234866643,-41.1932025909,97.8436978658,-1788.21460775,0.385785968105,25399368,4,30,-0.669155515586,0.705309075346,0.231800979714,-0.0322228179927,46.3308543734,-235.958828616,55.3647368568,0.423720062748,25399368,4
876,1787146248396,834,1999,2015,3277,2094,2901,2839,836,2006,2012,3276,2089,2902,2844,-1.83725191284,-0.0630146590963,-0.0710327107134,1.82694697045,0.0168737886667,1.32818892034,1.22463004302,0.231918832466,0.62239824786,-0.298685876542,0.685288861257,-183.461899821,292.271395874,-1793.44457194,0.161641395589,25400331,4,30,0.192473645522,-0.430730843946,-0.348141476608,-0.810075520009,-41.1395311991,97.8047149658,-1788.16896973,0.390589061379,25400331,4,30,-0.674598647959,0.700225446988,0.232265939996,-0.0255640505552,72.2597527739,-222.084714279,59.6463442719,0.422714744996,25400331,4
877,1787146260596,673,2034,2015,3276,2094,2847,2720,676,2035,2012,3276,2090,2850,2725,-2.07979341948,-0.0184433148574,-0.0710327107134,1.82694697045,0.0184077694546,1.24787982283,1.04155092854,0.198101799762,0.625413084251,-0.30991422717,0.688162279391,-182.349613444,283.011154175,-1751.17121989,0.167055401206,25401063,4,30,0.192713171419,-0.430774526019,-0.348139362885,-0.80999625018,-41.081115214,97.7626937866,-1788.14630941,0.387173579137,25401063,4,30,-0.680750723064,0.696468287202,0.219381954097,-0.0581544167328,106.840421682,-198.345035502,69.8949862261,0.421676282773,25401063,4
878,1787146271983,760,2061,2015,3237,2084,2847,2819,758,2063,2012,3252,2088,2850,2814,-1.95549089732,0.0245910864766,-0.0710327107134,1.78959882114,0.0153398078789,1.24787982283,1.17847564441,0.194395442202,0.63051225617,-0.311284174387,0.683934843129,-179.529513041,302.981545003,-1764.36728109,0.166312720875,25401747,4,30,0.192617670855,-0.430772565196,-0.347953295068,-0.810099953339,-41.1012978872,97.7864725749,-1788.17475179,0.384397721291,25401747,4,30,-0.679906615002,0.695336702954,0.223839284518,-0.0642638242625,94.0646793101,-215.509890514,80.8795855437,0.418833534066,25401747,4
879,1787146283635,821,2058,2015,3259,2084,2846,2818,819,2063,2012,3262,2088,2849,2814,-1.86302194792,0.0245910864766,-0.0710327107134,1.80516055002,0.0153398078789,1.24633541711,1.17847564441,0.232711150849,0.621073081465,-0.285613984541,0.69176469958,-174.393082682,310.577802531,-1781.59855957,0.175107401609,25402449,4,30,0.192459774938,-0.430861388568,-0.348034332177,-0.810055431744,-41.1189529419,97.7947390238,-1788.17619222,0.389421481887,25402449,4,30,-0.683773154577,0.691918859871,0.23107119092,-0.01756898295,76.8597027379,-224.379715576,82.6330464027,0.426979733306,25402449,4
880,1787146294739,903,2057,2015,3260,2084,2827,2909,900,2063,2012,3262,2088,2830,2904,-1.74023531018,0.0245910864766,-0.0710327107134,1.80516055002,0.0153398078789,1.2169917084,1.31693884023,0.21813627023,0.623830387747,-0.283070849108,0.69507057866,-172.906902568,321.025959269,-1799.85649821,0.162505057454,25403115,4,30,0.19245442585,-0.430714357315,-0.347862872966,-0.81020852747,-41.1345616659,97.8167093913,-1788.18961182,0.40193007489,25403115,4,30,-0.691393685088,0.685149006773,0.227459094192,-0.0284248343414,60.6920737975,-237.877068407,83.9845688225,0.433538555148,25403115,4
881,1787146306500,984,2051,2014,3261,2086,2851,2978,982,2061,2012,3265,2088,2852,2973,-1.61593278802,0.021517200667,-0.0710327107134,1.80982906868,0.0153398078789,1.25096863427,1.42309395702,0.235727588209,0.62223442814,-0.28720302202,0.689036461109,-169.599282837,321.088932292,-1822.15150553,0.170851822694,25403820,4,30,0.192485973495,-0.430969654401,-0.34773224988,-0.810121342385,-41.1715722402,97.8302431742,-1788.16766764,0.387343554695,25403820,4,30,-0.681123291962,0.693632333472,0.233819116011,-0.0165489606053,40.2120289509,-244.777675822,77.200404793,0.423350179735,25403820,4
882,1787146318362,1066,2050,2015,3262,2084,2844,3088,1063,2060,2012,3265,2088,2846,3081,-1.49314615028,0.0199802577622,-0.0710327107134,1.80982906868,0.0153398078789,1.24170219994,1.589249792,0.219124701407,0.62863257144,-0.298843912543,0.683738086766,-167.433426412,322.805253092,-1842.3697876,0.161108452578,25404534,4,30,0.192663179299,-0.431025511811,-0.347487666441,-0.810154447733,-41.2031628927,97.8478055318,-1788.15697428,0.370881465077,25404534,4,30,-0.678828292489,0.69526296355,0.233147827796,-0.0379954105967,21.9961073564,-252.669039019,71.7878106005,0.404362454526,25404534,4
883,1787146334503,1137,2050,2015,3257,2083,2839,3191,1134,2061,2013,3265,2088,2841,3185,-1.38551835671,0.021517200667,-0.0695528625735,1.80982906868,0.0153398078789,1.23398017133,1.74925170717,0.200291943753,0.635268383245,-0.312536834718,0.677228133985,-165.615286255,321.672442627,-1860.13185221,0.162815967202,25405503,4,30,0.192510719691,-0.431035531347,-0.347524745081,-0.810169454545,-41.232088089,97.8610738118,-1788.11271566,0.386931879322,25405503,4,30,-0.675320162979,0.697190249589,0.232205366681,-0.0628418732751,6.24657032773,-257.827021438,65.0820420907,0.41979199422,25405503,4
884,1787146345552,1239,2051,2015,3251,2085,2849,3287,1236,2060,2013,3265,2088,2849,3282,-1.23089814622,0.0199802577622,-0.0695528625735,1.80982906868,0.0153398078789,1.24633541711,1.89848426266,0.207381086437,0.633341374478,-0.314417702929,0.676027585567,-162.954144287,316.610818481,-1886.94124349,0.158486244579,25406166,4,30,0.192072489465,-0.430872132185,-0.347669119697,-0.810298431263,-41.287379837,97.9034375509,-1788.19276123,0.356770209471,25406166,4,30,-0.671527712963,0.700808272374,0.233623083814,-0.05778019387,-17.1791731428,-263.314824677,52.5086841327,0.390388104438,25406166,4
885,1787146356846,1325,2055,2015,3247,2085,2837,3381,1322,2061,2013,3261,2088,2839,3375,-1.1005320864,0.021517200667,-0.0695528625735,1.80360437713,0.0153398078789,1.23089135989,2.04156289834,0.199348588689,0.640328426487,-0.312796437081,0.672605408371,-161.577129618,312.293659465,-1909.31139323,0.153978291651,25406844,4,30,0.191584497729,-0.429838419136,-0.347977073469,-0.810830605,-41.2980255127,97.9176661174,-1788.26334635,0.385997493068,25406844,4,30,-0.673568720761,0.696040868114,0.239528030213,-0.0667728318294,-35.986250378,-268.443059465,41.4737588009,0.415575960511,25406844,4
886,1787146370658,1389,2057,2014,3245,2084,2829,3447,1386,2061,2013,3261,2088,2831,3441,-1.00351548374,0.021517200667,-0.0695528625735,1.80360437713,0.0153398078789,1.21853611412,2.14310257528,0.198028821545,0.64431925924,-0.308441630766,0.671193741344,-160.254305013,307.175680542,-1926.27003581,0.163106248776,25407675,4,30,0.19127899993,-0.429721572153,-0.34833457285,-0.81081116172,-41.3205429077,97.9277819316,-1788.29573975,0.38279351294,25407675,4,30,-0.675769623563,0.692229902224,0.243976695649,-0.0680334499825,-50.4887357148,-270.908975593,32.0319172694,0.416094366627,25407675,4
887,1787146381468,1441,2059,2014,3244,2084,2834,3504,1437,2062,2013,3260,2088,2833,3499,-0.9262053785,0.0230541435718,-0.0695528625735,1.80204820424,0.0153398078789,1.22162492556,2.23233441258,0.196882676902,0.644853245935,-0.31346496021,0.668686190574,-158.852479045,299.884644572,-1938.08242187,0.160636974374,25408323,4,30,0.191290143433,-0.429613908953,-0.348349085527,-0.810859349624,-41.3149897257,97.9274800618,-1788.27996012,0.387447400888,25408323,4,30,-0.67239142554,0.695049823093,0.244229538661,-0.0717457087447,-60.9882702004,-269.811202203,22.9102881435,0.419427855526,25408323,4
888,1787146392526,1488,2116,2012,3213,2088,2816,3553,1486,2118,2013,3228,2088,2817,3547,-0.85192704209,0.10912294624,-0.0695528625735,1.75225067182,0.0153398078789,1.19691443402,2.30618145035,0.200676975576,0.641037406445,-0.318656888155,0.668773192228,-148.549169413,306.499996948,-1958.46325684,0.185679759085,25408989,4,30,0.190900655047,-0.42935703521,-0.348361241571,-0.811081945052,-41.3897246043,98.0275764465,-1788.34980469,0.392353785038,25408989,4,30,-0.668346706557,0.699968040292,0.24186766311,-0.0696954513985,-83.4630262587,-276.163768173,25.4946998404,0.434071958974,25408989,4
889,1787146404059,1402,2112,2012,3214,2095,2802,3450,1405,2118,2013,3228,2090,2803,3454,-0.974713679829,0.10912294624,-0.0695528625735,1.75225067182,0.0184077694546,1.17529275392,2.16310281467,0.199743666659,0.644286475284,-0.304999692438,0.672289069529,-150.269584147,322.739591471,-1939.29570719,0.171516271929,25409682,4,30,0.190927717235,-0.429530775866,-0.348084442835,-0.811102422652,-41.3933266958,98.0524805705,-1788.37099609,0.384841908018,25409682,4,30,-0.677733912312,0.690207553722,0.245108243227,-0.0649016640038,-66.8628235279,-280.604191935,43.6721417004,0.42133255951,25409682,4
890,1787146415709,1296,2112,2012,3216,2095,2819,3351,1299,2118,2013,3228,2090,2819,3357,-1.13539742798,0.10912294624,-0.0695528625735,1.75225067182,0.0184077694546,1.20000324547,2.01387025918,0.197461999514,0.638030073324,-0.317610358586,0.673089922968,-153.065759786,331.668356323,-1908.31311442,0.151365701854,25410381,4,30,0.191228404865,-0.429933710862,-0.348026907891,-0.810842754682,-41.3644916534,98.0370895386,-1788.30690918,0.390366437038,25410381,4,30,-0.671783430153,0.698690506078,0.235943980774,-0.0697784897041,-39.9425786897,-276.013059179,60.6927754235,0.418685479642,25410381,4
891,1787146427016,1199,2113,2014,3219,2095,2813,3253,1201,2118,2013,3228,2089,2814,3258,-1.2839541008,0.10912294624,-0.0695528625735,1.75225067182,0.0168737886667,1.19228121686,1.86156074378,0.194847686031,0.638729495892,-0.313343034588,0.675185273092,-155.888542684,340.011221313,-1880.42919108,0.149761025608,25411059,4,30,0.191603887429,-0.430285127642,-0.347689348644,-0.81071251137,-41.3365697225,98.0316968282,-1788.26861979,0.399924345811,25411059,4,30,-0.675937341359,0.69500896219,0.235012533802,-0.0695727100842,-15.6269147153,-272.330346269,75.9065064216,0.427045486059,25411059,4
892,1787146438499,1125,2113,2014,3221,2094,2806,3195,1127,2118,2013,3228,2089,2808,3200,-1.39612954763,0.10912294624,-0.0695528625735,1.75225067182,0.0168737886667,1.18301478253,1.77232890647,0.182196750296,0.641442589959,-0.316792453236,0.674535610284,-158.400427246,343.158855184,-1858.259729,0.150078650812,25411749,4,30,0.192057457455,-0.430943157872,-0.347460423129,-0.810353738856,-41.3309480031,98.024378713,-1788.22445068,0.382759233316,25411749,4,30,-0.677972664632,0.692798653343,0.231572701883,-0.0822020418243,3.79643143863,-267.205908517,85.3680519631,0.411130432002,25411749,4
893,1787146449311,1065,2112,2013,3226,2095,2804,3134,1067,2118,2013,3229,2089,2806,3139,-1.48708261262,0.10912294624,-0.0695528625735,1.75380684471,0.0168737886667,1.17992597109,1.67848162931,0.182362577217,0.639605647572,-0.315750255975,0.676720239003,-160.000776164,343.293699137,-1840.48990885,0.158042143285,25412400,4,30,0.192002596184,-0.4310102012,-0.347512870684,-0.810308591976,-41.3064487457,98.0125778198,-1788.23564046,0.37780234317,25412400,4,30,-0.679287416731,0.692430214206,0.229353099156,-0.0806607700975,19.5253089542,-261.22362493,91.4475832904,0.409526469912,25412400,4
894,1787146462549,988,2112,2013,3228,2096,2810,3035,991,2118,2013,3231,2089,2808,3040,-1.60228982827,0.10912294624,-0.0695528625735,1.75691919049,0.0168737886667,1.18301478253,1.52617211391,0.194933669094,0.63345871746,-0.308574735047,0.682284801837,-161.853267924,341.120586141,-1818.29377035,0.160172892114,25413195,4,30,0.191938559206,-0.43074250913,-0.3475482209,-0.810450932795,-41.2603028615,98.0002604167,-1788.25069173,0.392040111621,25413195,4,30,-0.681156063703,0.692762922167,0.228019600803,-0.0641327701116,39.1281524343,-252.055508115,97.4153534671,0.423498293371,25413195,4
895,1787146474368,898,2115,2014,3228,2094,2796,2965,901,2118,2013,3231,2090,2798,2970,-1.73871942576,0.10912294624,-0.0695528625735,1.75691919049,0.0184077694546,1.16757072532,1.41847851716,0.17852543294,0.635123741008,-0.312452953928,0.683461524142,-165.591609192,336.452319336,-1791.29276123,0.159607697527,25413903,4,30,0.191930168842,-0.430759128274,-0.347637602247,-0.810405750967,-41.2192810059,97.9851735433,-1788.29613037,0.394416029255,25413903,4,30,-0.684581686547,0.689611462966,0.222393647185,-0.0795299332408,63.7987858753,-240.391882778,102.398696537,0.425486334966,25413903,4
896,1787146486655,836,2116,2014,3229,2095,2810,2888,838,2118,2013,3232,2090,2811,2894,-1.834220144,0.10912294624,-0.0695528625735,1.75847536338,0.0184077694546,1.1876479997,1.30155404069,0.192971181576,0.63078596686,-0.3117360066,0.683879996259,-166.744199626,328.483439128,-1775.55799967,0.16681719621,25414641,4,30,0.191983800887,-0.430887323819,-0.347807089624,-0.810252159995,-41.1904908498,97.9537663778,-1788.24724528,0.395267981291,25414641,4,30,-0.680441587222,0.694692607314,0.223688952367,-0.0660657272101,77.6085465364,-229.402718013,102.078338703,0.429027684404,25414641,4
897,1787146498438,783,2115,2014,3229,2096,2799,2832,786,2118,2013,3232,2090,2801,2836,-1.91304613366,0.10912294624,-0.0695528625735,1.75847536338,0.0184077694546,1.17220394248,1.21232220339,0.191687108435,0.628258005446,-0.304524042668,0.689792025534,-169.129612732,324.419993083,-1760.97132161,0.159617603322,25415349,4,30,0.192084765017,-0.431044948887,-0.347942845828,-0.810086088712,-41.155930837,97.9164217631,-1788.18725586,0.389170903961,25415349,4,30,-0.686821228626,0.690003442241,0.219813430784,-0.0620798296721,91.0710846136,-222.324119197,103.440232627,0.420632585257,25415349,4
898,1787146510213,722,2115,2014,3230,2095,2806,2773,725,2118,2013,3233,2090,2807,2777,-2.00551508307,0.10912294624,-0.0695528625735,1.76003153626,0.0184077694546,1.18147037681,1.12155188613,0.193708672591,0.627784196765,-0.308430800447,0.687920339713,-170.547800191,314.251744588,-1745.84719645,0.16316746374,25416057,4,30,0.192268227251,-0.430949292008,-0.347859642379,-0.810129190754,-41.1271573385,97.9025006612,-1788.21054281,0.38484993577,25416057,4,30,-0.68331285222,0.693350088045,0.220209506278,-0.0621045468896,104.4953756,-210.258254373,101.11149393,0.41801087819,25416057,4
899,1787146521613,679,2112,2015,3230,2093,2827,2750,682,2118,2013,3234,2090,2829,2756,-2.07069811298,0.10912294624,-0.0695528625735,1.76158770915,0.0184077694546,1.21544730268,1.0892438071,0.193947233693,0.633494224262,-0.32524937549,0.674746161244,-170.445079041,302.174666341,-1737.46304525,0.158390662571,25416741,4,30,0.192347430222,-0.430899236917,-0.348000421226,-0.81007655227,-41.0956302643,97.8652768453,-1788.16551921,0.39411915342,25416741,4,30,-0.669076050111,0.703711542156,0.227364048544,-0.0737081680335,111.533077536,-198.626102904,95.6681308526,0.424755822894,25416741,4
900,1787146532668,614,2101,2015,3231,2094,2849,2649,617,2112,2013,3234,2089,2851,2656,-2.16923060006,0.0999012888112,-0.0695528625735,1.76158770915,0.0168737886667,1.24942422855,0.93539581175,0.220229825826,0.630392411753,-0.312142490749,0.67577459,-173.023921204,288.922372437,-1727.61252035,0.156193006039,25417407,4,30,0.192617294164,-0.431140823343,-0.348065383934,-0.809855948267,-41.0677605947,97.8126749674,-1788.08759359,0.3890918384,25417407,4,30,-0.668001905802,0.704378744006,0.235703368191,-0.0454748398659,121.182641552,-187.346013465,88.3675160804,0.419271646841,25417407,4
901,1787146546625,578,2035,2015,3276,2091,2871,2587,581,2043,2013,3276,2089,2873,2594,-2.22380243905,-0.00614777161915,-0.0695528625735,1.82694697045,0.0168737886667,1.28340115442,0.840010054631,0.232203671166,0.624697167614,-0.299661011284,0.682669892546,-180.914783732,266.897536214,-1737.32965902,0.166530364255,25418244,4,30,0.192837368856,-0.431157902869,-0.348280663215,-0.809701915273,-41.0501696269,97.7570871989,-1788.06135254,0.389752059182,25418244,4,30,-0.672958559474,0.700978223735,0.234566181491,-0.0271111338899,117.676079993,-181.033138547,64.2156479751,0.423838447826,25418244,4
902,1787146557860,586,2009,2022,3276,2087,2910,2593,584,2016,2019,3276,2089,2910,2593,-2.2192547858,-0.0476452300484,-0.0606737737343,1.82694697045,0.0168737886667,1.34054416611,0.838471574677,0.238126796099,0.630260837364,-0.297695487386,0.676346289008,-185.872969055,261.162647502,-1746.39056396,0.162769354383,25418919,4,30,0.192894454531,-0.431012119466,-0.348265167436,-0.809772594891,-41.0478054047,97.7528704325,-1788.08854167,0.386727938056,25418919,4,30,-0.669726441621,0.700822856418,0.24436196607,-0.024516256944,112.956748084,-183.746425841,53.7943181532,0.419585939706,25418919,4
903,1787146568734,633,1981,2055,3276,2085,2927,2648,631,1987,2051,3276,2088,2928,2644,-2.14800821822,-0.0922165742872,-0.0133186332588,1.82694697045,0.0153398078789,1.36834346909,0.916934052308,0.228038982453,0.645301219102,-0.279733003312,0.673300828728,-191.053794352,266.412297567,-1762.29741618,0.161444501579,25419573,4,30,0.192826746258,-0.430881310267,-0.348341986595,-0.809825291507,-41.0493887583,97.7465377808,-1788.06912435,0.38969030877,25419573,4,30,-0.681889509604,0.683762879194,0.257964051902,-0.0308150881097,102.552946628,-196.810533742,48.6019352481,0.421809037171,25419573,4
904,1787146582871,748,1957,2062,3276,2085,2949,2777,746,1964,2059,3276,2089,2950,2772,-1.97368151032,-0.127566261097,-0.00147984813986,1.82694697045,0.0168737886667,1.40232039496,1.11385948636,0.223928617412,0.651285012657,-0.286018474413,0.666241126685,-193.154749044,273.748511759,-1787.78394368,0.154166095952,25420422,4,30,0.192797173799,-0.430820038904,-0.348351203524,-0.80986096514,-41.0645600637,97.7600914001,-1788.10136719,0.384288049738,25420422,4,30,-0.677341632002,0.685759941497,0.263282530672,-0.0402979557564,82.4562762005,-213.211696604,42.9556211541,0.414058559038,25420422,4
905,1787146594231,839,1947,2061,3276,2085,2951,2844,836,1954,2059,3277,2089,2950,2839,-1.83725191284,-0.142935690145,-0.00147984813986,1.82850314333,0.0168737886667,1.40232039496,1.21693764325,0.234700643203,0.64738023056,-0.273889440186,0.67141568325,-193.250362142,281.530219523,-1806.28325602,0.154776312908,25421103,4,30,0.192856548808,-0.430654523364,-0.34814420719,-0.810023854024,-41.0700700124,97.7672973633,-1788.13867594,0.387036036452,25421103,4,30,-0.682043365963,0.68153287132,0.264133525495,-0.0237333723999,67.0054419859,-225.946768868,41.4150581567,0.416836419413,25421103,4
906,1787146606191,919,1922,2060,3276,2085,2958,2935,916,1927,2059,3277,2089,2960,2931,-1.71598115951,-0.184433148574,-0.00147984813986,1.82850314333,0.0168737886667,1.41776445217,1.35847779897,0.223123787192,0.650276205273,-0.275049447877,0.672089602409,-197.444965108,280.887281291,-1823.58572998,0.15931999435,25421823,4,30,0.192931476736,-0.430733379037,-0.348090487107,-0.809987169191,-41.0839861552,97.7747983297,-1788.13259684,0.390006602804,25421823,4,30,-0.685689923654,0.678300132127,0.261825528854,-0.0344332948757,54.8796266326,-234.96316888,31.8809920653,0.421293259892,25421823,4
907,1787146618631,1025,1920,2059,3276,2085,2958,3042,1023,1926,2059,3277,2088,2959,3036,-1.55378152694,-0.185970091479,-0.00147984813986,1.82850314333,0.0153398078789,1.41622004645,1.52001819409,0.227391350588,0.651431047002,-0.278349978823,0.668170677274,-194.828345744,283.62363383,-1844.50916341,0.151201542715,25422570,4,30,0.193137291627,-0.431063763297,-0.347911760142,-0.809839135699,-41.1133851369,97.7773735046,-1788.05900879,0.37924661835,25422570,4,30,-0.681160101772,0.681718942103,0.264882553391,-0.0334280217805,35.7299307729,-243.592331393,27.2009132453,0.408276749338,25422570,4
908,1787146632125,1111,1920,2058,3276,2087,2956,3126,1108,1926,2059,3277,2088,2959,3121,-1.42493135154,-0.185970091479,-0.00147984813986,1.82850314333,0.0153398078789,1.41622004645,1.65078899014,0.231142471262,0.65135780205,-0.281120368214,0.665790890793,-192.696552022,283.575788371,-1861.7201945,0.153933986525,25423380,4,30,0.193250738893,-0.431105452136,-0.347742295913,-0.809862665326,-41.1306420644,97.7856595357,-1788.04148356,0.371616501609,25423380,4,30,-0.677577189491,0.684714699753,0.26653557741,-0.0318389415493,20.1073086585,-249.088369601,21.666327504,0.402236866132,25423380,4
909,1787146643601,1194,1923,2058,3276,2086,2945,3203,1191,1926,2059,3276,2088,2948,3197,-1.29911294497,-0.185970091479,-0.00147984813986,1.82694697045,0.0153398078789,1.39923158352,1.76771346661,0.232386575245,0.653327976138,-0.276225763502,0.665476042258,-191.030048625,283.984960937,-1878.73597005,0.153220121066,25424067,4,30,0.192963298282,-0.43098396764,-0.347947670205,-0.809907651496,-41.1474346161,97.7882993062,-1788.04980062,0.371568477154,25424067,4,30,-0.679593830941,0.681491407243,0.269882754797,-0.0297487052579,5.19900437778,-255.074751566,16.3651330079,0.401919816274,25424067,4
910,1787146655771,1268,1924,2058,3276,2085,2929,3271,1265,1926,2059,3276,2088,2931,3265,-1.18693749814,-0.185970091479,-0.00147984813986,1.82694697045,0.0153398078789,1.37297668625,1.87233010345,0.233088154842,0.657309493436,-0.267383030534,0.664921391515,-189.589781189,283.779743449,-1894.69932048,0.148581898709,25424799,4,30,0.192681935013,-0.430580616449,-0.348142065761,-0.810105614538,-41.1532344818,97.7957712809,-1788.08756917,0.375729857882,25424799,4,30,-0.683682122071,0.675110507575,0.275815760491,-0.0270226717364,-8.60662684613,-260.378244156,10.8907190777,0.404041466595,25424799,4
911,1787146666927,1333,1925,2058,3276,2085,2934,3331,1330,1926,2059,3276,2088,2932,3325,-1.08840501107,-0.185970091479,-0.00147984813986,1.82694697045,0.0153398078789,1.37452109197,1.96463890067,0.239388620426,0.656395679407,-0.268424165466,0.66316383184,-188.100370789,278.892339071,-1907.58199056,0.163072318335,25425471,4,30,0.192319868093,-0.430046169932,-0.348399126071,-0.810364985063,-41.1691415151,97.8094683329,-1788.13811849,0.384768243631,25425471,4,30,-0.680127264004,0.677753334113,0.27850849507,-0.0225907288586,-19.7229708735,-261.241814892,3.21704176028,0.417898531122,25425471,4
912,1787146677843,1383,1926,2058,3276,2085,2909,3384,1378,1926,2059,3276,2088,2911,3378,-1.01564255908,-0.185970091479,-0.00147984813986,1.82694697045,0.0153398078789,1.34208857183,2.0461783382,0.232002304153,0.665247858145,-0.262162529371,0.659462679987,-187.306721497,278.401285807,-1918.46373291,0.155867894987,25426125,4,30,0.192195904169,-0.429835290791,-0.348363311372,-0.810521659489,-41.1824081421,97.8224644979,-1788.156014,0.375382931034,25426125,4,30,-0.684538092843,0.66980170275,0.286171991686,-0.0296457351805,-29.0932165914,-264.752291141,-0.967652235578,0.406456818862,25426125,4
913,1787146689728,1450,1949,2055,3276,2085,2896,3435,1447,1948,2056,3276,2088,2898,3430,-0.911046534335,-0.152157347574,-0.00591939255945,1.82694697045,0.0153398078789,1.32201129745,2.12617929579,0.246871908581,0.658296249505,-0.261339890791,0.66136356879,-180.974084981,276.105770874,-1933.83931071,0.162964229782,25426839,4,30,0.19187502268,-0.429551968859,-0.348373062516,-0.81074366543,-41.2214043935,97.874579366,-1788.21612142,0.386649469535,25426839,4,30,-0.680556442839,0.674635835069,0.285478416526,-0.0145427592977,-45.1162842497,-265.408073617,-5.1340014893,0.419589266402,25426839,4
914,1787146701370,1563,2014,2011,3273,2085,2841,3575,1561,2016,2013,3276,2088,2843,3569,-0.738235710851,-0.0476452300484,-0.0695528625735,1.82694697045,0.0153398078789,1.23706898278,2.34002800933,0.223154964614,0.644320983016,-0.280457165588,0.675570951775,-164.404342143,275.173917643,-1959.67994792,0.151422148943,25427538,4,30,0.191552444642,-0.429525931028,-0.348508752857,-0.81077542187,-41.2767154694,97.9532925924,-1788.29073893,0.394227672617,25427538,4,30,-0.684001237525,0.682102269986,0.256273577513,-0.0346792994743,-75.5849627755,-264.926818249,-6.52056168305,0.422308092567,25427538,4
915,1787146713456,1581,2018,2011,3262,2084,2807,3633,1577,2019,2013,3276,2088,2809,3627,-0.713981560186,-0.043034401334,-0.0695528625735,1.82694697045,0.0153398078789,1.18455918825,2.42925984663,0.195100721275,0.668052822052,-0.286093689535,0.6586285268,-163.156147766,276.205310059,-1967.22065837,0.172762583693,25428264,4,30,0.191407821064,-0.429234225488,-0.348488242721,-0.810972854287,-41.2870066325,97.9675170898,-1788.29783529,0.397248888016,25428264,4,30,-0.683836900886,0.673152955919,0.272296536104,-0.0713217172355,-82.4138959439,-267.911753289,-8.08809165371,0.433190015298,25428264,4
916,1787146725609,1497,2023,2010,3266,2094,2850,3499,1499,2025,2013,3276,2090,2848,3504,-0.832220544675,-0.0338127439053,-0.0695528625735,1.82694697045,0.0184077694546,1.24479101138,2.24002681235,0.225122493054,0.637458710926,-0.284821520443,0.679590285744,-163.89804891,285.490604655,-1947.44568685,0.147546154757,25428996,4,30,0.191484256007,-0.429522105436,-0.348507682474,-0.810794015703,-41.2754950205,97.9703483582,-1788.25164388,0.394706788659,25428996,4,30,-0.682440443355,0.68653241403,0.2488667391,-0.0318375867279,-65.8280520287,-266.783831566,5.99460937627,0.421382625172,25428996,4
917,1787146738646,1407,2011,2009,3269,2095,2874,3412,1409,2019,2012,3276,2089,2872,3415,-0.968650142163,-0.043034401334,-0.0710327107134,1.82694697045,0.0168737886667,1.2818567487,2.10310209648,0.226978311002,0.628929863291,-0.294467789711,0.682800698753,-167.236869812,292.773550415,-1925.45392253,0.14556008776,25429779,4,30,0.191479821517,-0.429578391518,-0.348386581965,-0.810817287063,-41.2683916728,97.973571523,-1788.2418986,0.395077989499,25429779,4,30,-0.677750895982,0.694570531702,0.239322337742,-0.0308272305478,-45.831714449,-264.993520911,17.8918025034,0.421039614449,25429779,4
918,1787146751616,1338,1979,2009,3276,2097,2896,3335,1341,1986,2012,3276,2090,2895,3341,-1.07173028249,-0.093753517192,-0.0710327107134,1.82694697045,0.0184077694546,1.31737808029,1.98925457992,0.226721211779,0.628864114773,-0.28655937449,0.686302515057,-176.432563273,292.626939901,-1907.58226318,0.161380648613,25430556,4,30,0.192007432851,-0.429817649389,-0.348086079419,-0.810694773215,-41.2527467092,97.9711219788,-1788.24198405,0.383614932497,25430556,4,30,-0.683399270364,0.689399901479,0.238728884991,-0.0264902355104,-26.2090346949,-263.321852805,19.5259011709,0.416178003001,25430556,4
919,1787146763631,1259,1978,2009,3276,2096,2910,3280,1261,1986,2012,3276,2090,2908,3284,-1.19300103581,-0.093753517192,-0.0710327107134,1.82694697045,0.0184077694546,1.33745535466,1.90156122257,0.218537234976,0.62810410009,-0.304301082342,0.682002615585,-178.146940613,294.392208862,-1888.5741333,0.167953636746,25431279,4,30,0.192230269884,-0.430511789124,-0.34812943999,-0.810254907901,-41.2443584442,97.9531224569,-1788.1669637,0.377510261536,25431279,4,30,-0.675056549322,0.698810110778,0.232897629593,-0.0414943179566,-9.76076279563,-258.015188323,27.2969134304,0.413185698761,25431279,4
920,1787146774855,1153,1978,2010,3276,2097,2922,3175,1155,1986,2012,3276,2090,2920,3179,-1.35368478396,-0.093753517192,-0.0710327107134,1.82694697045,0.0184077694546,1.35598822332,1.74002082745,0.221495906608,0.625421287661,-0.310509606561,0.680714007884,-180.333520508,296.182203166,-1864.39061686,0.172696148356,25431954,4,30,0.192644549246,-0.430796566787,-0.347862744467,-0.810119686653,-41.2220151265,97.9390691121,-1788.10432129,0.393166253964,25431954,4,30,-0.670204459277,0.704248666324,0.230649030794,-0.040753200364,11.2190695617,-250.999900242,36.6760491051,0.429422476022,25431954,4
921,1787146785982,1098,1978,2009,3276,2096,2915,3141,1100,1986,2012,3276,2090,2916,3147,-1.43705842687,-0.093753517192,-0.0710327107134,1.82694697045,0.0184077694546,1.34981060043,1.69078946894,0.207816368044,0.629900336549,-0.31868648044,0.677109186449,-181.751520284,296.442010498,-1851.58129069,0.168197798232,25432620,4,30,0.192893975222,-0.430768582364,-0.347617339779,-0.810180552627,-41.2056072235,97.9487058004,-1788.162736,0.382931653659,25432620,4,30,-0.66905449797,0.704593225136,0.229423509374,-0.0572653401747,22.5613139413,-246.953620137,40.9823789078,0.418242932641,25432620,4
922,1787146797089,1029,1979,2009,3276,2095,2901,3091,1031,1986,2012,3276,2090,2902,3096,-1.54165445161,-0.093753517192,-0.0710327107134,1.82694697045,0.0184077694546,1.32818892034,1.61232699131,0.190540436192,0.634562204815,-0.320422833837,0.677018727918,-183.937256877,297.808610026,-1835.28200277,0.158793991804,25433289,4,30,0.192777519461,-0.430802743177,-0.34776304398,-0.81012757619,-41.1882258097,97.9357683818,-1788.17002767,0.384062179923,25433289,4,30,-0.673679546932,0.69944013777,0.226907418765,-0.0738402670003,37.4104127948,-242.752882216,47.0900847898,0.415595103292,25433289,4
923,1787146808578,947,1979,2010,3276,2097,2905,2993,950,1986,2012,3276,2090,2903,2999,-1.66444108935,-0.093753517192,-0.0710327107134,1.82694697045,0.0184077694546,1.32973332606,1.46309443581,0.199038882621,0.631118284806,-0.312733270968,0.681374445527,-185.981732178,295.809123739,-1817.61616618,0.167047231396,25433979,4,30,0.192408576089,-0.430689495713,-0.348085195012,-0.810137145886,-41.165292867,97.9312861125,-1788.1912557,0.396735168497,25433979,4,30,-0.676668154794,0.69768972282,0.226941474543,-0.0620227868741,53.5347659894,-235.562136814,51.3592601696,0.430469013332,25433979,4
924,1787146819934,866,1981,2011,3276,2096,2896,2931,868,1986,2012,3276,2090,2898,2937,-1.78874361151,-0.093753517192,-0.0710327107134,1.82694697045,0.0184077694546,1.32201129745,1.36770867869,0.186345300246,0.633149178642,-0.318654850308,0.680335676734,-188.472654724,290.78302002,-1798.9431071,0.16444106698,25434660,4,30,0.192413805264,-0.430545660788,-0.34815106755,-0.8101840505,-41.1308915456,97.9170939128,-1788.17775879,0.401160417994,25434660,4,30,-0.677001311143,0.697085472673,0.223614515526,-0.0757470589897,70.540911991,-226.230090339,53.5413794598,0.433555700545,25434660,4
925,1787146831976,768,1992,2012,3276,2097,2866,2835,771,1991,2012,3276,2090,2869,2841,-1.93578439991,-0.0860688026681,-0.0710327107134,1.82694697045,0.0184077694546,1.27722353153,1.22001460315,0.173798671381,0.629559737759,-0.309408577804,0.691169219801,-191.617151388,287.833036296,-1775.54628499,0.162277737757,25435383,4,30,0.192483168698,-0.430823174796,-0.348342171058,-0.809937870265,-41.1102592468,97.8901908875,-1788.146757,0.384725782275,25435383,4,30,-0.689799676105,0.68742125973,0.213118018646,-0.0787980243733,91.7539574619,-216.853891158,58.6939705443,0.41754998709,25435383,4
926,1787146843531,731,2042,2011,3275,2095,2796,2797,734,2043,2012,3277,2090,2799,2801,-1.99187212332,-0.00614777161915,-0.0710327107134,1.82850314333,0.0184077694546,1.16911513104,1.15847540501,0.165123945076,0.624889829894,-0.303418495004,0.700131416341,-181.971259054,299.594324748,-1756.37489421,0.172275972366,25436079,4,30,0.192547118211,-0.430824691094,-0.348128707489,-0.810013639289,-41.089389801,97.8955734253,-1788.16986491,0.389985853434,25436079,4,30,-0.698911136196,0.680969172984,0.203597412847,-0.0797013339159,102.177575364,-211.40233724,80.0612417666,0.426342557732,25436079,4
927,1787146855006,743,2065,2013,3274,2086,2775,2847,741,2067,2012,3276,2089,2778,2842,-1.98126093241,0.0307388580957,-0.0710327107134,1.82694697045,0.0168737886667,1.13668261089,1.22155308311,0.148783253937,0.632323021876,-0.318716409805,0.69025429334,-175.564020793,303.884609985,-1753.61284993,0.165008756518,25436766,4,30,0.192493148174,-0.431001943902,-0.348156458781,-0.809920238337,-41.0902777354,97.8942553202,-1788.13572998,0.387508179744,25436766,4,30,-0.691980439839,0.684295081829,0.205079396086,-0.104142945827,100.86819592,-209.333749379,87.8181727008,0.421177491203,25436766,4
928,1787146866908,835,2065,2013,3274,2086,2779,2929,831,2068,2012,3276,2088,2781,2924,-1.84483133492,0.0322758010005,-0.0710327107134,1.82694697045,0.0153398078789,1.14131582806,1.3477084393,0.155411076461,0.635961053035,-0.313964071056,0.687624533028,-172.111068726,315.143971761,-1776.48269857,0.169939030707,25437483,4,30,0.192362824546,-0.430742687327,-0.348002856992,-0.810155104022,-41.1136199951,97.9182703654,-1788.18571777,0.39827046295,25437483,4,30,-0.691862390749,0.682932345855,0.212726336949,-0.0983735168658,79.8448296185,-223.978431147,89.1221809837,0.433011126665,25437483,4
929,1787146878932,905,2067,2013,3274,2085,2774,2980,903,2069,2012,3276,2089,2777,2974,-1.73568765693,0.0338127439053,-0.0710327107134,1.82694697045,0.0168737886667,1.13513820517,1.42463243697,0.165288083423,0.636050797053,-0.30275825636,0.690258409041,-169.389800008,323.670049032,-1794.97016195,0.170830167333,25438203,4,30,0.192253854268,-0.430765047209,-0.34793842757,-0.810196754031,-41.1352711995,97.9321220398,-1788.19411621,0.400626428922,25438203,4,30,-0.696115071313,0.678944728321,0.21729072916,-0.0851034805267,62.8834772805,-235.492717883,89.6749616521,0.435527819573,25438203,4
930,1787146890562,962,2068,2012,3274,2085,2751,3050,960,2071,2012,3277,2089,2754,3045,-1.64928224519,0.0368866297149,-0.0710327107134,1.82850314333,0.0168737886667,1.09961687358,1.53386451368,0.146311158401,0.642972337312,-0.29858403194,0.689947240193,-168.414800517,331.43990682,-1808.84765218,0.159440392752,25438902,4,30,0.192250453161,-0.430893179951,-0.347841525007,-0.810171033925,-41.1655103048,97.9431472778,-1788.16913249,0.380800545216,25438902,4,30,-0.704039352468,0.668552637597,0.217114183997,-0.101130569293,50.6444507492,-245.746674334,90.4678474087,0.412832041002,25438902,4
931,1787146902427,1050,2089,2012,3274,2085,2758,3106,1047,2092,2012,3276,2089,2759,3100,-1.51740030095,0.0691624307154,-0.0710327107134,1.82694697045,0.0168737886667,1.10733890219,1.61848091112,0.178426287237,0.638761473827,-0.295091613612,0.687799955767,-158.142776998,336.890770467,-1834.04712728,0.148614188532,25439616,4,30,0.192239498367,-0.430899949685,-0.347520588787,-0.810307749561,-41.2237979889,97.9990898132,-1788.17174886,0.385751192768,25439616,4,30,-0.695720929976,0.677818730433,0.226498950652,-0.07233520319,23.8146157007,-253.211281998,90.3368354046,0.413388630414,25439616,4
932,1787146915089,1121,2089,2012,3272,2085,2777,3172,1118,2092,2012,3276,2088,2777,3165,-1.40977250737,0.0691624307154,-0.0710327107134,1.82694697045,0.0153398078789,1.13513820517,1.7184821081,0.192072527238,0.637121083666,-0.301766635812,0.682731108519,-155.042165629,333.39813029,-1854.45327555,0.153454874456,25440375,4,30,0.192114069994,-0.431136714015,-0.347618711397,-0.810169457228,-41.2617366791,97.9994888306,-1788.1393514,0.383329914014,25440375,4,30,-0.686014618038,0.687021662427,0.230619983679,-0.0648043387612,5.18133174324,-257.022258799,81.6624468939,0.412904615465,25440375,4
933,1787146926029,1160,2090,2012,3266,2084,2772,3230,1157,2093,2012,3276,2088,2774,3226,-1.35065301513,0.0706993736202,-0.0710327107134,1.82694697045,0.0153398078789,1.13050498801,1.81232938527,0.179633172625,0.643068370437,-0.309897153354,0.676874248719,-153.847616577,332.55605367,-1865.03762207,0.153535633783,25441032,4,30,0.192122048884,-0.431209042298,-0.347578819745,-0.810146186955,-41.2841092428,98.0125345866,-1788.13990885,0.377147556345,25441032,4,30,-0.683438807819,0.687336210857,0.232003701797,-0.0815758025671,-4.30947252227,-259.90644037,77.6178750436,0.407202001589,25441032,4
934,1787146937648,1225,2091,2011,3254,2085,2776,3302,1223,2094,2012,3270,2089,2777,3294,-1.25060464364,0.072236316525,-0.0710327107134,1.81760993312,0.0168737886667,1.13513820517,1.91694602211,0.177517367463,0.647672223025,-0.309689481986,0.673127551448,-153.293059285,331.603627523,-1884.37169189,0.159528631469,25441731,4,30,0.191709986965,-0.430507556806,-0.347667233922,-0.810578817197,-41.2927066803,98.0394780477,-1788.24171143,0.386251085997,25441731,4,30,-0.682749983041,0.685639929486,0.237549292443,-0.0855609806616,-20.3265412232,-266.582104396,69.6999095149,0.41789865481,25441731,4
935,1787146948918,1274,2120,2010,3216,2084,2810,3365,1272,2122,2012,3232,2088,2809,3358,-1.17632630723,0.115270717859,-0.0710327107134,1.75847536338,0.0153398078789,1.18455918825,2.01540873913,0.182526625752,0.643030067367,-0.329084965209,0.667007832808,-151.64552714,333.295399984,-1900.15846761,0.164682586988,25442409,4,30,0.19125988907,-0.430094640272,-0.347717529196,-0.810882713549,-41.3534689585,98.1146596273,-1788.2843099,0.397247648239,25442409,4,30,-0.668090273742,0.700269207951,0.235072425389,-0.0895509762575,-34.0996423774,-272.985605538,65.6217910129,0.430030287873,25442409,4
936,1787146959870,1348,2137,2010,3201,2085,2765,3456,1345,2139,2012,3217,2088,2767,3452,-1.06566674482,0.14139874724,-0.0710327107134,1.73513277006,0.0153398078789,1.11969414796,2.16002585477,0.160145239199,0.662596902543,-0.315748921817,0.660016261522,-147.976485697,338.86587321,-1926.13107503,0.162070169548,25443066,4,30,0.190769344458,-0.429694351237,-0.348061592055,-0.811062851983,-41.4139422099,98.1739023844,-1788.35468343,0.387828603387,25443066,4,30,-0.679577942878,0.681035213206,0.249307666278,-0.110501336926,-57.360501051,-284.906570164,61.7134812963,0.4203305431,25443066,4
937,1787146972612,1415,2138,2009,3182,2085,2789,3507,1413,2140,2012,3200,2088,2787,3502,-0.962586604497,0.142935690145,-0.0710327107134,1.70867783096,0.0153398078789,1.15058226238,2.23694985244,0.174029909241,0.66007833516,-0.31114542764,0.661210030928,-149.569862366,331.373587036,-1947.50810547,0.162494502962,25443831,4,30,0.190829982449,-0.429457334893,-0.347996451973,-0.811202061585,-41.4291694641,98.1998018901,-1788.39544678,0.374340114991,25443831,4,30,-0.678362793476,0.683201715255,0.252681323059,-0.0959764850269,-74.1159316624,-289.273652302,46.9983452248,0.408086982375,25443831,4
938,1787146983596,1471,2172,2010,3165,2086,2802,3562,1469,2174,2012,3182,2088,2800,3558,-0.877697077171,0.195191748908,-0.0710327107134,1.68066671898,0.0153398078789,1.17065953676,2.32310472984,0.185082197609,0.648031119537,-0.327263229795,0.662343586565,-140.848599752,325.544819132,-1965.37199707,0.178093031545,25444491,4,30,0.190102093915,-0.42920164494,-0.348392312297,-0.811338362585,-41.5004979451,98.2796384176,-1788.42943929,0.397120477756,25444491,4,30,-0.6663202768,0.698906283064,0.243761340105,-0.0901537868835,-93.244923124,-287.183214375,40.7352690519,0.435226150108,25444491,4
939,1787146996055,1567,2164,2010,3276,2089,2752,3563,1565,2174,2012,3276,2088,2750,3559,-0.732172173184,0.195191748908,-0.0710327107134,1.82694697045,0.0153398078789,1.09343925069,2.32464320979,0.243726479195,0.608250085723,-0.306240272118,0.690540463905,-119.079339345,295.759740194,-1975.20802409,0.176459862292,25445238,4,30,0.190145913652,-0.428939109937,-0.348457280579,-0.811439027345,-41.4960160573,98.2946296692,-1788.44204915,0.408122059703,25445238,4,30,-0.668178486269,0.709319248057,0.224055975785,-0.0142349758926,-113.241338362,-257.517246284,27.4670433879,0.44463659163,25445238,4
940,1787147007444,1465,2163,2009,3276,2096,2777,3486,1468,2174,2012,3276,2090,2773,3491,-0.879212961588,0.195191748908,-0.0710327107134,1.82694697045,0.0184077694546,1.12896058229,2.22002657295,0.234789719107,0.602869090191,-0.332423956292,0.686233896844,-121.622107442,307.539320882,-1948.20226644,0.173492359122,25445922,4,30,0.190138393439,-0.429133442976,-0.348342806201,-0.811387187986,-41.4890336355,98.3042325338,-1788.42606608,0.399373646577,25445922,4,30,-0.655072646428,0.72415386125,0.213255093605,-0.0316745669175,-89.6105142652,-256.255443079,45.0795911719,0.435429567501,25445922,4
941,1787147020010,1364,2159,2009,3276,2096,2808,3399,1366,2170,2012,3276,2090,2804,3404,-1.03383317207,0.189043977289,-0.0710327107134,1.82694697045,0.0184077694546,1.17683715965,2.086178817,0.237859566522,0.596179693268,-0.354915962275,0.679725870974,-125.321452077,314.582548014,-1919.31225993,0.175050310791,25446678,4,30,0.190643147359,-0.429445586561,-0.34788452382,-0.811300213629,-41.4677694956,98.3079104106,-1788.42888997,0.382495652636,25446678,4,30,-0.638672415479,0.740214821146,0.206860803088,-0.0372581857858,-64.0137178609,-251.648845766,59.2597488538,0.420648945789,25446678,4
942,1787147033362,1299,2159,2009,3276,2096,2809,3350,1301,2170,2012,3276,2090,2804,3354,-1.13236565915,0.189043977289,-0.0710327107134,1.82694697045,0.0184077694546,1.17683715965,2.00925481932,0.230959919182,0.601532053614,-0.363337466239,0.672906078018,-126.568096924,320.159991455,-1901.48781331,0.189619184037,25447479,4,30,0.190869416032,-0.429704160791,-0.347830409856,-0.811133285103,-41.4463804881,98.2970291138,-1788.40067952,0.388852778077,25447479,4,30,-0.633834339217,0.742830819549,0.209757002543,-0.0495822936351,-48.7401066245,-249.077243344,69.5881408791,0.432622142259,25447479,4
943,1787147044330,1217,2159,2009,3276,2096,2782,3302,1220,2170,2011,3276,2090,2779,3306,-1.25515229689,0.189043977289,-0.0725125588532,1.82694697045,0.0184077694546,1.13822701661,1.93540778155,0.204307620735,0.618026643998,-0.366162912961,0.665000890669,-127.996493785,329.330929565,-1879.39412435,0.185620095332,25448139,4,30,0.191171476881,-0.430226655628,-0.347617645322,-0.810876355479,-41.4227151235,98.2813542684,-1788.33120524,0.396730684241,25448139,4,30,-0.638782555551,0.734126542797,0.216063112684,-0.0795725908968,-29.9665465919,-247.415386818,84.0179331114,0.438006912741,25448139,4
944,1787147056966,1177,1994,2012,3276,2085,2849,3292,1178,2000,2011,3276,2089,2851,3297,-1.31881944238,-0.072236316525,-0.0725125588532,1.82694697045,0.0168737886667,1.24942422855,1.92156146197,0.148191504897,0.655319036147,-0.325267921202,0.665429949865,-177.483501689,306.524086507,-1869.30276693,0.157779930532,25448898,4,30,0.192159024831,-0.430335779833,-0.347581567742,-0.81060044383,-41.3010779063,98.1508725484,-1788.24284261,0.39446058472,25448898,4,30,-0.679871572101,0.68465108025,0.233849054202,-0.119758772579,5.72734204069,-258.07166832,43.6116009404,0.42484545352,25448898,4
945,1787147068647,1122,2038,2009,3276,2095,2844,3197,1124,2040,2011,3276,2090,2846,3202,-1.40067720087,-0.0107586003335,-0.0725125588532,1.82694697045,0.0184077694546,1.24170219994,1.77540586638,0.18266017706,0.637854638233,-0.326214051478,0.673320958251,-168.468781535,313.934602865,-1855.52524414,0.162576662004,25449600,4,30,0.192383807436,-0.430873573973,-0.347447127865,-0.810319028054,-41.3094917297,98.1533826192,-1788.21260579,0.378504468997,25449600,4,30,-0.671956496524,0.699697233413,0.227455995412,-0.0846287095759,11.8594238759,-252.172990768,59.4150491706,0.411942719415,25449600,4
946,1787147080546,1000,2040,2010,3276,2095,2845,3064,1003,2042,2011,3277,2090,2846,3068,-1.58409921527,-0.00768471452394,-0.0725125588532,1.82850314333,0.0184077694546,1.24170219994,1.56924955261,0.190412222117,0.633663887782,-0.319905406411,0.678139951587,-171.26434377,313.523348999,-1825.15843913,0.170147237182,25450314,4,30,0.191914968276,-0.430459133442,-0.347816752325,-0.810491879163,-41.2490580241,98.1376141866,-1788.24423014,0.407566848397,25450314,4,30,-0.674581916649,0.698723434631,0.226501824031,-0.0736323525267,39.0608780519,-241.498564831,69.3566082198,0.441656901036,25450314,4
947,1787147092300,896,2086,2010,3277,2095,2788,3004,899,2089,2011,3276,2090,2790,3010,-1.74175119459,0.0645516020011,-0.0725125588532,1.82694697045,0.0184077694546,1.15521547955,1.4800177153,0.159233084379,0.639248915948,-0.337466147338,0.672400362655,-162.825782776,319.292318726,-1792.47757568,0.158529029787,25451019,4,30,0.191906024934,-0.430396072175,-0.347686320752,-0.810583444817,-41.215243276,98.1458503723,-1788.3125529,0.399943807721,25451019,4,30,-0.672276673417,0.698537892862,0.219367491734,-0.109392825111,61.521537833,-227.281184935,90.942809251,0.430216808853,25451019,4
948,1787147104065,830,2120,2010,3277,2094,2736,2950,833,2122,2011,3276,2090,2739,2956,-1.84179956609,0.115270717859,-0.0725125588532,1.82694697045,0.0184077694546,1.07645078776,1.39693979781,0.144057843836,0.639193833202,-0.334902137463,0.677140413466,-156.874638367,323.991493734,-1769.46353353,0.167022609711,25451727,4,30,0.191990672423,-0.430732608278,-0.347713472776,-0.810372965195,-41.1886810303,98.1177546183,-1788.24477132,0.395821606119,25451727,4,30,-0.679950164121,0.691616147573,0.212111712077,-0.119764353331,77.2240560459,-217.776495281,106.605651402,0.429617616056,25451727,4
949,1787147116720,755,2128,2010,3276,2096,2721,2836,758,2130,2011,3276,2090,2725,2841,-1.95549089732,0.127566261097,-0.0725125588532,1.82694697045,0.0184077694546,1.05482910766,1.22001460315,0.162692074743,0.628633643548,-0.315554540244,0.691936675677,-157.637669881,319.722981771,-1748.89243571,0.160584643483,25452486,4,30,0.192074386578,-0.430968459314,-0.347789851785,-0.810194937094,-41.1706217448,98.0983281453,-1788.20810547,0.388943504294,25452486,4,30,-0.690529217017,0.687168819022,0.207085620042,-0.0899108479615,94.7776823451,-207.172325372,111.016218699,0.420790300809,25452486,4
950,1787147128627,670,2190,2011,3276,2092,2655,2780,673,2192,2011,3276,2090,2659,2786,-2.08434107273,0.222856721194,-0.0725125588532,1.82694697045,0.0184077694546,0.952898330055,1.13539820571,0.146205509523,0.629568762468,-0.33026500581,0.687889633769,-142.625040181,315.898262533,-1715.43241781,0.159667922556,25453203,4,30,0.192204363062,-0.431152761595,-0.347724158069,-0.810094246915,-41.1311950684,98.0718958537,-1788.18879801,0.38528380394,25453203,4,30,-0.685753287462,0.690784397096,0.200785329861,-0.110655306141,114.291440263,-182.164034761,129.601499218,0.41705809556,25453203,4
951,1787147141068,670,2251,2012,3246,2087,2628,2781,673,2254,2011,3259,2089,2633,2785,-2.08434107273,0.318147181291,-0.0725125588532,1.80049203135,0.0168737886667,0.9127437813,1.13385972576,0.153731387263,0.633153501023,-0.335051074354,0.680605673123,-126.046313477,325.67370402,-1706.81912435,0.169006164372,25453950,4,30,0.192241327084,-0.431349810973,-0.347703565637,-0.8099894093,-41.1228866577,98.0559432983,-1788.15732829,0.398221704364,25453950,4,30,-0.678342050997,0.696067115259,0.208310790168,-0.109312614109,112.146160335,-175.352264035,149.37389015,0.432600981763,25453950,4
952,1787147156767,728,2249,2012,3239,2085,2678,2787,725,2255,2011,3252,2088,2678,2785,-2.00551508307,0.319684124196,-0.0725125588532,1.78959882114,0.0153398078789,0.98224203876,1.13385972576,0.202306274858,0.630768478579,-0.323017649404,0.675916337839,-122.750591024,333.18958842,-1727.38256022,0.161780883869,25454892,4,30,0.192089554325,-0.431142067374,-0.347591094693,-0.810184270243,-41.1409464518,98.0757316589,-1788.19337972,0.396722597877,25454892,4,30,-0.668428630271,0.705033099866,0.227894275469,-0.0647741733708,93.1391362941,-186.634440853,148.759209039,0.428441214231,25454892,4
953,1787147168695,772,2213,2012,3274,2084,2674,2845,770,2226,2011,3276,2088,2676,2840,-1.93730028433,0.275112779957,-0.0725125588532,1.82694697045,0.0153398078789,0.979153227317,1.2184761232,0.195534549908,0.630622635451,-0.327467026746,0.675904340749,-124.998207855,331.942780558,-1743.79933675,0.172276506325,25455609,4,30,0.191841963675,-0.431072481071,-0.347698692581,-0.810233791084,-41.1537295024,98.0830263774,-1788.22046305,0.405446106195,25455609,4,30,-0.668113011414,0.705605354411,0.224753197439,-0.0723331739008,80.8708876238,-193.618941324,140.232388318,0.440528931695,25455609,4
954,1787147179601,856,2186,2012,3276,2085,2697,2908,853,2196,2011,3276,2088,2699,2903,-1.81148187775,0.229004492813,-0.0725125588532,1.82694697045,0.0153398078789,1.01467455891,1.31540036027,0.202156879312,0.627857206882,-0.316051056513,0.681938159652,-131.529740906,339.709278361,-1771.02104085,0.16716739734,25456263,4,30,0.191644099391,-0.430849973523,-0.347686000184,-0.810404395817,-41.1901598612,98.1100079854,-1788.2234375,0.409290528297,25456263,4,30,-0.674529242454,0.700653931662,0.224722999063,-0.0599495021913,61.8074405308,-213.714549399,131.655996711,0.442112740472,25456263,4
955,1787147191195,914,2186,2012,3276,2085,2696,2973,912,2196,2011,3276,2088,2699,2969,-1.72204469718,0.229004492813,-0.0725125588532,1.82694697045,0.0153398078789,1.01467455891,1.41694003721,0.198195072635,0.629405010353,-0.319682035755,0.67997900125,-129.49667511,344.953133138,-1787.91191406,0.163357404868,25456959,4,30,0.191797677246,-0.430905738175,-0.347401066497,-0.810460606574,-41.2174158732,98.134210968,-1788.26397705,0.389988406499,25456959,4,30,-0.673239189673,0.701436939948,0.224640020687,-0.0653611036505,46.4566844102,-222.819158293,130.024347998,0.422819818515,25456959,4
956,1787147203166,993,2187,2010,3276,2087,2704,3024,991,2196,2011,3276,2088,2705,3017,-1.60228982827,0.229004492813,-0.0725125588532,1.82694697045,0.0153398078789,1.02394099324,1.49078707498,0.21820771141,0.624734531924,-0.308257472616,0.683424823868,-126.37851944,350.453202311,-1812.93203125,0.182324778537,25457679,4,30,0.191590727683,-0.430783975658,-0.347381259687,-0.810582765547,-41.259089152,98.157577769,-1788.25139567,0.396321104964,25457679,4,30,-0.674208565807,0.70097089989,0.228732578102,-0.0420001787495,23.9040249301,-234.621623747,126.050881039,0.4362484878,25457679,4
957,1787147214777,1058,2185,2010,3276,2087,2730,3084,1055,2196,2011,3276,2088,2727,3079,-1.50527322562,0.229004492813,-0.0725125588532,1.82694697045,0.0153398078789,1.0579179191,1.5861728321,0.231195993678,0.619969262808,-0.318773352792,0.67865313322,-123.538117727,347.763062541,-1833.42664388,0.166818779707,25458375,4,30,0.191520861171,-0.431061284739,-0.347280673795,-0.81049494887,-41.324596405,98.1974998474,-1788.22851156,0.390888888637,25458375,4,30,-0.66230700288,0.712443998825,0.22917901788,-0.0353547767292,5.27615900051,-239.179142837,117.687739862,0.424997210018,25458375,4
958,1787147226300,1101,2187,2010,3276,2087,2725,3131,1098,2196,2012,3276,2088,2726,3124,-1.4400901957,0.229004492813,-0.0710327107134,1.82694697045,0.0153398078789,1.05637351338,1.65540443001,0.228548679768,0.620037698879,-0.31996410293,0.678926892811,-122.27977651,348.269572957,-1846.28474528,0.175817347566,25459068,4,30,0.19138631716,-0.431012693595,-0.347342212734,-0.810526201191,-41.3559191386,98.2150822957,-1788.23162435,0.391571334004,25459068,4,30,-0.66265402442,0.712333371872,0.228078544708,-0.038091845329,-6.05885171304,-243.845921051,113.791655864,0.429231696545,25459068,4
959,1787147237603,1165,2186,2010,3276,2086,2716,3204,1162,2196,2011,3276,2088,2717,3198,-1.34307359305,0.229004492813,-0.0725125588532,1.82694697045,0.0153398078789,1.04247386189,1.76925194657,0.217814169606,0.623126205154,-0.320992680958,0.679142414182,-120.613009135,348.626441447,-1865.48811849,0.171766574184,25459746,4,30,0.191478705367,-0.430752198549,-0.347050339595,-0.810767852485,-41.3710554759,98.2424626668,-1788.26105143,0.401817075411,25459746,4,30,-0.665932425381,0.709086483555,0.226797825691,-0.0478864273906,-23.0609286726,-250.725819309,107.425327722,0.436990524038,25459746,4
960,1787147248859,1233,2186,2010,3276,2086,2715,3250,1231,2196,2011,3277,2088,2716,3245,-1.23847756831,0.229004492813,-0.0725125588532,1.82850314333,0.0153398078789,1.04092945617,1.84156050438,0.230054666731,0.619458482845,-0.309474605364,0.683792005643,-118.534715271,346.711912028,-1887.19130452,0.178022863468,25460424,4,30,0.191085733242,-0.430355833007,-0.347287577223,-0.810969443478,-41.398017629,98.2702786764,-1788.30121257,0.392076030374,25460424,4,30,-0.669685143082,0.705821963593,0.228846968851,-0.0310842354508,-41.9567347162,-256.772645461,98.7927454228,0.430599295762,25460424,4
961,1787147260573,1321,2188,2009,3276,2086,2708,3340,1319,2196,2011,3277,2088,2708,3334,-1.10507973965,0.229004492813,-0.0725125588532,1.82850314333,0.0153398078789,1.0285742104,1.97848522025,0.226536961329,0.62217940119,-0.306341588637,0.683906886175,-116.189099375,340.749452718,-1913.64714762,0.187720916669,25461126,4,30,0.190530944787,-0.42985116862,-0.347735391543,-0.811175708082,-41.456644694,98.3093533834,-1788.36357015,0.38671639959,25461126,4,30,-0.672525081806,0.70223709062,0.231126008701,-0.0339683823734,-64.7434924898,-261.805058389,85.5833390022,0.429870580834,25461126,4
962,1787147272559,1377,2188,2009,3275,2086,2679,3411,1372,2197,2011,3277,2088,2681,3405,-1.02473786557,0.230541435718,-0.0725125588532,1.82850314333,0.0153398078789,0.986875255924,2.08771729695,0.207891688856,0.635505943458,-0.300570745934,0.680125332731,-114.755350494,338.804597982,-1931.12524007,0.179743757844,25461846,4,30,0.190133418555,-0.429501452807,-0.347914667855,-0.811377328422,-41.4824082692,98.3388918559,-1788.40557048,0.387009865046,25461846,4,30,-0.680688872716,0.690622568006,0.238700320537,-0.0522042536254,-79.7400680945,-266.638467892,78.1475076714,0.426713550437,25461846,4
963,1787147284276,1373,2247,2009,3258,2095,2639,3411,1372,2251,2011,3272,2090,2641,3405,-1.02473786557,0.313536352577,-0.0725125588532,1.82072227889,0.0184077694546,0.925099027071,2.08771729695,0.208795457516,0.632919164285,-0.305562788662,0.680036153882,-98.3038370768,348.125979614,-1933.54747721,0.17513590157,25462551,4,30,0.189665504778,-0.429243437023,-0.347909286691,-0.811625650349,-41.533356603,98.4132324219,-1788.45657552,0.399929810564,25462551,4,30,-0.677701755403,0.694260502888,0.236479530474,-0.0529161272217,-90.7740383139,-264.044937865,93.1185162767,0.436596423939,25462551,4
964,1787147295875,1308,2271,2009,3200,2093,2647,3407,1312,2274,2011,3215,2090,2648,3404,-1.11569093057,0.348886039387,-0.0725125588532,1.73202042428,0.0184077694546,0.93590986712,2.086178817,0.168068415859,0.652646207718,-0.31831033864,0.66669668025,-103.293254598,370.115424601,-1920.4822998,0.178292612731,25463247,4,30,0.189635507403,-0.429469970851,-0.347737230292,-0.811586555543,-41.5619532267,98.4643959045,-1788.45038249,0.404208975037,25463247,4,30,-0.678813915269,0.686116880781,0.241433386728,-0.100822686524,-77.4128960316,-276.873812765,111.290599263,0.441784055003,25463247,4
965,1787147307233,1225,2271,2010,3177,2093,2641,3367,1228,2274,2011,3192,2090,2643,3373,-1.24302522156,0.348886039387,-0.0725125588532,1.69622844786,0.0184077694546,0.928187838513,2.03848593844,0.127964056232,0.66723140297,-0.326301593289,0.657232626564,-111.532834117,384.676589966,-1892.68244629,0.165624733766,25463931,4,30,0.190503415921,-0.430328237042,-0.347267752939,-0.81112956098,-41.5312520345,98.4589708964,-1788.40008952,0.387663254142,25463931,4,30,-0.682537714276,0.675084973695,0.24066157957,-0.143124250216,-50.5132994248,-280.616344846,128.056356655,0.421561799796,25463931,4
966,1787147318751,1152,2271,2011,3172,2093,2642,3277,1154,2274,2011,3187,2090,2644,3281,-1.35520066838,0.348886039387,-0.0725125588532,1.68844758342,0.0184077694546,0.929732244235,1.89694578271,0.131733080948,0.662603562638,-0.315836954758,0.666220633253,-115.979136149,391.806919352,-1865.54836833,0.166575623552,25464621,4,30,0.190729836238,-0.430674446523,-0.347189736338,-0.810925975452,-41.504695638,98.4396100362,-1788.33179932,0.401463336746,25464621,4,30,-0.690841261486,0.670537697341,0.235895080864,-0.132178132445,-25.7496121587,-277.401415489,141.275019563,0.434649570474,25464621,4
967,1787147330114,1115,2271,2011,3172,2093,2645,3241,1117,2274,2011,3187,2090,2648,3246,-1.41128839179,0.348886039387,-0.0725125588532,1.68844758342,0.0184077694546,0.93590986712,1.84309898434,0.131053411267,0.660040009784,-0.318719227701,0.667525462265,-117.50410436,391.925494385,-1851.54712321,0.162532260517,25465305,4,30,0.190966780142,-0.430708853291,-0.346998724229,-0.81093369517,-41.4860214233,98.4382540385,-1788.35345052,0.393959714969,25465305,4,30,-0.6899819521,0.672582224758,0.232350139532,-0.132557419165,-13.4230284246,-272.840957138,145.89237082,0.426170145279,25465305,4
968,1787147343175,1064,2272,2011,3172,2094,2646,3159,1066,2275,2011,3187,2090,2649,3163,-1.48859849703,0.350422982291,-0.0725125588532,1.68844758342,0.0184077694546,0.937454272841,1.71540514819,0.146930403259,0.651514745524,-0.305431541794,0.678713169343,-119.495792135,393.789361572,-1833.20259603,0.171608111759,25466088,4,30,0.190937640959,-0.430525550883,-0.34700443381,-0.811035443256,-41.4524084727,98.4277259827,-1788.36588542,0.407595264912,25466088,4,30,-0.696913537056,0.670888266296,0.228865312628,-0.108816932,2.94197068107,-268.050520052,153.23139247,0.442247944031,25466088,4
969,1787147354301,1005,2271,2011,3174,2093,2661,3095,1008,2275,2011,3187,2090,2663,3099,-1.57651979319,0.350422982291,-0.0725125588532,1.68844758342,0.0184077694546,0.95907595294,1.61694243117,0.155261960662,0.644758347793,-0.311996080796,0.680322601485,-121.48944397,389.10387675,-1811.55332031,0.155802526077,25466757,4,30,0.190683930147,-0.430645058721,-0.347310499489,-0.810900665388,-41.4257413228,98.4079915365,-1788.36433919,0.404528511564,25466757,4,30,-0.691370571248,0.67908886397,0.224288876807,-0.102662299728,22.3370595186,-257.389012799,157.17498169,0.433494802506,25466757,4
970,1787147365187,943,2273,2011,3176,2092,2661,3048,946,2276,2011,3187,2090,2664,3052,-1.67050462702,0.351959925196,-0.0725125588532,1.68844758342,0.0184077694546,0.960620358661,1.54463387335,0.147151979057,0.644179623155,-0.319750821674,0.679071660586,-123.888446554,384.193604533,-1788.4484375,0.161342003942,25467411,4,30,0.190778871388,-0.430799424545,-0.347368652178,-0.810771421257,-41.3764437358,98.3758537292,-1788.36201579,0.408545282483,25467411,4,30,-0.688939205903,0.681421884982,0.219853031751,-0.112657133232,42.9309905561,-246.291072029,161.23790696,0.439249917558,25467411,4
971,1787147377265,889,2282,2012,3177,2093,2654,2990,891,2286,2011,3187,2090,2658,2997,-1.75387826993,0.367329354244,-0.0725125588532,1.68844758342,0.0184077694546,0.951353924333,1.46001747591,0.149253496864,0.641181280845,-0.321519999134,0.680613582677,-122.802687836,380.145519002,-1768.52087402,0.164562961459,25468137,4,30,0.190775255214,-0.430580248496,-0.347456356859,-0.810851115607,-41.324529012,98.3451950073,-1788.35992432,0.419073965152,25468137,4,30,-0.687768236536,0.683775496114,0.217364807698,-0.110356078674,58.9540223675,-234.914665476,166.683004762,0.450226561358,25468137,4
972,1787147389196,838,2302,2011,3174,2093,2633,2940,840,2305,2011,3187,2090,2637,2945,-1.83118837517,0.396531269435,-0.0725125588532,1.68844758342,0.0184077694546,0.918921404185,1.38001651832,0.148832394588,0.638256030365,-0.32154135689,0.683439327105,-117.895633443,377.61979777,-1748.34147542,0.170845847329,25468854,4,30,0.191121744744,-0.430775297976,-0.347322369103,-0.810723314862,-41.2830954234,98.3119491577,-1788.35711263,0.407447148363,25468854,4,30,-0.688901515675,0.684152766195,0.213279539637,-0.108910661465,72.8678271594,-222.236190912,175.456438221,0.441816118151,25468854,4
973,1787147401239,797,2304,2011,3179,2093,2633,2890,800,2307,2011,3187,2090,2637,2895,-1.89182375183,0.399605155245,-0.0725125588532,1.68844758342,0.0184077694546,0.918921404185,1.30309252065,0.155039993786,0.634989789907,-0.31790791249,0.686793365006,-119.134797668,372.127527873,-1734.52916667,0.163915342589,25469577,4,30,0.191349207327,-0.431026712546,-0.347248880188,-0.810567498198,-41.2615033468,98.2935694377,-1788.30851644,0.403385754426,25469577,4,30,-0.690329994766,0.684505219998,0.211681836239,-0.100438550013,84.9880681066,-213.80692671,176.082740758,0.435417393325,25469577,4
974,1787147412808,730,2313,2011,3179,2093,2633,2791,733,2316,2011,3187,2090,2637,2795,-1.99338800774,0.413437641388,-0.0725125588532,1.68844758342,0.0184077694546,0.918921404185,1.14924452529,0.177998682625,0.626557270826,-0.307229298648,0.693795800946,-118.138936869,361.928951009,-1712.94582113,0.157075086733,25470270,4,30,0.191380916809,-0.431091511453,-0.347453919278,-0.810437676452,-41.209635671,98.2399564107,-1788.26870931,0.413171628118,25470270,4,30,-0.69156820274,0.686697095205,0.211744653322,-0.0731076068958,102.545267663,-197.623426555,177.631613448,0.442021919313,25470270,4
975,1787147425041,658,2315,2012,3186,2093,2656,2729,661,2317,2011,3189,2090,2658,2735,-2.10253168573,0.414974584293,-0.0725125588532,1.6915599292,0.0184077694546,0.951353924333,1.05693572808,0.186856479291,0.628955583154,-0.321687019724,0.682654372218,-117.975872294,341.455163574,-1693.38248698,0.167740173638,25471005,4,30,0.192102741294,-0.43151641127,-0.347318165865,-0.810098892267,-41.1553934733,98.1658747355,-1788.18911133,0.399486362934,25471005,4,30,-0.676798819252,0.699152291856,0.218041347701,-0.0747489247095,118.678884114,-175.941685646,170.408936878,0.433273724131,25471005,4
976,1787147437176,619,2312,2011,3276,2093,2576,2664,622,2318,2011,3276,2090,2578,2669,-2.16165117797,0.416511527197,-0.0725125588532,1.82694697045,0.0184077694546,0.827801466628,0.955396051146,0.204898324226,0.623193018648,-0.315830200751,0.685491373054,-100.845544942,319.183341471,-1690.2740804,0.167135334015,25471734,4,30,0.19212628848,-0.431463294923,-0.34753311917,-0.810029410262,-41.1145648956,98.1015973409,-1788.14654134,0.410844268401,25471734,4,30,-0.675025276509,0.702200574073,0.219569976386,-0.0551747706413,112.053060466,-148.982680253,165.143025284,0.443539437654,25471734,4
977,1787147448165,606,2351,2012,3276,2091,2549,2668,609,2354,2011,3276,2089,2551,2669,-2.18135767539,0.47184147177,-0.0725125588532,1.82694697045,0.0168737886667,0.786102512152,0.955396051146,0.202386472865,0.626617823326,-0.324256872991,0.679151897155,-88.2576792399,317.628279622,-1682.75529785,0.167249011993,25472394,4,30,0.192584829691,-0.431865370187,-0.347365032627,-0.809778315043,-41.0929261525,98.0721969604,-1788.12052409,0.386185580492,25472394,4,30,-0.668964953499,0.706570600977,0.22197436876,-0.0630179057022,111.25931486,-137.397662535,173.99559033,0.42084621252,25472394,4
978,1787147460010,677,2375,2012,3276,2082,2486,2795,675,2379,2011,3276,2087,2489,2790,-2.0813093039,0.510265044389,-0.0725125588532,1.82694697045,0.013805827091,0.69034935743,1.14155212552,0.153494968289,0.631759450393,-0.335412903116,0.681775238603,-79.9549008687,338.231713867,-1691.86829834,0.182321449618,25473105,4,30,0.192189156076,-0.431616142289,-0.347374634758,-0.81000104761,-41.1201318105,98.1022407532,-1788.15047607,0.401381429036,25473105,4,30,-0.678902231206,0.69618444909,0.206318154022,-0.108865938795,98.9177807075,-149.965163374,190.174349819,0.440849364938,25473105,4
979,1787147475027,771,2403,2012,3266,2083,2497,2863,769,2407,2011,3276,2087,2498,2859,-1.93881616874,0.553299445723,-0.0725125588532,1.82694697045,0.013805827091,0.704249008922,1.24770724232,0.184403142335,0.633241488639,-0.336170896796,0.672301886291,-64.6430010478,354.557838949,-1722.46114502,0.191077517966,25474008,4,30,0.191391489301,-0.431111203578,-0.347351652653,-0.810468541877,-41.1984634399,98.1983441671,-1788.26834717,0.412280444304,25474008,4,30,-0.665814321187,0.706676400066,0.223097918234,-0.0867587123696,64.9952996774,-163.819724647,198.844496024,0.454407067097,25474008,4
980,1787147485979,854,2403,2011,3273,2085,2470,2958,851,2407,2011,3276,2087,2472,2952,-1.81451364659,0.553299445723,-0.0725125588532,1.82694697045,0.013805827091,0.664094460168,1.390785878,0.164336507542,0.636069763874,-0.330754693678,0.677502841606,-62.6470884959,371.351267497,-1747.08548991,0.183378380537,25474665,4,30,0.191096016033,-0.4309385329,-0.347215561703,-0.81068837862,-41.2629862467,98.2621309916,-1788.29084066,0.411245297392,25474665,4,30,-0.677103422406,0.6957478473,0.217546573495,-0.100694472061,43.2490310365,-183.911733161,202.58043577,0.450278053069,25474665,4
981,1787147498071,919,2403,2012,3273,2082,2469,3036,917,2407,2011,3276,2087,2471,3030,-1.7144652751,0.553299445723,-0.0725125588532,1.82694697045,0.013805827091,0.662550054446,1.51078731437,0.156540820867,0.640054167509,-0.336488280333,0.672756472474,-59.8767229716,378.079829915,-1769.42596029,0.188069176674,25475391,4,30,0.191032879646,-0.430926114694,-0.347021035389,-0.810793144745,-41.3017612457,98.3007769267,-1788.32009277,0.408296195666,25475391,4,30,-0.674609436334,0.696011957099,0.219085831042,-0.111673016529,23.0362170497,-195.762860007,200.311186115,0.449528418023,25475391,4
982,1787147509184,1010,2401,2012,3265,2083,2488,3119,1008,2407,2011,3275,2086,2488,3114,-1.57651979319,0.553299445723,-0.0725125588532,1.82539079756,0.0122718463031,0.688804951709,1.64001963047,0.169050169594,0.639152861698,-0.340943398853,0.668328705295,-55.4279267629,381.854252116,-1803.24983724,0.195616887013,25476060,4,30,0.190711191016,-0.431049216654,-0.346990706495,-0.810816418216,-41.3917116801,98.363465627,-1788.30985921,0.401468523343,25476060,4,30,-0.666854277348,0.703108901768,0.223790185247,-0.104217071652,-7.49104495631,-209.093184142,192.382870579,0.446590351128,25476060,4
983,1787147520676,1114,2402,2010,3265,2085,2483,3222,1111,2407,2011,3276,2086,2484,3218,-1.42038369829,0.553299445723,-0.0725125588532,1.82694697045,0.0122718463031,0.682627328823,1.80002154564,0.168629660855,0.641308467643,-0.338008175716,0.667860733955,-51.2420389811,384.958669027,-1841.76427002,0.209266885618,25476750,4,30,0.190641286269,-0.430948134012,-0.346690348783,-0.81101504784,-41.4901021322,98.4710169474,-1788.36646322,0.399946713448,25476750,4,30,-0.668683844777,0.700601096442,0.226321443036,-0.103916427095,-41.9469498312,-223.978496356,181.922201525,0.45138675547,25476750,4
984,1787147533191,1154,2399,2010,3262,2086,2504,3225,1152,2407,2011,3274,2086,2503,3220,-1.35823243721,0.553299445723,-0.0725125588532,1.82383462467,0.0122718463031,0.711971037529,1.80309850554,0.197742161559,0.631242328355,-0.330412209006,0.673245076161,-49.3416097005,382.517283122,-1857.45542806,0.193588760495,25477503,4,30,0.190550969736,-0.431049903737,-0.346735060772,-0.810963073174,-41.5290058136,98.4984448751,-1788.33616943,0.387116695444,25477503,4,30,-0.665828382823,0.706910350338,0.227315766817,-0.0726489048035,-55.9946808765,-227.367739634,175.139132859,0.432823224979,25477503,4
985,1787147546846,1173,2400,2010,3261,2085,2506,3225,1170,2407,2011,3274,2086,2504,3219,-1.33094651771,0.553299445723,-0.0725125588532,1.82383462467,0.0122718463031,0.71351544325,1.80156002559,0.208100805878,0.628668584762,-0.321119622704,0.677017025665,-48.7188323975,383.121117147,-1864.67096761,0.205013978978,25478322,4,30,0.190404053934,-0.430931658653,-0.34681802943,-0.811024941835,-41.537543869,98.5158976237,-1788.33918864,0.390453282992,25478322,4,30,-0.668997578012,0.704616006621,0.22914846604,-0.0587324811177,-62.2707359131,-230.282192807,173.120505691,0.441003965714,25478322,4
986,1787147558048,1224,2401,2010,3255,2086,2511,3285,1221,2407,2011,3267,2086,2509,3281,-1.25363641247,0.553299445723,-0.0725125588532,1.81294141445,0.0122718463031,0.721237471856,1.89694578271,0.202675425328,0.630700524106,-0.324598037358,0.675111572263,-48.0440394084,381.451745605,-1883.64627279,0.193289208909,25478994,4,30,0.190118454225,-0.430464940707,-0.346900286419,-0.811304566404,-41.5513389587,98.5378583272,-1788.4157959,0.383432915807,25478994,4,30,-0.668080074419,0.704696741406,0.229674438305,-0.0657356007476,-78.2417565887,-236.32890461,164.85794756,0.429396692121,25478994,4
987,1787147569137,1264,2402,2010,3247,2085,2516,3336,1262,2407,2011,3258,2086,2513,3331,-1.19148515139,0.553299445723,-0.0725125588532,1.79893585846,0.0122718463031,0.727415094742,1.97386978039,0.195803988822,0.634503816792,-0.3273246624,0.672253129277,-47.9374375661,379.957860311,-1898.67527669,0.201543715099,25479660,4,30,0.190001000726,-0.430231629825,-0.347064274477,-0.811385699777,-41.5785338084,98.5548512777,-1788.44281413,0.373717745145,25479660,4,30,-0.667634536657,0.703699024225,0.231367319838,-0.074437706021,-90.6804195134,-241.214908078,158.024411377,0.424599602134,25479660,4
988,1787147580055,1307,2402,2010,3244,2086,2550,3339,1304,2407,2011,3256,2086,2547,3333,-1.1278180059,0.553299445723,-0.0725125588532,1.79582351269,0.0122718463031,0.779924889267,1.97694674029,0.23003873964,0.61591053208,-0.324409947612,0.680069541024,-46.9493596395,371.875710042,-1913.39580892,0.191314239303,25480317,4,30,0.18947032966,-0.429614039641,-0.34722756834,-0.811767076757,-41.6133964539,98.579292806,-1788.49967855,0.395551459988,25480317,4,30,-0.660432281964,0.715008851641,0.226218201885,-0.0376413091137,-103.096478966,-241.082157738,146.863735497,0.439388319893,25480317,4
989,1787148222679,1364,2403,2010,3235,2087,2573,3394,1361,2407,2011,3246,2087,2569,3389,-1.04141259416,0.553299445723,-0.0725125588532,1.78026178381,0.013805827091,0.813901815136,2.06310161769,0.235557779245,0.608454426265,-0.331914584733,0.681269735301,-47.0085227966,363.159823608,-1933.16249186,0.178612537185,25518915,4,30,0.189108092105,-0.429575814863,-0.347649553457,-0.811691158487,-41.6357185364,98.6218795776,-1788.53667806,0.390615446369,25518915,4,30,-0.654422087277,0.722508833712,0.220343899365,-0.0340776012133,-119.066475326,-243.051648148,132.94693551,0.429514685874,25518915,4
990,1787148235987,1414,2403,2010,3228,2086,2583,3443,1412,2406,2011,3240,2086,2579,3437,-0.964102488914,0.551762502819,-0.0725125588532,1.77092474648,0.0122718463031,0.829345872349,2.13694865546,0.236454364637,0.605233107974,-0.333428337714,0.68308693595,-46.7588208516,355.474133301,-1950.15350749,0.179683196545,25519716,4,30,0.189220399351,-0.429463117628,-0.347713455766,-0.811697248822,-41.6445121765,98.6272432963,-1788.53543701,0.388376964132,25519716,4,30,-0.653705575198,0.724232262495,0.217032324556,-0.0324595288785,-133.271930861,-244.407240767,120.91556917,0.427928402176,25519716,4
991,1787148248121,1486,2403,2009,3239,2088,2589,3511,1484,2406,2011,3241,2086,2585,3505,-0.854958810923,0.551762502819,-0.0725125588532,1.77248091937,0.0122718463031,0.838612306677,2.2415652923,0.239164409084,0.599708409858,-0.334676593072,0.686397688387,-45.3542069753,340.516896566,-1971.60868734,0.178171427548,25520445,4,30,0.189281812317,-0.429222412605,-0.34773544586,-0.8118008227,-41.6577629089,98.643250529,-1788.56545003,0.390588749448,25520445,4,30,-0.652978111567,0.726544159158,0.212044259037,-0.0281141035256,-151.716626729,-241.887788305,102.438831075,0.429307149708,25520445,4
992,1787148261026,1383,2398,2009,3276,2099,2569,3413,1386,2407,2011,3275,2093,2565,3417,-1.00351548374,0.553299445723,-0.0725125588532,1.82539079756,0.0230097118183,0.80772419225,2.10617905639,0.236129267776,0.59447542109,-0.349167815988,0.684780095284,-43.3276398977,349.216610718,-1933.27513021,0.170821628471,25521219,4,30,0.188935475974,-0.429452529757,-0.347842725691,-0.811713834296,-41.6577294668,98.6444310506,-1788.52202148,0.388960942626,25521219,4,30,-0.645075769823,0.735343929605,0.204629039811,-0.0356863061384,-121.005638955,-231.309916738,124.884050498,0.424818365472,25521219,4
993,1787148273548,1279,2399,2009,3276,2098,2573,3321,1282,2407,2011,3275,2094,2568,3323,-1.16116746306,0.553299445723,-0.0725125588532,1.82539079756,0.0245436926062,0.812357409414,1.96156194076,0.234652408445,0.598752431958,-0.356491070342,0.677752085354,-45.7710540771,360.807515462,-1898.96248372,0.176517520845,25521972,4,30,0.189781727269,-0.429752531258,-0.347210452573,-0.811628338278,-41.5959683736,98.6406196594,-1788.5199707,0.3902815938,25521972,4,30,-0.639088006777,0.739135600559,0.208517044992,-0.0420205369718,-91.7934854458,-226.834451825,145.143200919,0.428343504239,25521972,4
994,1787148285683,1215,2396,2009,3276,2099,2675,3288,1217,2406,2011,3275,2094,2670,3293,-1.25969995014,0.551762502819,-0.0725125588532,1.82539079756,0.0245436926062,0.969886792989,1.91540754215,0.257573549239,0.570283254403,-0.425899961712,0.653484582139,-51.1654454549,342.166871134,-1873.01140544,0.202209447821,25522701,4,30,0.190250397499,-0.430318889842,-0.347037712402,-0.811292342789,-41.5730833689,98.6187131246,-1788.43589274,0.377761174242,25522701,4,30,-0.578763875998,0.791648551805,0.189819775896,-0.0478894450221,-67.3168849616,-206.85639218,138.70690697,0.428476563598,25522701,4
995,1787148296718,1140,2397,2009,3276,2098,2742,3247,1142,2406,2011,3275,2093,2735,3252,-1.37339128138,0.551762502819,-0.0725125588532,1.82539079756,0.0230097118183,1.07027316487,1.85232986406,0.270222171291,0.559651019383,-0.472904130326,0.624605794215,-56.4653816223,329.121454875,-1848.87456868,0.220970559617,25523364,4,30,0.19067857526,-0.43072503703,-0.346712350075,-0.811115386192,-41.5478631337,98.6098253886,-1788.4089152,0.395893172423,25523364,4,30,-0.532195795029,0.823243272838,0.188424877123,-0.0594492654343,-44.4014680988,-191.476755936,135.570647651,0.453386581394,25523364,4
996,1787148307837,1013,2398,2008,3275,2097,2807,3197,1016,2406,2011,3275,2093,2798,3201,-1.56439271786,0.551762502819,-0.0725125588532,1.82539079756,0.0230097118183,1.16757072532,1.77386738643,0.265942215471,0.565618008081,-0.530824163572,0.572343178812,-63.7298674266,310.152302043,-1813.69720459,0.192580672105,25524030,4,30,0.190613896613,-0.430787691116,-0.346859493821,-0.811034400717,-41.4691989899,98.5658871969,-1788.39064128,0.397764675816,25524030,4,30,-0.473037600139,0.851418608171,0.203239385702,-0.100077642929,-10.8373766438,-168.915868512,131.357341194,0.441932180991,25524030,4
997,1787148321340,896,2397,2008,3275,2098,2766,3027,899,2406,2011,3275,2093,2761,3030,-1.74175119459,0.551762502819,-0.0725125588532,1.82539079756,0.0230097118183,1.11042771363,1.51078731437,0.287998713379,0.600879866447,-0.478001626559,0.572288888759,-60.7561747233,313.597960409,-1781.71999105,0.169498450557,25524843,4,30,0.190497371469,-0.430860373856,-0.347162352319,-0.810893575531,-41.3832303365,98.5094810486,-1788.41305745,0.414021559556,25524843,4,30,-0.502153540169,0.824838873341,0.249597276188,-0.0719989919495,14.2306759649,-156.743122841,148.027846601,0.447374090129,25524843,4
998,1787148332734,811,2399,2008,3276,2099,2693,2925,814,2406,2011,3275,2093,2690,2930,-1.87060137,0.551762502819,-0.0725125588532,1.82539079756,0.0230097118183,1.00077490742,1.35693931902,0.265281057311,0.625356788902,-0.431992690568,0.593242920313,-59.5223359426,320.361015828,-1753.31576742,0.164680317044,25525527,4,30,0.190926175749,-0.430606426292,-0.346950449675,-0.81101830221,-41.3042977651,98.4583318075,-1788.40621745,0.410137470563,25525527,4,30,-0.549884362038,0.789808584676,0.261282257135,-0.0745732530118,36.8752113202,-149.409412276,164.684802237,0.441964197172,25525527,4
999,1787148343802,752,2399,2009,3275,2099,2559,2869,755,2407,2011,3275,2093,2559,2874,-1.96003855057,0.553299445723,-0.0725125588532,1.82539079756,0.0230097118183,0.798457757922,1.27078444162,0.199201714992,0.63535189449,-0.377966095008,0.64326377011,-62.5782176971,337.385123698,-1722.53191325,0.164283601443,25526190,4,30,0.191011222303,-0.431100747762,-0.347236307996,-0.810613227528,-41.2675125122,98.4001790365,-1788.32430013,0.407492705186,25526190,4,30,-0.626045483203,0.736984203019,0.23468745977,-0.0992125681975,64.0872252978,-150.692908336,187.299394107,0.439362500087,25526190,4
1000,1787148354818,746,2400,2010,3274,2096,2493,2865,749,2407,2011,3276,2094,2495,2872,-1.96913385707,0.553299445723,-0.0725125588532,1.82694697045,0.0245436926062,0.699615791758,1.26770748171,0.164428816536,0.633866338801,-0.354267079832,0.667586297773,-65.8279980977,348.231713867,-1713.48988037,0.175715593497,25526853,4,30,0.191118513215,-0.431187141823,-0.347164899469,-0.810572572451,-41.2560118357,98.3917549133,-1788.34042969,0.401878739397,25526853,4,30,-0.660027671543,0.710964891872,0.215316957159,-0.111941963904,73.2848720223,-156.545325779,196.848370177,0.438614284967,25526853,4
1001,1787148366473,747,2403,2010,3273,2089,2405,2866,749,2407,2011,3276,2092,2410,2872,-1.96913385707,0.553299445723,-0.0725125588532,1.82694697045,0.0214757310304,0.568341305446,1.26770748171,0.119062573251,0.629077653254,-0.320334127312,0.698191561612,-71.8296226501,364.293640137,-1704.76551921,0.201630266011,25527552,4,30,0.191107728634,-0.431224655158,-0.347154805208,-0.810559482124,-41.2559169769,98.3914375305,-1788.33311361,0.40627207756,25527552,4,30,-0.703240275188,0.673594738451,0.188942258397,-0.126586202556,83.7108387429,-167.757797764,208.499622133,0.453554588971,25527552,4
1002,1787148377613,783,2405,2012,3271,2082,2377,2898,781,2410,2011,3276,2088,2382,2891,-1.92062555574,0.557910274438,-0.0725125588532,1.82694697045,0.0153398078789,0.525097945249,1.29693860083,0.113453448334,0.629422718669,-0.301587084532,0.707107196066,-71.07472229,376.472569784,-1714.46111247,0.171453352769,25528221,4,30,0.191036178048,-0.43113897918,-0.347101718923,-0.810644654599,-41.2744425456,98.3997622172,-1788.3490153,0.410566882292,25528221,4,30,-0.718226228517,0.659074795639,0.187142530647,-0.121446167694,75.0937541232,-179.511919704,214.028885765,0.444928552704,25528221,4
1003,1787148389067,889,2404,2012,3271,2084,2351,3020,886,2410,2011,3276,2088,2356,3015,-1.76145769201,0.557910274438,-0.0725125588532,1.82694697045,0.0153398078789,0.484943396495,1.48771011507,0.0888189959415,0.644994693393,-0.292331317737,0.700453733036,-67.6991785685,396.814013672,-1750.62659505,0.162697098653,25528911,4,30,0.190722046477,-0.431021047116,-0.346932001713,-0.810853959797,-41.3579957326,98.4589347839,-1788.36411947,0.403398984671,25528911,4,30,-0.72761314132,0.641345386794,0.196146324601,-0.144159046758,42.9589261604,-205.826222704,216.619086118,0.43497251263,25528911,4
1004,1787148400290,938,2403,2011,3271,2085,2363,3034,936,2410,2011,3276,2088,2365,3029,-1.68566347118,0.557910274438,-0.0725125588532,1.82694697045,0.0153398078789,0.498843047986,1.50924883442,0.112065033295,0.643867177355,-0.279889316521,0.703234282964,-64.3920773824,402.613690186,-1770.98193359,0.154128025472,25529583,4,30,0.190337462913,-0.430941111089,-0.347100595104,-0.810914660038,-41.3907123566,98.4826108297,-1788.37375081,0.402674390872,25529583,4,30,-0.729251903853,0.641904863021,0.204693187321,-0.119375485842,24.3450702439,-215.856111803,214.803882836,0.431163673447,25529583,4
1005,1787148412573,963,2404,2012,3271,2085,2361,3033,962,2410,2011,3276,2088,2365,3029,-1.64625047635,0.557910274438,-0.0725125588532,1.82694697045,0.0153398078789,0.498843047986,1.50924883442,0.125956837202,0.64184856515,-0.267547892794,0.707519200897,-63.1019462585,406.558004761,-1781.86880697,0.155046675106,25530321,4,30,0.190260022465,-0.43079171001,-0.346988879126,-0.8110600127,-41.4189281464,98.5173149109,-1788.39916992,0.405522322655,25530321,4,30,-0.733542878905,0.638877975517,0.208586252649,-0.101200555399,14.513788198,-222.131337498,214.123525964,0.434151846285,25530321,4
1006,1787148424559,1038,2403,2010,3271,2084,2392,3103,1035,2410,2011,3276,2087,2395,3099,-1.53559091395,0.557910274438,-0.0725125588532,1.82694697045,0.013805827091,0.545175219626,1.61694243117,0.144952917321,0.645311853933,-0.278277803643,0.696507521089,-57.0917140961,405.113116455,-1812.06635742,0.153249790271,25531041,4,30,0.190444300754,-0.431030285301,-0.346821315662,-0.810961673857,-41.4636339823,98.534311676,-1788.37940674,0.392876245578,25531041,4,30,-0.718871726705,0.652611350371,0.22038368546,-0.0935569190061,-14.0377834426,-229.521820978,204.740192418,0.421707532014,25531041,4
1007,1787148437298,1089,2403,2010,3271,2086,2409,3143,1087,2410,2011,3275,2088,2412,3137,-1.45676492429,0.557910274438,-0.0725125588532,1.82539079756,0.0153398078789,0.571430116888,1.6754046694,0.162320140633,0.643964677921,-0.279080329949,0.693596305477,-53.6141407013,403.394093831,-1832.8835083,0.162024067342,25531806,4,30,0.190575929326,-0.430992267274,-0.346593102988,-0.811048519925,-41.5009310404,98.5598910014,-1788.3744873,0.397974661986,25531806,4,30,-0.712422424374,0.659426276665,0.226425002625,-0.0796429097844,-33.4260224322,-234.529206198,197.307948339,0.42969248304,25531806,4
1008,1787148449058,1130,2403,2009,3271,2087,2433,3167,1128,2410,2011,3276,2088,2435,3161,-1.39461366321,0.557910274438,-0.0725125588532,1.82694697045,0.0153398078789,0.606951448479,1.71232818829,0.184886695929,0.639150227133,-0.281604865061,0.691377318689,-50.6104222616,399.038451131,-1849.6516154,0.204318597913,25532514,4,30,0.19046616623,-0.430977679426,-0.346639702477,-0.811062140668,-41.5394104004,98.5874262492,-1788.38914388,0.39989931186,25532514,4,30,-0.703379362998,0.669476405304,0.23087522924,-0.0612816691408,-48.9310406258,-236.350707186,189.341724143,0.449071875182,25532514,4
1009,1787148460446,1162,2403,2010,3270,2087,2444,3178,1160,2410,2011,3276,2087,2445,3173,-1.34610536188,0.557910274438,-0.0725125588532,1.82694697045,0.013805827091,0.622395505692,1.73078994773,0.201447043466,0.634149387087,-0.276774100137,0.693303498498,-48.8591169993,397.0596934,-1862.42690837,0.205857331554,25533198,4,30,0.190301761518,-0.430839326502,-0.346754265076,-0.811125264034,-41.555683136,98.589050293,-1788.35335693,0.385799616575,25533198,4,30,-0.7012641512,0.672375464108,0.232854199394,-0.0438035082135,-60.447749096,-239.03563349,183.937466319,0.437285473237,25533198,4
1010,1787148473448,1217,2403,2009,3267,2086,2463,3253,1215,2410,2011,3275,2088,2464,3247,-1.26273171897,0.557910274438,-0.0725125588532,1.82539079756,0.0153398078789,0.651739214397,1.84463746429,0.200960886487,0.634770138168,-0.294967368226,0.685329005277,-46.2865289052,389.234605916,-1881.87869059,0.213459408283,25533978,4,30,0.190213483356,-0.430427241483,-0.346682912895,-0.811395204845,-41.5685797373,98.6178731283,-1788.44917399,0.379826269547,25533978,4,30,-0.688809411508,0.684167843133,0.233628107957,-0.0536084341567,-77.9275924223,-239.857631231,172.061111447,0.435698191438,25533978,4
1011,1787148486868,1271,2403,2010,3258,2088,2471,3308,1269,2410,2011,3270,2088,2469,3303,-1.18087396048,0.557910274438,-0.0725125588532,1.81760993312,0.0153398078789,0.659461243004,1.93079234169,0.200934609326,0.637819654752,-0.294430471476,0.68273132948,-45.2557640076,386.334945679,-1902.4777832,0.222738454739,25534785,4,30,0.189860621593,-0.430122646279,-0.347006632563,-0.811500986126,-41.59016126,98.6281593323,-1788.48808187,0.387685831388,25534785,4,30,-0.688058928626,0.683366279544,0.237757962486,-0.055286435903,-95.3215591307,-245.481532561,162.588133332,0.447116006288,25534785,4
1012,1787148498330,1314,2403,2010,3254,2086,2492,3373,1311,2410,2011,3267,2088,2490,3368,-1.11720681498,0.557910274438,-0.0725125588532,1.81294141445,0.0153398078789,0.691893763151,2.03079353867,0.196667679054,0.636332009867,-0.315001895734,0.676148802349,-44.0656425476,377.10834554,-1916.40354004,0.202548530201,25535472,4,30,0.18919633643,-0.429812713981,-0.34742606718,-0.811640871953,-41.6423456828,98.6523445129,-1788.48643799,0.388367259502,25535472,4,30,-0.675644917503,0.695502086455,0.234585989182,-0.0689217445252,-107.067127731,-244.104454761,151.182165608,0.438012597239,25535472,4
1013,1787148510160,1369,2405,2010,3252,2086,2487,3465,1366,2410,2011,3264,2088,2488,3460,-1.03383317207,0.557910274438,-0.0725125588532,1.80827289579,0.0153398078789,0.688804951709,2.17233369439,0.177667835774,0.643589715808,-0.329332263732,0.667657605291,-42.6984127045,368.556685384,-1935.56175944,0.191972030699,25536183,4,30,0.189190699692,-0.429621397443,-0.347513016964,-0.811706250468,-41.6452246348,98.6594896952,-1788.52493896,0.387058979273,25536183,4,30,-0.670381413757,0.6974318582,0.235001085881,-0.0946152888907,-123.600431973,-245.075223017,138.298591101,0.432050823407,25536183,4
1014,1787148523708,1405,2405,2011,3252,2086,2595,3465,1402,2410,2011,3264,2088,2590,3460,-0.979261333079,0.557910274438,-0.0725125588532,1.80827289579,0.0153398078789,0.846334335283,2.17233369439,0.229395370734,0.593097538114,-0.368520834829,0.678089572597,-44.165272522,344.45123291,-1939.23044027,0.183242983619,25536996,4,30,0.18910490177,-0.42943195583,-0.347691944242,-0.811749865013,-41.6532538096,98.6668647766,-1788.56179606,0.389277221759,25536996,4,30,-0.633622640207,0.745580374192,0.200323341296,-0.0500281357718,-125.513252279,-230.879508037,118.568049973,0.430249632686,25536996,4
1015,1787148534650,1423,2405,2011,3257,2087,2693,3461,1421,2409,2011,3264,2088,2687,3460,-0.950459529165,0.556373331533,-0.0725125588532,1.80827289579,0.0153398078789,0.996141690251,2.17233369439,0.267607552414,0.543155755805,-0.408244050806,0.68315797427,-49.1984931946,324.300242106,-1936.66745199,0.194594608744,25537653,4,30,0.189383659404,-0.429363520076,-0.347519905656,-0.811794747674,-41.6376485189,98.6742533366,-1788.56274007,0.396934865912,25537653,4,30,-0.595241891025,0.786587116344,0.163292076227,-0.017421177112,-120.552834397,-219.003701063,101.998293669,0.442068263426,25537653,4
1016,1787148546855,1421,2402,2009,3275,2093,2761,3429,1421,2409,2011,3274,2089,2752,3433,-0.950459529165,0.556373331533,-0.0725125588532,1.82383462467,0.0168737886667,1.09652806214,2.13079473565,0.30585555907,0.499718031247,-0.433110817573,0.684944732028,-53.5522745768,309.69578654,-1928.59451497,0.194720636308,25538388,4,30,0.189354145239,-0.429389673443,-0.347614467927,-0.811747311489,-41.6372510274,98.6635261536,-1788.5401652,0.388752996922,25538388,4,30,-0.562105202635,0.815628139622,0.135845062329,0.0182920219803,-111.280358375,-208.383397598,92.1132186265,0.434793075865,25538388,4
1017,1787148558239,1396,2401,2007,3276,2096,2785,3410,1399,2409,2010,3275,2090,2775,3413,-0.983808986329,0.556373331533,-0.0739924069931,1.82539079756,0.0184077694546,1.13204939373,2.10002513658,0.312757482033,0.490912428106,-0.446627756926,0.679493482019,-55.8326705933,308.171317546,-1920.62590739,0.199565486113,25539072,4,30,0.189170380215,-0.429358553214,-0.347557115433,-0.811831171823,-41.6421381632,98.6723360697,-1788.54327393,0.392981101076,25539072,4,30,-0.548018332979,0.82590032051,0.131004019107,0.0200627585012,-103.326239296,-205.565771257,92.7546142954,0.440749962054,25539072,4
1018,1787148570480,1274,2402,1982,3276,2099,2749,3305,1277,2409,1984,3275,2092,2745,3308,-1.16874688515,0.556373331533,-0.11246845863,1.82539079756,0.0214757310304,1.08571722209,1.93848474146,0.304797610451,0.514597760976,-0.438737488726,0.670669051804,-54.8693561554,326.813989258,-1886.42906901,0.204261316856,25539807,4,30,0.189846804546,-0.430025267779,-0.347245568128,-0.811453618693,-41.5966362,98.6584101359,-1788.48047689,0.384518947204,25539807,4,30,-0.555292368085,0.817667393404,0.151714285859,0.00729350242055,-76.0217422082,-203.946625001,120.214512187,0.435404991155,25539807,4
1019,1787148581961,1223,2402,1906,3276,2098,2723,3303,1226,2409,1908,3275,2092,2719,3306,-1.24605699039,0.556373331533,-0.224936917259,1.82539079756,0.0214757310304,1.04556267333,1.93540778155,0.267513470028,0.498932961095,-0.433978971526,0.700831431915,-59.5601254781,336.977722168,-1864.79801025,0.21848432074,25540497,4,30,0.190214274103,-0.43024199669,-0.347022778255,-0.811347980576,-41.5813129425,98.6552279154,-1788.46309408,0.375184450547,25540497,4,30,-0.581794611487,0.805312133258,0.113565408361,-0.00950242577796,-55.7448534503,-205.085767462,133.342445206,0.434164450803,25540497,4
1020,1787148593667,1178,2406,1873,3277,2097,2679,3304,1180,2410,1875,3275,2092,2675,3306,-1.31578767355,0.557910274438,-0.273771905874,1.82539079756,0.0214757310304,0.977608821596,1.93540778155,0.230326292413,0.5080076176,-0.427837638638,0.711219385596,-60.5956254323,346.367732747,-1848.7154012,0.200679717958,25541199,4,30,0.190600175865,-0.430588075172,-0.346702255564,-0.811210840945,-41.5720645905,98.6515810649,-1788.45217285,0.380698207021,25541199,4,30,-0.60345839195,0.789649991982,0.104167416341,-0.0379474468398,-42.118170873,-205.734597699,145.794990844,0.430352732103,25541199,4
1021,1787148604494,1168,2411,1874,3276,2094,2638,3309,1170,2415,1876,3275,2091,2635,3305,-1.33094651771,0.565594988962,-0.272292057735,1.82539079756,0.0199417502425,0.915832592743,1.9338693016,0.21454064157,0.523620778039,-0.412880121639,0.713669110356,-57.2608309428,353.909291585,-1846.4177124,0.1964563936,25541850,4,30,0.190687919798,-0.430665450336,-0.346590175743,-0.811197039694,-41.5739145915,98.6540018717,-1788.41302897,0.375028760235,25541850,4,30,-0.620421145248,0.774521233747,0.11303342341,-0.0491722095908,-42.235917936,-207.992651666,154.016459057,0.423369443382,25541850,4
1022,1787148616065,1172,2428,1875,3276,2086,2560,3311,1170,2432,1875,3275,2089,2558,3306,-1.33094651771,0.591723018343,-0.273771905874,1.82539079756,0.0168737886667,0.796913352201,1.93540778155,0.197765827237,0.546622339005,-0.375665853173,0.721781035244,-48.4019669851,368.581829834,-1849.41221924,0.220241458217,25542543,4,30,0.190597679498,-0.430678888987,-0.346650978813,-0.811185131791,-41.5778996785,98.6584060669,-1788.43529867,0.380636570851,25542543,4,30,-0.652998102393,0.744299173101,0.12951073746,-0.0532840320775,-49.7358268125,-213.870607309,168.550046858,0.439761866226,25542543,4
1023,1787148629558,1203,2502,1875,3275,2082,2475,3386,1201,2505,1875,3275,2086,2471,3379,-1.2839541008,0.703919850392,-0.273771905874,1.82539079756,0.0122718463031,0.662550054446,2.04771681816,0.176529727271,0.557837375776,-0.377536553347,0.717719212829,-19.3571448644,373.161001587,-1860.33255615,0.266364701589,25543356,4,30,0.190054857025,-0.430521062685,-0.346973546942,-0.811258358125,-41.6153083801,98.6806503296,-1788.46214193,0.381793430448,25543356,4,30,-0.657870920927,0.73732873386,0.1330554853,-0.0764750119547,-74.7187835939,-203.747846304,184.13083396,0.465528063371,25543356,4
1027,1787148720676,1375,2596,1874,3251,2090,2306,3575,1371,2600,1875,3258,2085,2304,3570,-1.02625374999,0.849929426347,-0.273771905874,1.79893585846,0.0107378655152,0.404634298986,2.34156648928,0.139656544064,0.612046946585,-0.317574186638,0.71066252248,23.8541362762,378.043242391,-1932.86473389,0.179661846161,25548828,4,30,0.188833618944,-0.429300306856,-0.34738409463,-0.812014409779,-41.7577877045,98.7775886536,-1788.58792725,0.388862584035,25548828,4,30,-0.703128078795,0.680277309791,0.180449080289,-0.101349968016,-158.613836457,-210.260806739,183.690149148,0.428360231847,25548828,4
1028,1787148731483,1362,2609,1873,3275,2096,2299,3511,1364,2612,1875,3273,2087,2297,3516,-1.03686494091,0.868372741205,-0.273771905874,1.82227845178,0.013805827091,0.393823458937,2.25848857179,0.168778111698,0.590632556405,-0.310584616453,0.725399426764,28.7599786123,375.519570923,-1926.28864339,0.441126712163,25549476,4,30,0.188917739338,-0.429672212827,-0.347466725635,-0.81176274358,-41.7408500671,98.7706354777,-1788.58233236,0.388943404953,25549476,4,30,-0.702827627316,0.688273416026,0.167739361771,-0.0646261370192,-155.824488736,-202.82156385,187.364644907,0.588106919225,25549476,4
1029,1787148743106,1314,2616,1872,3275,2097,2289,3465,1318,2620,1875,3273,2088,2289,3470,-1.10659562407,0.880668284443,-0.273771905874,1.82227845178,0.0153398078789,0.381468213166,2.18771849393,0.174467418408,0.591637661508,-0.307169283732,0.724688228503,29.9800725301,381.900401815,-1908.16966553,0.339134285847,25550175,4,30,0.18897530078,-0.429802929696,-0.347380564527,-0.811717020093,-41.7342540741,98.7751902262,-1788.56534017,0.396215368311,25550175,4,30,-0.702854697514,0.687868654183,0.171328418363,-0.0589793339848,-141.570048274,-199.178133968,199.734867017,0.521534928766,25550175,4
1030,1787148756375,1267,2616,1872,3276,2097,2287,3424,1270,2620,1874,3274,2089,2288,3429,-1.17935807606,0.880668284443,-0.275251754014,1.82383462467,0.0168737886667,0.379923807445,2.12464081583,0.170283155586,0.587478229042,-0.316219918324,0.725174420798,28.4774505615,386.378552246,-1890.38693034,0.188318205873,25550973,4,30,0.189472492245,-0.430048188644,-0.346989464011,-0.811638492182,-41.7016003927,98.7731870015,-1788.50912679,0.38632782201,25550973,4,30,-0.699234467888,0.692825068106,0.164131482759,-0.064229590438,-126.321220133,-195.951017335,208.966935938,0.429782424864,25550973,4
1031,1787148768629,1215,2618,1872,3276,2096,2302,3380,1217,2621,1874,3274,2089,2300,3385,-1.25969995014,0.882205227348,-0.275251754014,1.82383462467,0.0168737886667,0.398456676101,2.05694769788,0.171917766767,0.581599924689,-0.331408792794,0.72274063199,27.0254482269,387.295394897,-1869.27254232,0.203014618158,25551708,4,30,0.189658262733,-0.430285677083,-0.346900058169,-0.811507442429,-41.6833614349,98.7709785461,-1788.49732259,0.388430762291,25551708,4,30,-0.689192164716,0.703938453115,0.157771592606,-0.0677712246176,-108.041778638,-188.959049676,217.05604597,0.43828460192,25551708,4
1032,1787148780318,1158,2619,1872,3276,2097,2287,3353,1160,2622,1874,3273,2089,2286,3358,-1.34610536188,0.883742170253,-0.275251754014,1.82227845178,0.0168737886667,0.376834996002,2.01540873913,0.153524551729,0.587982018816,-0.341804259863,0.716852289879,25.224092865,390.73661499,-1847.64272868,0.195485419035,25552410,4,30,0.190095048899,-0.430811951658,-0.346680202231,-0.811219928302,-41.6647686005,98.7612734477,-1788.44742025,0.384904437264,25552410,4,30,-0.687153517164,0.703709606381,0.156402822242,-0.0902828385235,-89.238419031,-183.680128466,226.993214376,0.43170125652,25552410,4
1033,1787148791590,1095,2625,1872,3276,2095,2288,3310,1097,2629,1874,3274,2088,2286,3315,-1.44160608012,0.894500770586,-0.275251754014,1.82383462467,0.0153398078789,0.376834996002,1.94925410113,0.148116564518,0.587006614591,-0.358899516775,0.710405415661,25.4575005849,388.602030436,-1822.79886882,0.202970358233,25553088,4,30,0.19022703097,-0.43107091894,-0.346485083395,-0.811134777036,-41.643651708,98.7555501302,-1788.43046061,0.380571613709,25553088,4,30,-0.676746915907,0.712774028238,0.152954154812,-0.102819370771,-68.7356393348,-172.206185862,235.19178494,0.431313945383,25553088,4
1034,1787148802578,1039,2640,1872,3276,2096,2276,3236,1041,2644,1874,3274,2089,2275,3241,-1.52649560745,0.917554914158,-0.275251754014,1.82383462467,0.0168737886667,0.359846533068,1.83540658457,0.165032947987,0.582055630233,-0.356222081645,0.712096340351,29.4497283936,387.229863485,-1801.81689046,0.198317046463,25553748,4,30,0.190025754519,-0.431035329027,-0.346676269637,-0.811119178555,-41.6035354614,98.7372177124,-1788.43681641,0.397079083323,25553748,4,30,-0.673627285839,0.717546056485,0.15469944124,-0.0861511432076,-53.3524801347,-160.507833081,244.635131848,0.443848453113,25553748,4
1035,1787148814205,975,2641,1872,3276,2097,2269,3175,978,2646,1874,3274,2089,2270,3179,-1.62199632569,0.920628799967,-0.275251754014,1.82383462467,0.0168737886667,0.352124504461,1.74002082745,0.166742987321,0.582259937833,-0.359507653599,0.709876318789,27.8702326457,384.081441243,-1777.83431803,0.212316257755,25554444,4,30,0.189888960163,-0.431018015982,-0.346790507902,-0.811111580694,-41.5563218435,98.7232795715,-1788.45679932,0.400287333131,25554444,4,30,-0.670416931958,0.720213156036,0.155866646784,-0.0868316511222,-32.393550815,-149.764746577,250.765513095,0.453109415453,25554444,4
1036,1787148825341,908,2643,1872,3276,2095,2245,3133,911,2648,1874,3274,2089,2247,3138,-1.7235605816,0.923702685777,-0.275251754014,1.82383462467,0.0168737886667,0.316603172871,1.67694314935,0.147765818613,0.58805694463,-0.36348547174,0.707271238321,25.2682612101,380.776574707,-1752.32029622,0.202967613439,25555113,4,30,0.189748252051,-0.430726342416,-0.346911922019,-0.811247519043,-41.4881664276,98.6848050435,-1788.44449463,0.418035811186,25555113,4,30,-0.672927904848,0.715466919768,0.154710375044,-0.106488597735,-9.72184954161,-138.950200724,256.779033828,0.464703982702,25555113,4
1037,1787148836954,835,2669,1873,3275,2095,2182,3060,838,2674,1874,3274,2089,2184,3064,-1.834220144,0.963663201301,-0.275251754014,1.82383462467,0.0168737886667,0.219305612427,1.56309563279,0.136144912827,0.591795048009,-0.345993866783,0.715214253222,30.830581665,378.598486328,-1724.54851888,0.211641817788,25555812,4,30,0.190139753709,-0.431148867502,-0.346703234532,-0.811020588688,-41.4471945445,98.6539321899,-1788.46290283,0.405560472608,25555812,4,30,-0.689361496493,0.699797734152,0.153008845949,-0.107945131846,10.2980529147,-123.038487016,269.13483539,0.457462081465,25555812,4
1038,1787148848241,828,2695,1874,3274,2091,2187,3062,831,2699,1874,3274,2089,2188,3064,-1.84483133492,1.00208677392,-0.275251754014,1.82383462467,0.0168737886667,0.225483235313,1.56309563279,0.147936492868,0.592114514989,-0.361286291055,0.70497334071,41.3411376953,370.396522013,-1723.81944987,0.175082973142,25556490,4,30,0.190118100156,-0.431277187295,-0.346764176752,-0.810931378992,-41.4428686778,98.6394371033,-1788.43711751,0.402597254515,25556490,4,30,-0.673643937659,0.713811211547,0.158737333555,-0.107144101386,5.20263002237,-110.724975865,269.431735774,0.439020041487,25556490,4
1039,1787148859193,871,2713,1874,3273,2085,2175,3108,868,2717,1874,3274,2087,2176,3102,-1.78874361151,1.02975174621,-0.275251754014,1.82383462467,0.013805827091,0.206950366657,1.62155787103,0.149391230048,0.595302109143,-0.360419453377,0.702421153484,50.2830373128,373.56190389,-1737.81899821,0.187687532604,25557147,4,30,0.189946550919,-0.430893487173,-0.346703654308,-0.811201384735,-41.45242335,98.6544484456,-1788.46813965,0.40793090264,25557147,4,30,-0.672981723649,0.713352030896,0.16357524831,-0.107086963689,-11.5520683272,-113.102564342,271.347008436,0.449037004292,25557147,4
1040,1787148872395,941,2710,1875,3273,2086,2184,3161,939,2717,1874,3274,2086,2185,3155,-1.68111581793,1.02975174621,-0.275251754014,1.82383462467,0.0122718463031,0.220850018149,1.70309730856,0.159321379347,0.593409554577,-0.354268304382,0.704965082206,53.4554420471,380.207449341,-1763.82044271,0.19065609326,25557939,4,30,0.189697446313,-0.430775033035,-0.346817236953,-0.811274031341,-41.4954123179,98.6745432536,-1788.47259928,0.407969752947,25557939,4,30,-0.674456671401,0.713102667004,0.165788012924,-0.0954312290867,-34.9350242351,-126.104085213,267.883322648,0.450321069035,25557939,4
1041,1787148883971,989,2709,1875,3273,2086,2212,3162,987,2717,1874,3274,2086,2209,3155,-1.60835336594,1.02975174621,-0.275251754014,1.82383462467,0.0122718463031,0.25791575546,1.70309730856,0.195423533784,0.581752819105,-0.343869258146,0.710723035513,56.2201269786,381.328790283,-1782.91025391,0.178782062232,25558635,4,30,0.189891859163,-0.431001449384,-0.346583867925,-0.811208021994,-41.5438580831,98.6982866923,-1788.45215251,0.402727115154,25558635,4,30,-0.670991660339,0.719972590094,0.168032566743,-0.0563446340261,-52.423210645,-132.812262045,262.833066815,0.440627002187,25558635,4
1042,1787148897674,1042,2709,1874,3271,2085,2208,3219,1038,2717,1874,3274,2087,2208,3214,-1.5310432607,1.02975174621,-0.275251754014,1.82383462467,0.013805827091,0.256371349739,1.79386762582,0.187969977032,0.584503242932,-0.341844771985,0.711453019252,57.988272349,384.460420736,-1802.26107992,0.189594857395,25559460,4,30,0.189954546725,-0.431125576055,-0.346455398541,-0.811182263533,-41.5932743073,98.7194791158,-1788.43047282,0.395239809155,25559460,4,30,-0.674972649368,0.715852868443,0.167601315476,-0.0622606809886,-69.5695501731,-141.596401666,258.584981329,0.438361399637,25559460,4
1043,1787148908861,1091,2709,1874,3271,2086,2223,3237,1088,2717,1874,3273,2087,2220,3230,-1.45524903987,1.02975174621,-0.275251754014,1.82227845178,0.013805827091,0.274904218395,1.81848330508,0.209095629663,0.576708890386,-0.331088769531,0.716984030572,60.0673754374,384.659771729,-1821.03989665,0.186979309221,25560132,4,30,0.190010052924,-0.431237811518,-0.346404120618,-0.811131502855,-41.6281294505,98.7333928426,-1788.40830485,0.396222395698,25560132,4,30,-0.6758462283,0.716673182334,0.168117517829,-0.0367141064937,-86.3634927998,-147.920011833,252.629586255,0.438124923885,25560132,4
1044,1787148920178,1133,2709,1874,3267,2085,2219,3302,1131,2717,1874,3273,2086,2217,3294,-1.39006600996,1.02975174621,-0.275251754014,1.82227845178,0.0122718463031,0.270271001231,1.91694602211,0.191969333607,0.582313137226,-0.337202688738,0.714390321796,61.2475578308,384.324854533,-1836.43896484,0.178818018238,25560810,4,30,0.190041062594,-0.431084049406,-0.346309911337,-0.811246190861,-41.6551328023,98.7554908752,-1788.43488363,0.384513284763,25560810,4,30,-0.677313643179,0.714373170842,0.166835567309,-0.0555256249426,-99.9064587111,-153.099352424,247.027336156,0.424059370614,25560810,4
1045,1787148931741,1179,2709,1875,3260,2085,2236,3332,1176,2717,1874,3266,2086,2233,3325,-1.32185121121,1.02975174621,-0.275251754014,1.81138524157,0.0122718463031,0.294981492772,1.96463890067,0.200488258316,0.578769607689,-0.332816406219,0.716982174983,62.586706543,383.62360026,-1853.74833171,0.188348108033,25561506,4,30,0.189905613796,-0.430902062544,-0.346392718681,-0.811339235332,-41.6804821014,98.7689234416,-1788.44969482,0.386448951562,25561506,4,30,-0.677749761763,0.714686814984,0.166873361886,-0.0450699235693,-115.019409416,-158.710156562,240.539741361,0.429904410263,25561506,4
1046,1787148942903,1230,2711,1874,3242,2085,2260,3382,1227,2718,1874,3247,2086,2257,3376,-1.24454110597,1.03128868911,-0.275251754014,1.7818179567,0.0122718463031,0.332047230084,2.0431013783,0.201909538509,0.577144418515,-0.332268275232,0.71814667841,63.5621078491,383.463482666,-1874.83104655,0.189511810243,25562175,4,30,0.189424690398,-0.430464460293,-0.346640050843,-0.811578283497,-41.6989110311,98.7880060832,-1788.47988688,0.388292274872,25562175,4,30,-0.677848265549,0.714840400904,0.166311371704,-0.0431909454449,-132.943614239,-166.559205038,232.724211224,0.432071310026,25562175,4
1047,1787148954331,1261,2711,1875,3228,2085,2285,3383,1259,2717,1874,3233,2086,2282,3376,-1.19603280464,1.02975174621,-0.275251754014,1.76003153626,0.0122718463031,0.370657373117,2.0431013783,0.221454605572,0.569162045864,-0.321652724783,0.723568896415,64.0635526021,383.815614827,-1888.44643555,0.164811988175,25562862,4,30,0.18919467526,-0.430359821327,-0.34690857807,-0.811572693911,-41.7224941254,98.7949015299,-1788.49178874,0.381683419148,25562862,4,30,-0.678691113285,0.71504441827,0.16649091337,-0.0192517119802,-144.392913769,-171.94748431,228.042047006,0.415746586154,25562862,4
1048,1787148965858,1317,2715,1874,3186,2085,2325,3484,1316,2720,1874,3194,2086,2321,3478,-1.1096273929,1.03436257492,-0.275251754014,1.69934079363,0.0122718463031,0.430889196248,2.20002633356,0.195205334125,0.577382721304,-0.340184480816,0.716099566876,64.3789660136,382.109379069,-1913.59602458,0.178688720365,25563555,4,30,0.188814854205,-0.429737171509,-0.347052213298,-0.811929600088,-41.7699127197,98.8323997498,-1788.59781494,0.397065793475,25563555,4,30,-0.674625808789,0.717635211586,0.164574079726,-0.0528686437391,-165.342748047,-180.791068048,217.058400581,0.435420375193,25563555,4
1049,1787148978166,1383,2714,1874,3131,2085,2365,3571,1379,2720,1874,3139,2087,2361,3566,-1.01412667466,1.03436257492,-0.275251754014,1.6137512848,0.013805827091,0.492665425101,2.33541256947,0.176954866579,0.5916555469,-0.338580960123,0.709925082285,63.1408267975,383.666370646,-1947.81886393,0.204519914091,25564293,4,30,0.188457739906,-0.429308763362,-0.347179923534,-0.812184564409,-41.8195711772,98.869682312,-1788.60625814,0.378634988268,25564293,4,30,-0.679696078829,0.708932307511,0.173383418012,-0.0732558130775,-192.964095643,-196.517374825,204.010469971,0.430340388066,25564293,4
1050,1787148989925,1396,2712,1874,3083,2090,2395,3586,1393,2720,1874,3092,2087,2393,3580,-0.992904292828,1.03436257492,-0.275251754014,1.54061115906,0.013805827091,0.542086408183,2.35695128882,0.174224420847,0.600248021277,-0.33029239341,0.70728714041,60.4051789602,391.901694743,-1963.37668864,0.202708102763,25565001,4,30,0.188469555235,-0.42933404217,-0.347185317673,-0.812166154291,-41.840162913,98.8910107931,-1788.62753092,0.377312492331,25565001,4,30,-0.684632917447,0.701740965924,0.182076780509,-0.0754017976715,-204.374182362,-210.043597597,202.384583547,0.428316812412,25565001,4
1051,1787149001560,1332,2720,1874,3081,2093,2404,3527,1335,2726,1874,3090,2088,2402,3533,-1.08082558899,1.04358423235,-0.275251754014,1.53749881329,0.0153398078789,0.555986059675,2.284642731,0.17354421536,0.593324895103,-0.344810122076,0.706366727614,60.2151817322,400.338334147,-1938.53983968,0.220032516122,25565700,4,30,0.188865961329,-0.429399530011,-0.346761359851,-0.812220568314,-41.8223791758,98.9111841838,-1788.63987223,0.381449864308,25565700,4,30,-0.676155594153,0.71158124154,0.173652675573,-0.0794386395331,-184.038478107,-205.866147596,217.919615139,0.440361564094,25565700,4
1052,1787149013329,1285,2719,1873,3086,2094,2399,3462,1288,2725,1874,3090,2088,2400,3468,-1.15207215656,1.04204728945,-0.275251754014,1.53749881329,0.0153398078789,0.552897248233,2.18464153402,0.184613548275,0.590572641405,-0.337519142964,0.709381858487,58.929949824,409.620986938,-1920.13664144,0.209285459916,25566405,4,30,0.188800519044,-0.429998120424,-0.347083858356,-0.811781236362,-41.8133130391,98.9019215902,-1788.58265381,0.395796527465,25566405,4,30,-0.677805427768,0.711090599656,0.17473551645,-0.0663133505496,-167.887361108,-205.525049767,231.46334946,0.447722341285,25566405,4
1053,1787149025588,1239,2718,1874,3087,2094,2409,3405,1242,2726,1874,3090,2088,2406,3408,-1.22180283972,1.04358423235,-0.275251754014,1.53749881329,0.0153398078789,0.562163682561,2.09233273681,0.19659923003,0.584170217265,-0.338491714761,0.710997369229,57.2943496704,414.707929484,-1900.65443115,0.19336090982,25567143,4,30,0.188960981118,-0.430250345601,-0.346863143319,-0.811704593761,-41.8052903493,98.9054158529,-1788.54487712,0.383751116196,25567143,4,30,-0.67389938506,0.716346326263,0.17249808544,-0.0543320364455,-150.950937776,-202.180396239,241.779693389,0.429713114331,25567143,4
1054,1787149037741,1188,2719,1874,3094,2094,2407,3354,1190,2725,1874,3092,2088,2405,3360,-1.30062882938,1.04204728945,-0.275251754014,1.54061115906,0.0153398078789,0.560619276839,2.01848569904,0.196613508628,0.583717892925,-0.344282785279,0.70858020962,55.60407842,418.890969849,-1878.12359212,0.147145385047,25567872,4,30,0.18951311493,-0.430575981448,-0.346439578372,-0.811584081909,-41.7760782878,98.9018778483,-1788.48477376,0.387032176057,25567872,4,30,-0.669873302087,0.720173907843,0.171507129008,-0.0566092422866,-131.664092786,-196.963872396,252.548671187,0.414059983148,25567872,4
1055,1787149051420,1147,2719,1873,3127,2096,2369,3307,1149,2725,1874,3125,2088,2369,3311,-1.36278009046,1.04204728945,-0.275251754014,1.59196486437,0.0153398078789,0.505020670872,1.94310018132,0.201618244579,0.581481913348,-0.34183787361,0.710194153783,57.0469650269,414.885469564,-1857.04699707,0.155672753851,25568694,4,30,0.189758552037,-0.430827705108,-0.346379387221,-0.811418819444,-41.7515252431,98.8827092489,-1788.48760579,0.384395689766,25568694,4,30,-0.670119040783,0.720574191174,0.170823794284,-0.0503243231505,-114.951831679,-184.834556482,258.730631086,0.414721656779,25568694,4
1056,1787149062613,1106,2718,1873,3163,2096,2307,3268,1108,2725,1874,3162,2089,2305,3273,-1.42493135154,1.04204728945,-0.275251754014,1.64954326122,0.0168737886667,0.406178704707,1.88463794308,0.190233811354,0.589513031222,-0.329846637331,0.712380992783,58.1975868225,413.740599569,-1837.57589925,0.153205504517,25569366,4,30,0.189835008596,-0.430949288163,-0.34635074384,-0.811348595109,-41.7258468628,98.8718762716,-1788.46475016,0.381664167841,25569366,4,30,-0.681683873438,0.708245629485,0.174571670772,-0.0567446629547,-99.4072595976,-175.588213316,266.13133329,0.411265684963,25569366,4
1057,1787149075950,1060,2719,1873,3171,2095,2297,3238,1062,2725,1874,3170,2089,2297,3243,-1.4946620347,1.04204728945,-0.275251754014,1.66199264432,0.0168737886667,0.393823458937,1.83848354448,0.18309284545,0.590785981694,-0.33871020535,0.709030556866,56.765418752,411.414737956,-1817.68684082,0.145017006993,25570167,4,30,0.189829585777,-0.431222923045,-0.346393452003,-0.811186227332,-41.6980706533,98.8524904887,-1788.43378092,0.375181737542,25570167,4,30,-0.677832844138,0.711463085997,0.172612167184,-0.067586628945,-81.9451865567,-166.938623102,271.408255802,0.402232853584,25570167,4
1058,1787149088066,985,2719,1874,3175,2095,2264,3180,988,2725,1874,3176,2089,2266,3184,-1.60683748152,1.04204728945,-0.275251754014,1.67132968165,0.0168737886667,0.345946881576,1.74771322722,0.167151076299,0.596400995431,-0.337350672203,0.708915294168,53.6053263346,411.095489502,-1786.22707113,0.140164580444,25570896,4,30,0.189630141721,-0.431019468217,-0.346577779158,-0.811262269776,-41.6330571493,98.8193435669,-1788.45548503,0.390960187713,25570896,4,30,-0.683561541463,0.704515133611,0.172240325176,-0.082068970565,-53.9354973906,-156.153189169,281.60051575,0.415326351184,25570896,4
1059,1787149098990,928,2718,1873,3167,2096,2262,3147,931,2725,1874,3175,2088,2264,3151,-1.69324289327,1.04204728945,-0.275251754014,1.66977350876,0.0153398078789,0.342858070133,1.69694338875,0.154416591115,0.59954011104,-0.348359447748,0.703813090818,50.6491714478,406.839956665,-1762.32205811,0.153581278026,25571550,4,30,0.189489041522,-0.430823888297,-0.346689519429,-0.811351377354,-41.5880942027,98.8046628316,-1788.52678223,0.417735953132,25571550,4,30,-0.679303101089,0.706779177165,0.170742518358,-0.099284862901,-32.3090834623,-145.488241601,286.12835873,0.445073629301,25571550,4
1060,1787149110731,903,2746,1872,3118,2089,2284,3148,906,2751,1874,3125,2088,2287,3150,-1.73114000368,1.08200780497,-0.275251754014,1.59196486437,0.0153398078789,0.378379401723,1.6954049088,0.143675445431,0.607357917069,-0.355718628157,0.695656513328,56.5146704356,414.199067179,-1753.0745402,0.145258917411,25572255,4,30,0.189488323731,-0.430684279322,-0.346623881615,-0.811453702566,-41.5614028931,98.7864827474,-1788.51668294,0.414527030786,25572255,4,30,-0.675547169287,0.706746348092,0.175631320509,-0.115322420987,-28.0438713572,-143.373890539,298.358222361,0.439241177873,25572255,4
1061,1787149122727,949,2757,1873,3053,2088,2386,3191,947,2761,1874,3063,2088,2384,3184,-1.6689887426,1.09737723402,-0.275251754014,1.49548214531,0.0153398078789,0.528186756691,1.74771322722,0.167703459197,0.60169471648,-0.374483180015,0.68527466451,58.7821210225,422.873982747,-1773.10659587,0.162410792212,25572978,4,30,0.18947295907,-0.430990681795,-0.346506301772,-0.81134481746,-41.6197845459,98.8141532898,-1788.50299479,0.405144417286,25572978,4,30,-0.653782811232,0.727570483636,0.179990764236,-0.103983421129,-45.9470449276,-155.97501529,298.14933922,0.43648512493,25572978,4
1062,1787149133802,1025,2756,1873,3050,2089,2410,3235,1023,2761,1874,3059,2088,2408,3229,-1.55378152694,1.09737723402,-0.275251754014,1.48925745376,0.0153398078789,0.565252494003,1.81694482513,0.190469818298,0.592476541404,-0.36810068493,0.690792792347,62.0248049418,425.472298177,-1807.22886963,0.153067799906,25573641,4,30,0.189529324709,-0.430989880213,-0.346324631078,-0.811409642621,-41.6714468638,98.8372820536,-1788.46741943,0.39971533219,25573641,4,30,-0.652285376425,0.732301247138,0.17921499121,-0.0783623510856,-76.2629363279,-169.444301546,288.561833281,0.428021142183,25573641,4
1063,1787149147782,1076,2756,1873,3044,2086,2416,3288,1073,2761,1874,3053,2088,2414,3282,-1.47798730612,1.09737723402,-0.275251754014,1.47992041643,0.0153398078789,0.574518928331,1.89848426266,0.18640278898,0.592760566731,-0.367377303245,0.692042504366,63.4774381002,427.272650146,-1830.10146891,0.15397828718,25574481,4,30,0.189461409134,-0.431057906044,-0.346348324752,-0.811379254127,-41.714297231,98.8486254374,-1788.42534587,0.399820985397,25574481,4,30,-0.654466411099,0.730425732485,0.177599705821,-0.0813038163839,-96.0795526859,-178.918119123,281.818322019,0.42844618482,25574481,4
1064,1787149159625,1134,2754,1872,3039,2086,2417,3339,1131,2761,1873,3048,2087,2414,3333,-1.39006600996,1.09737723402,-0.276731602154,1.472139552,0.013805827091,0.574518928331,1.97694674029,0.187234712669,0.592663259915,-0.359474554829,0.696039845949,65.5168093363,427.624231974,-1856.65304769,0.144352059563,25575192,4,30,0.189609517621,-0.430787870514,-0.346063726673,-0.811609474148,-41.7597375234,98.8943405151,-1788.49915771,0.400077730417,25575192,4,30,-0.660322089389,0.725660135397,0.177800939188,-0.07601928824,-119.509818204,-188.503429124,272.764389767,0.425323062478,25575192,4
1065,1787149171496,1174,2753,1873,3013,2085,2454,3368,1171,2761,1874,3023,2087,2450,3363,-1.3294306333,1.09737723402,-0.275251754014,1.4332352298,0.013805827091,0.630117534299,2.0231011389,0.196030305827,0.588009529807,-0.359181873223,0.697714335528,64.4173828125,428.852059937,-1876.70349121,0.150374300281,25575906,4,30,0.189452072796,-0.430708599007,-0.346150598222,-0.811651266373,-41.7910208384,98.9099138896,-1788.4929362,0.385868035754,25575906,4,30,-0.658092116728,0.728876219522,0.176555372784,-0.0669508988504,-135.510199667,-198.028094528,265.226330374,0.414133518568,25575906,4
1066,1787149182895,1221,2755,1873,2982,2086,2491,3405,1219,2761,1874,2992,2087,2487,3398,-1.2566681813,1.09737723402,-0.275251754014,1.38499387027,0.013805827091,0.687260545987,2.07694793727,0.203450665341,0.584445162821,-0.354396762808,0.701023974582,62.7268838247,430.14246521,-1901.68387858,0.145310815175,25576590,4,30,0.189098763536,-0.430512330319,-0.346371415598,-0.811743576217,-41.8163499196,98.9318834941,-1788.50690918,0.377450425426,25576590,4,30,-0.659437379457,0.72859983977,0.176073646975,-0.0572947371295,-155.14621081,-209.993074244,255.482534836,0.404455259159,25576590,4
1067,1787149194272,1289,2756,1873,2973,2086,2503,3470,1287,2761,1873,2982,2087,2499,3464,-1.15358804098,1.09737723402,-0.276731602154,1.36943214139,0.013805827091,0.705793414643,2.17848761421,0.20408597864,0.582739917,-0.350702437123,0.704110007778,63.8296483358,421.942050171,-1932.54809163,0.17779173702,25577274,4,30,0.188771736462,-0.430148019599,-0.346590894883,-0.811919124256,-41.8570344289,98.9585812887,-1788.58944092,0.37932797273,25577274,4,30,-0.662268866038,0.726572138893,0.174797791587,-0.0542089302357,-181.137259961,-216.100516912,238.121710151,0.418926738999,25577274,4
1068,1787149205971,1344,2758,1873,2941,2087,2511,3540,1342,2762,1874,2953,2087,2507,3535,-1.07021439807,1.09891417692,-0.275251754014,1.32430312764,0.013805827091,0.718148660414,2.28771969091,0.187970768563,0.5953280968,-0.34452549518,0.701108857808,63.0005396525,419.984362793,-1962.49387614,0.182330624759,25577976,4,30,0.188565444637,-0.429530147505,-0.346760876058,-0.81222153401,-41.8903680166,98.9886042277,-1788.67283122,0.378045467536,25577976,4,30,-0.670254323144,0.715945567171,0.182606214103,-0.0695417696494,-205.446743364,-227.353246767,224.402032103,0.419717562474,25577976,4
1069,1787149217093,1301,2755,1873,2893,2094,2535,3490,1304,2762,1874,2906,2088,2531,3494,-1.1278180059,1.09891417692,-0.275251754014,1.25116300191,0.0153398078789,0.755214397726,2.22464201281,0.183680889171,0.606825254869,-0.332981230652,0.697959841996,55.7722090403,440.733394368,-1954.81960449,0.176139951249,25578645,4,30,0.18864332899,-0.4297547304,-0.346645822468,-0.812133757389,-41.8988578796,99.0039759318,-1788.64063314,0.375986432036,25578645,4,30,-0.677546045823,0.705781428667,0.193729255646,-0.0726147797976,-195.26636553,-242.875144506,238.36273604,0.415200047569,25578645,4
1070,1787149229850,1241,2765,1873,2891,2095,2532,3451,1244,2770,1873,2904,2089,2530,3456,-1.21877107089,1.11120972016,-0.276731602154,1.24805065613,0.0168737886667,0.753669992004,2.16617977458,0.174394166389,0.607749576994,-0.34822141102,0.692075845049,56.7939945221,448.706005859,-1926.09290365,0.201583631833,25579410,4,30,0.18872182935,-0.430304146019,-0.346566178975,-0.811858544721,-41.8891769409,99.0095481873,-1788.57347819,0.38340759178,25579410,4,30,-0.669791101156,0.712294753967,0.190325719822,-0.0882733519082,-172.039778104,-236.161957585,256.061355452,0.43317126181,25579410,4
1071,1787149241301,1170,2770,1873,2890,2095,2534,3393,1172,2774,1874,2904,2089,2531,3397,-1.32791474888,1.11735749178,-0.275251754014,1.24805065613,0.0168737886667,0.755214397726,2.07540945732,0.170277465865,0.607880995854,-0.359991155685,0.686944428121,55.893997701,455.745574951,-1890.38871257,0.244347319007,25580100,4,30,0.18921093042,-0.430823701912,-0.346241524416,-0.811607644401,-41.8637425741,99.0056513468,-1788.48706055,0.381141721209,25580100,4,30,-0.662556645832,0.718397556858,0.188251789435,-0.0973904776584,-142.218659446,-227.131233014,274.570849611,0.452741232882,25580100,4
1072,1787149252574,1114,2771,1873,2890,2094,2527,3349,1116,2775,1874,2904,2089,2527,3354,-1.41280427621,1.11889443468,-0.275251754014,1.24805065613,0.0168737886667,0.74903677484,2.00925481932,0.164824450571,0.610350782026,-0.36498759569,0.68343900852,53.8337949117,460.084882609,-1863.00351563,0.261455236872,25580775,4,30,0.189505550463,-0.431057155662,-0.345984199781,-0.811524681324,-41.840358607,99.0024332682,-1788.47691243,0.377818484108,25580775,4,30,-0.66020860619,0.719369160511,0.1885729292,-0.105227646513,-118.519224452,-220.410921195,287.159385551,0.459462346467,25580775,4
1073,1787149264083,1060,2771,1874,2891,2095,2550,3286,1062,2775,1874,2904,2089,2547,3290,-1.4946620347,1.11889443468,-0.275251754014,1.24805065613,0.0168737886667,0.779924889267,1.91079210229,0.179932327238,0.602990101602,-0.372883398106,0.681898281565,51.3205688477,458.514852905,-1836.10696615,0.270047135154,25581468,4,30,0.189315106862,-0.431018419632,-0.34612944146,-0.811527770324,-41.8041337331,98.9948824565,-1788.47276611,0.38940137128,25581468,4,30,-0.650149402597,0.730339586835,0.187119908578,-0.0943185136559,-94.6117300005,-210.190438374,295.066834052,0.473876442926,25581468,4
1074,1787149275152,1010,2771,1874,2893,2095,2559,3242,1013,2775,1874,2904,2089,2555,3247,-1.56894037111,1.11889443468,-0.275251754014,1.24805065613,0.0168737886667,0.792280135037,1.84463746429,0.182059228738,0.601793530156,-0.381579583387,0.677566237232,48.99789416,456.28611145,-1811.6604126,0.274491407474,25582131,4,30,0.189171558229,-0.431063777696,-0.346204990923,-0.81150492628,-41.7746967316,98.9854054769,-1788.49517415,0.392176057895,25582131,4,30,-0.642714547703,0.736551883432,0.18712996172,-0.0969108384555,-72.839512363,-200.353018418,301.650724295,0.478693631839,25582131,4
1075,1787149287339,959,2772,1874,2892,2095,2548,3205,962,2775,1874,2904,2089,2546,3211,-1.64625047635,1.11889443468,-0.275251754014,1.24805065613,0.0168737886667,0.778380483545,1.78925218596,0.172184616444,0.606733522418,-0.384155457752,0.674278484688,46.5107646942,455.471805827,-1786.74528402,0.273090917369,25582863,4,30,0.189137367881,-0.431081639237,-0.346262608945,-0.811478824142,-41.7348154704,98.9667368571,-1788.51618652,0.391783560316,25582863,4,30,-0.643129177138,0.734193054551,0.188645273231,-0.108436068956,-50.6677267566,-191.371417109,309.347773379,0.477569897798,25582863,4
1076,1787149299059,912,2771,1873,2893,2094,2534,3169,915,2775,1874,2904,2089,2532,3172,-1.71749704393,1.11889443468,-0.275251754014,1.24805065613,0.0168737886667,0.756758803447,1.72925146778,0.162988128477,0.611248764201,-0.381952556963,0.673737383902,44.0350411733,454.434002686,-1763.72906494,0.289172273874,25583568,4,30,0.189294342888,-0.430992673198,-0.346136810448,-0.811543144788,-41.6800923665,98.9388496399,-1788.5243693,0.40261965394,25583568,4,30,-0.647150123678,0.729128910733,0.189793600874,-0.116387877479,-30.2893253625,-183.040445023,316.097211835,0.495704740462,25583568,4
1077,1787149311106,855,2772,1873,2892,2095,2520,3103,857,2775,1874,2904,2089,2521,3108,-1.80541834009,1.11889443468,-0.275251754014,1.24805065613,0.0168737886667,0.739770340512,1.63078875075,0.16481935498,0.612388713383,-0.373887493695,0.67677380712,41.0149592082,450.93430481,-1736.55767008,0.284520447254,25584291,4,30,0.189182935739,-0.430938321933,-0.346360774104,-0.811502429865,-41.6172027588,98.8856399536,-1788.50791423,0.409700620174,25584291,4,30,-0.652424382277,0.724698980225,0.191660985849,-0.111444515226,-5.88458625255,-171.609178934,322.460580281,0.498805055184,25584291,4
1078,1787149322083,806,2782,1874,2892,2095,2506,3056,809,2786,1873,2904,2089,2507,3062,-1.87818079208,1.13580080664,-0.276731602154,1.24805065613,0.0168737886667,0.718148660414,1.56001867289,0.164762783155,0.614609965925,-0.373684641064,0.674883400378,44.0024471283,443.731513468,-1713.77336019,0.330387535691,25584951,4,30,0.189261740768,-0.431260232114,-0.346436967636,-0.811280489802,-41.5821545919,98.8487871806,-1788.52008464,0.416260945797,25584951,4,30,-0.651935107126,0.724345405521,0.193926415605,-0.112680499327,11.6317108286,-155.720697014,327.828704636,0.531440588153,25584951,4
1079,1787149333192,864,2630,1875,2890,2088,2688,3062,861,2651,1873,2904,2088,2685,3060,-1.79935480242,0.928313514491,-0.276731602154,1.24805065613,0.0153398078789,0.993052878809,1.55694171298,0.204659996103,0.589000350602,-0.3826014951,0.681768999686,-20.2963514964,445.39266866,-1743.10727132,0.233726699154,25585617,4,30,0.189249726502,-0.430861009741,-0.346342745339,-0.811535602457,-41.5868619283,98.833404541,-1788.54098307,0.420205327868,25585617,4,30,-0.635814001223,0.746268649701,0.182722351362,-0.0737305949761,22.8477578786,-207.568460143,281.094549678,0.480833326077,25585617,4
1080,1787149346391,861,2637,1875,2894,2088,2655,3061,861,2651,1874,2904,2089,2656,3061,-1.79935480242,0.928313514491,-0.275251754014,1.24805065613,0.0168737886667,0.948265112891,1.55848019293,0.191145695084,0.592935053401,-0.368097699249,0.690214046153,-20.8382771174,451.641708374,-1741.93577881,0.221638455987,25586412,4,30,0.189271395029,-0.430883163877,-0.346319840254,-0.81152856164,-41.589519755,98.8296557109,-1788.53393555,0.416117444634,25586412,4,30,-0.651956195117,0.732343721197,0.180309300616,-0.0781943078639,24.0504544614,-211.743223493,285.770414375,0.47146297087,25586412,4
1081,1787149357859,861,2685,1875,2894,2087,2651,3061,861,2691,1874,2904,2088,2650,3060,-1.79935480242,0.989791230683,-0.275251754014,1.24805065613,0.0153398078789,0.938998678563,1.55694171298,0.199928406825,0.587056421523,-0.389286057338,0.681065162562,-0.185663414001,445.867501831,-1741.74613444,0.451554523905,25587099,4,30,0.189256186772,-0.430865315318,-0.346285114896,-0.811556402862,-41.5882522583,98.83404363,-1788.51826579,0.418493030469,25587099,4,30,-0.633023388617,0.749016596252,0.178539478261,-0.0798697859385,12.7291835277,-195.211819818,293.367246016,0.615660543327,25587099,4
1082,1787149369544,863,2723,1875,2894,2087,2610,3061,861,2728,1873,2904,2088,2610,3061,-1.79935480242,1.04665811816,-0.276731602154,1.24805065613,0.0153398078789,0.87722244971,1.55848019293,0.205044943396,0.592868306203,-0.3800874401,0.679703818267,18.4510817846,446.591775513,-1741.2258667,0.259402999779,25587801,4,30,0.189282708243,-0.430956348721,-0.346241446266,-0.81152051283,-41.5953347524,98.8386082967,-1788.53666178,0.419513337811,25587801,4,30,-0.636680464521,0.744375526139,0.187253193878,-0.0740223180226,2.79901385542,-184.219961587,304.682326454,0.493235599785,25587801,4
1083,1787149383313,862,2753,1874,2893,2087,2558,3061,861,2758,1873,2904,2088,2556,3060,-1.79935480242,1.0927664053,-0.276731602154,1.24805065613,0.0153398078789,0.793824540759,1.55694171298,0.200380522238,0.601639816912,-0.360782885176,0.68389537707,33.6241541545,451.423838298,-1740.27753092,0.29906300207,25588629,4,30,0.189241622972,-0.431095182796,-0.346295440867,-0.811433311579,-41.6026161194,98.8360870361,-1788.48886719,0.414878320694,25588629,4,30,-0.651441713919,0.729819475649,0.194482308982,-0.0718599876399,-4.8414399186,-177.976789036,317.17872765,0.511432009351,25588629,4
1084,1787149395214,862,2806,1875,2893,2088,2542,3061,861,2811,1873,2903,2088,2539,3060,-1.79935480242,1.17422437926,-0.276731602154,1.24649448324,0.0153398078789,0.767569643496,1.55694171298,0.22024065824,0.602521876496,-0.373552384414,0.670014967669,60.5279242198,441.117378743,-1741.76220296,0.257629790902,25589343,4,30,0.189160142373,-0.431018385327,-0.346355329785,-0.811467545609,-41.5956282298,98.8340451558,-1788.47494303,0.415590080619,25589343,4,30,-0.632350794102,0.744089788464,0.205758482383,-0.0642363357393,-20.9569699955,-155.183274998,324.419692792,0.488966485834,25589343,4
1085,1787149411453,862,2831,1874,2891,2087,2505,3061,861,2836,1873,2903,2088,2502,3060,-1.79935480242,1.21264795188,-0.276731602154,1.24649448324,0.0153398078789,0.710426631807,1.55694171298,0.216181893465,0.606679007522,-0.3656001585,0.671969117501,72.9275797526,441.723585002,-1741.75010173,0.22972941945,25590318,4,30,0.189148684519,-0.431070639096,-0.346327050219,-0.811454529559,-41.6042077382,98.8400843302,-1788.51413574,0.419416085879,25590318,4,30,-0.639286146399,0.737331190099,0.208343120143,-0.0651849938099,-27.8053497114,-148.082804539,331.921445199,0.478210685007,25590318,4
1086,1787149423335,862,2868,1875,2891,2088,2472,3061,861,2873,1874,2903,2088,2469,3060,-1.79935480242,1.26951483935,-0.275251754014,1.24649448324,0.0153398078789,0.659461243004,1.55694171298,0.220132058248,0.609368002072,-0.363467484454,0.669405633922,91.6214495341,437.339980062,-1742.93682048,0.159371992946,25591032,4,30,0.189175560264,-0.431009242134,-0.346268587313,-0.811505826247,-41.5969776154,98.8430714925,-1788.49480387,0.420584941904,25591032,4,30,-0.638368834977,0.736906609278,0.213451320876,-0.0623892085935,-39.2419226629,-134.255009515,338.878297063,0.449767857335,25591032,4
1087,1787149435973,862,2906,1875,2892,2088,2432,3061,861,2910,1873,2903,2088,2430,3060,-1.79935480242,1.32638172683,-0.276731602154,1.24649448324,0.0153398078789,0.599229419872,1.55694171298,0.219756543036,0.613940935348,-0.359224433361,0.667638671868,109.352633921,433.56140035,-1744.05091553,0.179177352786,25591791,4,30,0.189249113489,-0.431169786884,-0.346245214316,-0.811413359198,-41.6008097331,98.842469279,-1788.50426025,0.415550313393,25591791,4,30,-0.640475247855,0.733586358782,0.218400998618,-0.0627974115395,-49.9411713239,-121.330878981,345.809921833,0.452533519988,25591791,4
1088,1787149447165,861,2941,1874,2892,2089,2406,3059,861,2946,1874,2902,2088,2404,3060,-1.79935480242,1.3817116714,-0.275251754014,1.24493831036,0.0153398078789,0.559074871118,1.55694171298,0.224576768428,0.615997434811,-0.362053724407,0.662593039529,126.910368347,426.382399495,-1746.05930583,0.177943444749,25592463,4,30,0.189199327382,-0.431043007983,-0.346296202322,-0.811470566345,-41.5974480947,98.8378936768,-1788.52678223,0.418965693315,25592463,4,30,-0.635328532923,0.736597940187,0.223527451369,-0.0617787038639,-61.3451452931,-106.547180516,349.811728675,0.455188006986,25592463,4
1089,1787149461131,926,2929,1873,2889,2087,2432,3143,924,2946,1874,2900,2088,2429,3136,-1.70385408418,1.3817116714,-0.275251754014,1.24182596458,0.0153398078789,0.597685014151,1.67386618945,0.226098969589,0.610128704895,-0.380758835676,0.656996901414,129.262323507,426.663546753,-1773.51196696,0.178345228235,25593303,4,30,0.189306841859,-0.431123226971,-0.346082284877,-0.811494137308,-41.6446754456,98.8634976705,-1788.51304525,0.394008216262,25593303,4,30,-0.621613820131,0.749336607314,0.21803783809,-0.0674567174029,-85.5593424627,-116.294798441,340.649710982,0.432492190584,25593303,4
1090,1787149473084,965,2926,1874,2889,2088,2428,3149,963,2946,1873,2899,2088,2425,3142,-1.64473459194,1.3817116714,-0.276731602154,1.24026979169,0.0153398078789,0.591507391266,1.68309706917,0.241998535703,0.604677628436,-0.363353879541,0.666164868939,131.298538717,431.485745239,-1791.8545166,0.175138214727,25594020,4,30,0.189250494469,-0.431410929666,-0.346140398009,-0.811329578516,-41.6859572093,98.8870012919,-1788.45626221,0.388842766484,25594020,4,30,-0.629774001145,0.744222676255,0.218202608093,-0.0436455891269,-101.831635219,-125.643803814,338.232259063,0.426464642502,25594020,4
1091,1787149485470,1006,2927,1873,2887,2087,2420,3202,1005,2946,1873,2898,2088,2418,3196,-1.58106744644,1.3817116714,-0.276731602154,1.2387136188,0.0153398078789,0.580696551216,1.76617498666,0.229352061098,0.606865305271,-0.365248498972,0.66761191371,132.724294027,434.175564575,-1810.09840902,0.176200584074,25594764,4,30,0.189268762428,-0.431199241326,-0.345973731539,-0.811508919811,-41.7165554047,98.9147549947,-1788.49672445,0.389909169078,25594764,4,30,-0.633677315275,0.741135679901,0.214822514695,-0.0549750058101,-117.978070486,-133.951515681,333.817644079,0.427873586424,25594764,4
1092,1787149497294,1052,2927,1873,2888,2087,2404,3214,1050,2946,1873,2898,2087,2402,3208,-1.5128526477,1.3817116714,-0.276731602154,1.2387136188,0.013805827091,0.555986059675,1.7846367461,0.240709106699,0.604771710586,-0.339942055305,0.678785461735,135.132793681,439.557468669,-1832.44017741,0.181375665963,25595475,4,30,0.189194492341,-0.431137193618,-0.345877259759,-0.811600323761,-41.7714825948,98.9652626038,-1788.48698324,0.393172223369,25595475,4,30,-0.64852301478,0.728871663122,0.217123898717,-0.0319563859833,-138.00350532,-145.137291989,330.333552743,0.432991373393,25595475,4
1093,1787149511428,1094,2926,1873,2887,2087,2391,3261,1093,2946,1873,2898,2087,2389,3257,-1.44766961779,1.3817116714,-0.276731602154,1.2387136188,0.013805827091,0.535908785298,1.86002226383,0.23031293674,0.608549191268,-0.337021880569,0.680470487968,136.906704203,440.318642171,-1852.321639,0.182023044924,25596324,4,30,0.189349672225,-0.431352204151,-0.34583509557,-0.811467845496,-41.8190110524,98.9914744059,-1788.47932536,0.387026163936,25596324,4,30,-0.654515282426,0.723387578356,0.216130970142,-0.0400943923294,-155.509817555,-152.362561838,324.230325777,0.427693395383,25596324,4
1094,1787149523949,1144,2927,1873,2887,2087,2384,3289,1142,2946,1873,2898,2087,2383,3283,-1.37339128138,1.3817116714,-0.276731602154,1.2387136188,0.013805827091,0.52664235097,1.90002274262,0.239173173437,0.605997838937,-0.323211045725,0.686365378084,139.115594482,439.432009888,-1875.48284505,0.186866227786,25597077,4,30,0.189310788066,-0.431120349126,-0.345749409607,-0.811636627961,-41.8422612508,99.0157279968,-1788.51243083,0.376846312483,25597077,4,30,-0.661309190724,0.717474698009,0.217450606851,-0.0248081752964,-176.09560348,-159.68721987,315.726422277,0.420633011447,25597077,4
1095,1787149538181,1201,2927,1873,2887,2087,2371,3350,1198,2946,1874,2898,2088,2369,3345,-1.28850175405,1.3817116714,-0.275251754014,1.2387136188,0.0153398078789,0.505020670872,1.99540849974,0.229169998254,0.610190060668,-0.319004490879,0.68803004045,141.41758728,435.91732076,-1901.85729574,0.188422456384,25597932,4,30,0.188839157001,-0.430754709876,-0.34608632057,-0.811797025997,-41.8694929759,99.0355967204,-1788.5070638,0.390836723646,25597932,4,30,-0.667703623412,0.711028514893,0.218050358427,-0.0326245840022,-199.130825492,-166.562253367,304.196737248,0.433885199816,25597932,4
1096,1787149549606,1233,2931,1873,2851,2087,2419,3395,1231,2946,1873,2860,2087,2416,3389,-1.23847756831,1.3817116714,-0.276731602154,1.17957904906,0.013805827091,0.577607739774,2.06310161769,0.227236792571,0.609527063614,-0.3280467658,0.685000378301,138.848934937,437.014357503,-1920.71931966,0.176508374015,25598616,4,30,0.188682849625,-0.430475710418,-0.346206543313,-0.811930092043,-41.8914873759,99.0697436015,-1788.55282389,0.380679786205,25598616,4,30,-0.662111393537,0.716329876891,0.216791406265,-0.0384902090273,-213.355484484,-176.452902784,296.117299843,0.419609706421,25598616,4
1097,1787149561709,1257,2982,1872,2731,2087,2503,3442,1255,2987,1874,2743,2087,2499,3436,-1.20209634231,1.4447263305,-0.275251754014,0.997506821172,0.013805827091,0.705793414643,2.13541017551,0.222835099009,0.617632548973,-0.3402192592,0.673145904517,146.000921631,446.749149577,-1944.39182943,0.178554303944,25599345,4,30,0.188437999145,-0.430573553637,-0.34630393056,-0.811893541707,-41.96103007,99.1263298035,-1788.57284749,0.374887535969,25599345,4,30,-0.652649187047,0.721667234074,0.224671487614,-0.0526133496694,-236.897440289,-188.325699465,298.100501427,0.415237647718,25599345,4
1098,1787149579201,1309,3005,1873,2699,2087,2556,3469,1306,3010,1874,2711,2088,2552,3463,-1.12478623707,1.48007601731,-0.275251754014,0.947709288758,0.0153398078789,0.787646917873,2.17694913425,0.251830304442,0.595873508662,-0.349572473136,0.677728076344,153.870731099,430.833973185,-1967.75380859,0.17973728478,25600395,4,30,0.187992409167,-0.429735732191,-0.346419148207,-0.812391425563,-42.0004718781,99.1735959371,-1788.62890625,0.375515354673,25600395,4,30,-0.63820783261,0.739007839431,0.214360426198,-0.0246532621492,-260.639945285,-182.34838298,281.541738963,0.416313911772,25600395,4
1099,1787149591185,1374,2898,1873,2895,2085,2455,3525,1369,2919,1874,2893,2087,2451,3519,-1.02928551882,1.34021421297,-0.275251754014,1.23093275436,0.013805827091,0.63166194002,2.26310401165,0.238801178698,0.581015966421,-0.343249888704,0.698264962404,132.1728007,400.333550008,-1972.74803874,0.169230290254,25601115,4,30,0.187644253322,-0.429293880376,-0.346999437698,-0.812457868879,-41.9887797038,99.1779525757,-1788.64720052,0.386740194758,25601115,4,30,-0.652820274814,0.732713814217,0.190745124283,-0.0239259860802,-252.201512415,-176.577746786,245.223908013,0.422145554733,25601115,4
1100,1787149605061,1426,2887,1874,3032,2087,2325,3525,1424,2907,1874,3031,2087,2321,3519,-0.945911875915,1.32177089812,-0.275251754014,1.4456846129,0.013805827091,0.430889196248,2.26310401165,0.260213187644,0.566778698078,-0.313488051674,0.716083965634,138.74866689,368.392482503,-1971.0151123,0.183835551143,25601949,4,30,0.188117296494,-0.42927067926,-0.347078778858,-0.812326835672,-41.9527313232,99.170106252,-1788.66827799,0.382099227111,25601949,4,30,-0.66724004706,0.721515073595,0.184357646647,0.0147978477034,-254.356107802,-149.60422655,226.507388392,0.424022793282,25601949,4
1101,1787149617497,1396,2847,1873,3149,2089,2214,3518,1398,2868,1874,3147,2087,2211,3519,-0.985324870745,1.26183012483,-0.275251754014,1.6262006679,0.013805827091,0.261004566903,2.26310401165,0.230138242449,0.584963478445,-0.309513605142,0.713481216627,126.441691335,363.628325399,-1946.64296468,0.169897969067,25602696,4,30,0.187899895699,-0.42909834822,-0.347145291849,-0.812439771982,-41.9314598083,99.1662368774,-1788.66558024,0.39243106842,25602696,4,30,-0.67997823678,0.707809324246,0.190827816722,-0.0148425867571,-227.192554732,-144.11430738,225.524228783,0.427630054316,25602696,4
1102,1787149631860,1346,2848,1873,3187,2096,2186,3478,1348,2868,1874,3184,2089,2182,3483,-1.06111909157,1.26183012483,-0.275251754014,1.68377906476,0.0168737886667,0.216216800985,2.20771873332,0.225291400489,0.580932142612,-0.320590839913,0.713430545961,124.855546316,363.492797852,-1921.2192098,0.169405627251,25603557,4,30,0.188601288293,-0.429486395539,-0.346742741291,-0.812244089829,-41.88683815,99.1665293376,-1788.67830811,0.373901220163,25603557,4,30,-0.675329401405,0.71409902025,0.183104298148,-0.0215778792978,-205.431397994,-134.397577681,234.464755256,0.410487988842,25603557,4
1103,1787149648260,1254,2849,1873,3187,2094,2190,3385,1257,2869,1874,3184,2089,2186,3390,-1.19906457348,1.26336706773,-0.275251754014,1.68377906476,0.0168737886667,0.22239442387,2.06464009765,0.230169325148,0.578679606586,-0.326942587242,0.710816811373,122.410986582,374.719393921,-1888.56473796,0.167606917024,25604544,4,30,0.188682208668,-0.430410148228,-0.34686453135,-0.811684129035,-41.8574520111,99.145383962,-1788.54572754,0.380488059918,25604544,4,30,-0.669194655751,0.720185008958,0.181911608946,-0.0204995638352,-176.811833028,-130.351454882,254.312860939,0.415768255612,25604544,4
1104,1787149660119,1178,2850,1873,3190,2095,2204,3301,1180,2869,1874,3186,2089,2200,3305,-1.31578767355,1.26336706773,-0.275251754014,1.68689141053,0.0168737886667,0.244016103969,1.9338693016,0.244326928332,0.572682675821,-0.334713981136,0.707322738033,120.032675171,377.781545003,-1859.66425781,0.173543891807,25605255,4,30,0.189517727366,-0.430897740117,-0.346239447638,-0.811497636149,-41.8066501617,99.1352002462,-1788.515743,0.377474498749,25605255,4,30,-0.658562932587,0.730336079087,0.181108256027,-0.0101919087896,-151.773312629,-122.111619828,266.367185868,0.415456952751,25605255,4
1105,1787149671193,1129,2850,1873,3192,2095,2214,3270,1131,2868,1874,3186,2089,2210,3275,-1.39006600996,1.26183012483,-0.275251754014,1.68689141053,0.0168737886667,0.259460161182,1.88771490299,0.241007875704,0.573170014716,-0.350725454924,0.700273513241,118.226388295,376.615393066,-1840.76713867,0.169210123022,25605921,4,30,0.189705657841,-0.431096346489,-0.346188730266,-0.811369870321,-41.7658100128,99.1174191793,-1788.4637085,0.378805879752,25605921,4,30,-0.648134571372,0.739626074655,0.180067134737,-0.0212290855055,-135.066313191,-114.830913326,271.862520816,0.414880657862,25605921,4
1106,1787149682063,1084,2849,1873,3193,2098,2222,3226,1086,2868,1873,3186,2089,2217,3232,-1.4582808087,1.26183012483,-0.276731602154,1.68689141053,0.0168737886667,0.270271001231,1.82156026499,0.245172665724,0.572245922532,-0.356936457922,0.696434729988,116.73236618,375.878769938,-1823.88816325,0.167228317757,25606572,4,30,0.189591796844,-0.431261466659,-0.346293012282,-0.811264227973,-41.7336747487,99.1084698995,-1788.43174235,0.380908659101,25606572,4,30,-0.641692871959,0.744966916572,0.181126539994,-0.021159579406,-120.066853988,-108.538565386,277.08080643,0.416000861583,25606572,4
1107,1787149694461,997,2851,1873,3192,2096,2217,3152,1000,2869,1873,3186,2090,2214,3155,-1.58864686852,1.26336706773,-0.276731602154,1.68689141053,0.0184077694546,0.265637784067,1.70309730856,0.243375343747,0.579026050007,-0.362345252879,0.688624130557,114.125603231,374.24347229,-1792.51633301,0.169853886962,25607319,4,30,0.189464571707,-0.431213986387,-0.346442302449,-0.811255449958,-41.6599103292,99.0786827087,-1788.40469157,0.385588695606,25607319,4,30,-0.636691481176,0.747174865214,0.188457608577,-0.0289380089217,-92.4561355831,-96.5616410103,286.582284404,0.421341886234,25607319,4
1108,1787149707598,937,2851,1873,3191,2095,2209,3105,940,2869,1874,3186,2090,2207,3109,-1.67959993352,1.26336706773,-0.275251754014,1.68689141053,0.0184077694546,0.254826944018,1.6323272307,0.236408415671,0.585308554157,-0.364930179845,0.684361688926,112.168399811,371.725962321,-1770.94337565,0.164717210333,25608108,4,30,0.189239855226,-0.43107894167,-0.346658232315,-0.811287429467,-41.5931825002,99.0508092244,-1788.46193034,0.417003308733,25608108,4,30,-0.636284282091,0.745977276569,0.192733148845,-0.038912061665,-73.2808770495,-87.4450863855,292.035157122,0.448356464071,25608108,4
1109,1787149720015,883,2851,1873,3191,2095,2192,3036,885,2868,1874,3185,2090,2189,3041,-1.76297357643,1.26183012483,-0.275251754014,1.68533523764,0.0184077694546,0.227027641034,1.52771059386,0.23889480902,0.588827987843,-0.349602618885,0.688468503147,110.43998998,371.749390666,-1751.95952962,0.173319301506,25608852,4,30,0.189297449116,-0.43113693967,-0.346758524176,-0.811200308753,-41.5312618256,99.01909434,-1788.42392171,0.412430268526,25608852,4,30,-0.645901492863,0.736790087404,0.197493169485,-0.0307908529858,-56.5036312405,-80.922921124,298.438516772,0.447368200335,25608852,4
1110,1787149733459,818,2855,1873,3186,2093,2128,2981,821,2868,1874,3186,2090,2129,2987,-1.85999017908,1.26183012483,-0.275251754014,1.68689141053,0.0184077694546,0.134363297755,1.44463267637,0.206650092896,0.598553178106,-0.326303862998,0.701823069639,106.268802389,376.385372925,-1726.75684408,0.167972075442,25609659,4,30,0.189692416053,-0.431558983718,-0.346579468574,-0.810960111736,-41.485322698,98.9892873128,-1788.3994751,0.395574147503,25609659,4,30,-0.675171341387,0.710579586272,0.192248012751,-0.0475501097335,-33.1975304693,-76.5765370279,309.214556093,0.429759844914,25609659,4
1111,1787149746759,871,2875,1873,3186,2086,2163,3014,868,2881,1874,3191,2088,2160,3008,-1.78874361151,1.28181038259,-0.275251754014,1.69467227497,0.0153398078789,0.182239875116,1.4769407554,0.242284966962,0.590999473256,-0.334573078401,0.692876953437,114.904481252,370.884338379,-1747.16236572,0.169046854476,25610460,4,30,0.189458029625,-0.431467338141,-0.34673588711,-0.810996803765,-41.4985778809,98.9918421427,-1788.39786377,0.398245986303,25610460,4,30,-0.655006638618,0.728090647796,0.200966245833,-0.021514646016,-54.8654337344,-75.6872810803,302.240024449,0.432639231479,25610460,4
1112,1787149758395,920,2877,1874,3189,2084,2162,3022,918,2883,1874,3190,2086,2159,3015,-1.71294939068,1.2848842684,-0.275251754014,1.69311610208,0.0122718463031,0.180695469394,1.48771011507,0.264799875841,0.58383042707,-0.313430992333,0.700559827014,118.038896434,377.444412231,-1766.38988851,0.167646127443,25611159,4,30,0.189468792998,-0.431286164683,-0.346566009597,-0.811163252142,-41.5238183339,99.0215339661,-1788.39705811,0.398049633702,25611159,4,30,-0.661270532158,0.721856095988,0.203825271504,0.0100159213341,-72.8089913314,-86.0288004562,301.26694288,0.431912878873,25611159,4
1113,1787149769239,975,2876,1874,3185,2084,2165,3087,973,2883,1874,3189,2086,2162,3081,-1.62957574777,1.2848842684,-0.275251754014,1.6915599292,0.0122718463031,0.185328686558,1.589249792,0.257107065556,0.584096302628,-0.318445863319,0.700942007753,119.820407359,380.808279419,-1785.77225342,0.16685705781,25611810,4,30,0.189351122682,-0.431218298202,-0.346559363318,-0.811229646482,-41.5557801565,99.0402020772,-1788.38581136,0.400668726365,25611810,4,30,-0.661454043603,0.722719302976,0.200381996581,0.00155330399674,-89.9640247553,-95.0276876108,297.184398696,0.434023854215,25611810,4
1114,1787149781462,1063,2875,1874,3186,2085,2177,3153,1060,2883,1874,3189,2086,2175,3145,-1.49769380353,1.2848842684,-0.275251754014,1.6915599292,0.0122718463031,0.205405960936,1.68771250903,0.271936555686,0.575461946653,-0.312042401261,0.705353526574,123.003030396,381.849141439,-1818.36838379,0.179834601283,25612542,4,30,0.189863816711,-0.43143372994,-0.34602125225,-0.811224975432,-41.624153773,99.080422465,-1788.3719279,0.380261046688,25612542,4,30,-0.660869876544,0.723785903932,0.197366066891,0.0207751579138,-119.08957706,-106.730390174,287.030210975,0.420641114784,25612542,4
1115,1787149792876,1156,2875,1874,3186,2085,2158,3247,1153,2883,1874,3188,2086,2155,3241,-1.3567165528,1.2848842684,-0.275251754014,1.69000375631,0.0122718463031,0.174517846509,1.83540658457,0.257003479519,0.580161191494,-0.301214688244,0.711780805435,125.860785166,384.022431437,-1852.99252523,0.156547659139,25613229,4,30,0.189598557343,-0.431254362318,-0.346198828389,-0.811306620987,-41.687419637,99.1151364644,-1788.40007731,0.377677561839,25613229,4,30,-0.674661863708,0.711626748429,0.195594471701,0.0127099653344,-149.4368033,-120.276044896,276.801493553,0.408836777087,25613229,4
1116,1787149804914,1200,2873,1874,3173,2082,2165,3297,1197,2883,1873,3177,2086,2161,3290,-1.29001763847,1.2848842684,-0.276731602154,1.67288585454,0.0122718463031,0.183784280837,1.91079210229,0.250135557055,0.583574113372,-0.300239245742,0.711849599715,127.234838867,384.912841797,-1870.69586589,0.158797289928,25613952,4,30,0.18944713926,-0.431126893754,-0.346321324827,-0.811357456907,-41.7158982595,99.1396026611,-1788.44931234,0.376860752702,25613952,4,30,-0.677792256637,0.708526659395,0.196337513103,0.00626184622643,-164.864511055,-127.105633227,271.365145788,0.408950615864,25613952,4
1117,1787149817218,1251,2873,1874,3098,2083,2245,3402,1249,2883,1873,3103,2086,2242,3396,-1.21119164881,1.2848842684,-0.276731602154,1.55772906083,0.0122718463031,0.308881144264,2.07387097737,0.222670882797,0.591655534264,-0.329744466378,0.701163314515,127.128423564,391.821838379,-1897.10729167,0.174032758673,25614690,4,30,0.189026671263,-0.430582723443,-0.346464937627,-0.811683117244,-41.7566051483,99.1783419291,-1788.46937256,0.37513136367,25614690,4,30,-0.667543444368,0.718293431716,0.193145153516,-0.033693404526,-186.846165649,-142.678599945,265.886994615,0.413534691532,25614690,4
1118,1787149829047,1312,2876,1872,3051,2082,2275,3469,1309,2883,1874,3057,2086,2272,3463,-1.12023858382,1.2848842684,-0.275251754014,1.48614510799,0.0122718463031,0.355213315904,2.17694913425,0.213864642635,0.600100244812,-0.322321789107,0.700178745089,127.628374227,395.981575521,-1928.88780924,0.1656504035,25615401,4,30,0.188195435675,-0.430016832326,-0.347013747892,-0.811941784047,-41.8179688772,99.2202252706,-1788.54595947,0.39218146801,25615401,4,30,-0.674459144129,0.709579702206,0.199712299009,-0.0414307463369,-213.234203126,-158.283957058,256.812306065,0.425730384199,25615401,4
1119,1787149839990,1383,2874,1873,3039,2083,2284,3524,1378,2883,1874,3046,2086,2281,3519,-1.01564255908,1.2848842684,-0.275251754014,1.46902720622,0.0122718463031,0.369112967396,2.26310401165,0.220389150527,0.600097705848,-0.311500458491,0.703049664053,129.334672546,386.128132121,-1958.72578125,0.168300067385,25616058,4,30,0.188213851844,-0.429597804972,-0.346986583892,-0.812170907221,-41.8411810557,99.2477302551,-1788.54355876,0.369496836265,25616058,4,30,-0.679230369779,0.704565807215,0.203196683041,-0.0307284245356,-239.028305979,-162.507895735,238.788985191,0.406020719535,25616058,4
1120,1787149852141,1430,2874,1874,2956,2085,2386,3566,1428,2884,1873,2964,2086,2383,3561,-0.939848338249,1.28642121131,-0.276731602154,1.34142102941,0.0122718463031,0.52664235097,2.3277201697,0.230685021639,0.591510840616,-0.317549027544,0.704316662682,124.725831095,385.995740763,-1990.04191488,0.175278494259,25616790,4,30,0.188246756102,-0.429517988804,-0.34716958034,-0.812127292114,-41.8577835083,99.2790674845,-1788.54246419,0.37333577474,25616790,4,30,-0.672390261038,0.712840915549,0.198174668623,-0.0218166609869,-262.384269116,-177.706087793,223.905385594,0.412434420545,25616790,4
1121,1787149863535,1401,2899,1874,2855,2092,2437,3564,1404,2903,1874,2866,2088,2433,3561,-0.976229564246,1.3156231265,-0.275251754014,1.18891608639,0.0153398078789,0.603862637036,2.3277201697,0.215667532494,0.613586097765,-0.314578478956,0.691404365502,124.583178965,410.106384277,-2000.17626953,0.176321010292,25617474,4,30,0.187851277439,-0.42930961466,-0.347148368848,-0.812338083762,-41.9093391418,99.3473477681,-1788.59882812,0.380312261979,25617474,4,30,-0.675353681243,0.703415054041,0.217387476145,-0.042980835205,-270.754039233,-198.691783131,237.212513635,0.419197465739,25617474,4
1122,1787149875954,1365,2928,1874,2812,2095,2488,3560,1368,2933,1873,2823,2090,2484,3561,-1.03080140324,1.36173141364,-0.276731602154,1.12200065221,0.0184077694546,0.682627328823,2.3277201697,0.208740071836,0.602977315235,-0.35143994363,0.685080948315,131.672603353,413.872938029,-1984.32580973,0.175646142662,25618218,4,30,0.187905568948,-0.42957088581,-0.347219032439,-0.812157185978,-41.919180425,99.3752118429,-1788.58189697,0.381985531251,25618218,4,30,-0.654164855431,0.726269072719,0.201862532946,-0.0620732931607,-261.563710843,-190.486721938,250.315481921,0.420433720718,25618218,4
1123,1787149887589,1275,2930,1874,2797,2094,2496,3497,1278,2934,1874,2808,2090,2493,3502,-1.16723100073,1.36326835655,-0.275251754014,1.09865805889,0.0184077694546,0.696526980315,2.23694985244,0.195097427597,0.612880642536,-0.362726854637,0.674346751067,127.472035726,435.829272461,-1946.81660563,0.179805107415,25618917,4,30,0.18828013358,-0.430129731634,-0.346813008323,-0.811948115659,-41.894581604,99.4018432617,-1788.53314209,0.393573115269,25618917,4,30,-0.648621398742,0.727698064932,0.206938760904,-0.083199498945,-228.408096258,-192.837108111,278.506215933,0.432700443396,25618917,4
1124,1787149901971,1202,2930,1874,2797,2094,2515,3421,1204,2934,1874,2808,2089,2510,3427,-1.27940644755,1.36326835655,-0.275251754014,1.09865805889,0.0168737886667,0.722781877578,2.12156385593,0.20377849989,0.606437111365,-0.372986159885,0.672004224299,124.259726206,444.764090983,-1910.54868571,0.183947069446,25619781,4,30,0.188867184029,-0.430783805756,-0.346213003338,-0.811721045566,-41.888528951,99.4262690226,-1788.47848714,0.382284270724,25619781,4,30,-0.639103528301,0.737737863662,0.202875149643,-0.0783019686175,-196.839500651,-186.157770922,297.260967259,0.424237890812,25619781,4
1125,1787149913259,1146,2930,1874,2797,2094,2516,3387,1148,2934,1874,2808,2090,2511,3393,-1.36429597488,1.36326835655,-0.275251754014,1.09865805889,0.0184077694546,0.724326283299,2.06925553751,0.193841620261,0.611269473361,-0.383596814809,0.66455138316,121.919932048,449.979781087,-1883.37014567,0.185124630233,25620459,4,30,0.189217975904,-0.431230137551,-0.345917435842,-0.811528344325,-41.8772799174,99.4339289347,-1788.40974935,0.381444918116,25620459,4,30,-0.633528957165,0.740433119508,0.203957702662,-0.0938142392904,-173.118587111,-180.199274058,310.302391877,0.423994521516,25620459,4
1126,1787149924734,1065,2931,1874,2798,2094,2510,3284,1067,2934,1874,2808,2090,2507,3287,-1.48708261262,1.36326835655,-0.275251754014,1.09865805889,0.0184077694546,0.718148660414,1.90617666243,0.207897320535,0.612724102489,-0.370788790924,0.666230854035,118.97634786,458.023011271,-1844.97196452,0.181961394846,25621149,4,30,0.189144836798,-0.431632837976,-0.346033208928,-0.811281912908,-41.8484998067,99.4274426778,-1788.37316081,0.383070493738,25621149,4,30,-0.637344945033,0.736981150732,0.211331459284,-0.0773900434398,-139.373588817,-172.199758169,329.516439727,0.424090736031,25621149,4
1127,1787149936173,1002,2930,1874,2797,2093,2499,3242,1005,2934,1874,2808,2090,2497,3247,-1.58106744644,1.36326835655,-0.275251754014,1.09865805889,0.0184077694546,0.702704603201,1.84463746429,0.193571605574,0.620432014392,-0.374441242319,0.661353086546,116.066864268,460.167403158,-1813.80970459,0.182608753443,25621836,4,30,0.189100973083,-0.431379823105,-0.345866158488,-0.81149791781,-41.7965295156,99.4261853536,-1788.40819092,0.38118930161,25621836,4,30,-0.63821737225,0.733425122556,0.214327574665,-0.093967367208,-111.997297347,-163.193857335,341.357121694,0.422671551557,25621836,4
1128,1787149947339,951,2930,1873,2797,2093,2497,3196,955,2934,1873,2808,2090,2496,3201,-1.65686166727,1.36326835655,-0.276731602154,1.09865805889,0.0184077694546,0.701160197479,1.77386738643,0.192387795411,0.622429531809,-0.375856549265,0.659014619324,113.643187968,458.687979126,-1788.78781738,0.179354872803,25622508,4,30,0.188848982097,-0.431403744958,-0.346127643133,-0.81143239118,-41.7529773712,99.406275177,-1788.43109538,0.389987337589,25622508,4,30,-0.636837658492,0.733627354421,0.216368716029,-0.0970220608702,-89.5820715345,-153.677138391,348.697329844,0.429253181559,25622508,4
1129,1787149961538,900,2931,1874,2800,2094,2494,3121,903,2934,1873,2808,2090,2494,3127,-1.73568765693,1.36326835655,-0.276731602154,1.09865805889,0.0184077694546,0.698071386037,1.66001986987,0.203314072412,0.621660212347,-0.363728956716,0.66325199916,111.291624451,457.658677165,-1764.22756348,0.184201531112,25623360,4,30,0.18885286585,-0.431282020667,-0.346165487728,-0.811480048317,-41.6853303274,99.3713946025,-1788.43489583,0.40343097647,25623360,4,30,-0.642019779929,0.729841759812,0.220105255912,-0.0818247159095,-67.8815199093,-144.641257577,356.130209811,0.443493806992,25623360,4
1130,1787149973450,826,2934,1874,2831,2095,2494,3015,829,2939,1873,2834,2090,2491,3020,-1.84786310375,1.37095307107,-0.276731602154,1.13911855397,0.0184077694546,0.693438168873,1.49540251484,0.237767590515,0.615643254775,-0.360482594812,0.659167850087,114.694692993,438.469443766,-1731.97727458,0.174239697556,25624074,4,30,0.188942959574,-0.431771391005,-0.346441074025,-0.811081134145,-41.6065860748,99.2914337158,-1788.38534342,0.384927645326,25624074,4,30,-0.630645262361,0.739726151678,0.228988620861,-0.051536250367,-42.4570502533,-116.38109987,356.800393845,0.42252664335,25624074,4
1131,1787149986781,786,2902,1873,3001,2087,2385,2963,789,2922,1873,2998,2089,2382,2967,-1.90849848041,1.34482504169,-0.276731602154,1.3943309076,0.0168737886667,0.525097945249,1.4138630773,0.262191554824,0.604559789148,-0.379683579811,0.649309963843,122.308811188,386.249119059,-1719.74561768,0.178113912543,25624875,4,30,0.189342130247,-0.431879715202,-0.346595051692,-0.810864562953,-41.4996390025,99.1968884786,-1788.34511312,0.40333255132,25624875,4,30,-0.606359192118,0.760623432852,0.228776504621,-0.0379714954289,-36.1124269741,-70.82537743,328.051430023,0.440910096047,25624875,4
1132,1787149999339,841,2830,1874,3187,2086,2199,2965,838,2850,1874,3184,2087,2197,2967,-1.834220144,1.23416515254,-0.275251754014,1.68377906476,0.013805827091,0.239382886805,1.4138630773,0.249026325599,0.587840187689,-0.33282996725,0.694012979559,102.039016724,373.510042318,-1735.58394368,0.167374609907,25625631,4,30,0.18952875405,-0.431762208934,-0.346456859565,-0.810942594013,-41.4908536275,99.1830563863,-1788.36728516,0.394921789567,25625631,4,30,-0.654102989421,0.729284329179,0.200252099298,-0.013883197443,-38.0656190899,-80.6808791282,301.137517451,0.428925960879,25625631,4
1133,1787150011201,911,2828,1874,3274,2082,2092,3012,909,2850,1874,3268,2086,2091,3006,-1.72659235043,1.23416515254,-0.275251754014,1.81449758734,0.0122718463031,0.0756758803447,1.47386379549,0.253115611443,0.580706294474,-0.305518751378,0.710894492424,104.747095998,365.934224447,-1761.1068929,0.183912470937,25626342,4,30,0.189523722789,-0.431546509497,-0.346425128305,-0.811072129419,-41.5122297923,99.1980728149,-1788.38392334,0.390573999286,25626342,4,30,-0.673377698563,0.7133582374,0.193993211026,0.00700958536186,-60.8499242318,-83.989212751,287.275303881,0.431708056311,25626342,4
1134,1787150022865,1006,2821,1875,3275,2082,2114,3078,1004,2839,1874,3269,2086,2112,3072,-1.58258333086,1.21725878059,-0.275251754014,1.81605376023,0.0122718463031,0.108108400492,1.57540347242,0.269611218994,0.572228528612,-0.294941683645,0.716152012413,104.455018107,372.879081217,-1794.31107585,0.185839083791,25627044,4,30,0.189351889024,-0.43153407012,-0.346463289086,-0.81110258153,-41.5719762166,99.2264162699,-1788.36256917,0.40078736941,25627044,4,30,-0.674570992604,0.71204732224,0.192654668798,0.0287535287908,-88.3427579855,-102.183894539,279.283113783,0.441776731554,25627044,4
1135,1787150033935,1078,2825,1875,3276,2082,2120,3140,1075,2839,1874,3270,2086,2117,3134,-1.47495553728,1.21725878059,-0.275251754014,1.81760993312,0.0122718463031,0.115830429099,1.67078922954,0.273955011383,0.567874474418,-0.291593185783,0.71933347416,106.874068451,373.76571757,-1819.50165202,0.171904624502,25627707,4,30,0.189681072705,-0.431575626683,-0.346122967959,-0.811148852038,-41.6186395009,99.2636924744,-1788.35185954,0.384885914127,25627707,4,30,-0.67567612464,0.711450660128,0.189696346476,0.0362633276005,-110.851505136,-111.312062038,271.465143844,0.421530979666,25627707,4
1136,1787150045234,1171,2828,1875,3276,2081,2104,3241,1169,2839,1873,3270,2084,2101,3237,-1.33246240213,1.21725878059,-0.276731602154,1.81760993312,0.00920388472731,0.0911199375579,1.82925266475,0.258046518642,0.575019425331,-0.284079404274,0.72253965066,109.704393768,374.789313761,-1852.93605957,0.175060464442,25628388,4,30,0.189741395617,-0.431410712758,-0.346017034169,-0.811267657294,-41.6783468882,99.3117665609,-1788.39296061,0.369474322597,25628388,4,30,-0.686984170308,0.700904480583,0.190170184825,0.0249190619362,-140.352222887,-123.546632662,260.783258458,0.408848922304,25628388,4
1137,1787150056253,1270,2828,1875,3274,2081,2085,3332,1268,2839,1873,3271,2084,2082,3326,-1.18238984489,1.21725878059,-0.276731602154,1.81916610601,0.00920388472731,0.0617762288528,1.96617738062,0.253294366151,0.581353973123,-0.264971271528,0.726401918551,112.797307587,371.870226034,-1889.44858805,0.194490772486,25629048,4,30,0.189088378383,-0.43057974368,-0.346550251593,-0.811633903071,-41.7045196533,99.352142334,-1788.48878581,0.380755282442,25629048,4,30,-0.700170787325,0.68578513824,0.196748880638,0.0273768280309,-172.279677491,-134.396170956,246.144640789,0.427552623298,25629048,4
1138,1787150067517,1365,2828,1875,3267,2081,2083,3452,1362,2839,1874,3269,2084,2082,3444,-1.03989670974,1.21725878059,-0.275251754014,1.81605376023,0.00920388472731,0.0617762288528,2.14771801514,0.236032157456,0.590208552357,-0.271755508418,0.722559083408,115.359217326,359.89804484,-1921.24933268,0.164819346865,25629726,4,30,0.188368883009,-0.430016955585,-0.347251969639,-0.811799637475,-41.7443846385,99.378166453,-1788.50080566,0.396523661415,25629726,4,30,-0.701544137397,0.684195843629,0.199190781563,0.00590790860711,-199.773814186,-137.573883786,226.579279451,0.429414055619,25629726,4
1139,1787150079253,1429,2832,1874,3230,2084,2129,3524,1427,2839,1873,3232,2084,2126,3519,-0.941364222666,1.21725878059,-0.276731602154,1.75847536338,0.00920388472731,0.129730080591,2.26310401165,0.234244289167,0.587685411866,-0.276747355355,0.723302406312,117.483042908,353.785387166,-1948.01332601,0.272805374861,25630431,4,30,0.188415024671,-0.429658603403,-0.347313543932,-0.811952317073,-41.7647185008,99.4186828613,-1788.52831624,0.395514501135,25630431,4,30,-0.699537909768,0.68729221401,0.195612284571,0.0034582487702,-223.206173022,-142.815359843,212.792188369,0.48047319713,25630431,4
1140,1787150092668,1434,2850,1874,3103,2090,2287,3525,1432,2856,1874,3108,2086,2283,3519,-0.933784800583,1.24338680997,-0.275251754014,1.56550992527,0.0122718463031,0.372201778838,2.26310401165,0.25368166674,0.568625564478,-0.301635902461,0.722029335782,120.611607615,364.451939901,-1965.11407471,0.187429505587,25631235,4,30,0.188328420013,-0.429558990467,-0.347259708528,-0.812048135739,-41.7912425995,99.4514666239,-1788.54684245,0.391151201725,25631235,4,30,-0.678059336447,0.71173416376,0.182883945723,0.0149492070257,-239.219700891,-155.179300366,215.567259912,0.43373849515,25631235,4
1141,1787150103737,1382,2869,1873,3049,2094,2288,3518,1386,2874,1873,3055,2088,2285,3519,-1.00351548374,1.27105178226,-0.276731602154,1.48303276221,0.0153398078789,0.375290590281,2.26310401165,0.223820764195,0.59529743196,-0.31027576378,0.706579212422,125.947310384,384.257272339,-1959.45655518,0.178405091663,25631901,4,30,0.18811451706,-0.429642380663,-0.347141524522,-0.812104128276,-41.8269903819,99.4871060689,-1788.49465739,0.376350661119,25631901,4,30,-0.679767364606,0.705406188556,0.199197232938,-0.0252765019812,-237.653786145,-163.433331768,235.117966323,0.416495134252,25631901,4
1142,1787150114774,1311,2870,1873,3052,2096,2297,3466,1316,2875,1874,3056,2089,2294,3471,-1.1096273929,1.27258872516,-0.275251754014,1.4845889351,0.0168737886667,0.389190241773,2.18925697388,0.214725402756,0.594018303236,-0.327836576476,0.702537142048,123.372399394,395.223751831,-1930.10165609,0.163544072211,25632564,4,30,0.188283924184,-0.430007836282,-0.346972270656,-0.811943759152,-41.8172009786,99.4989639282,-1788.51343587,0.386945231756,25632564,4,30,-0.671673630548,0.714123472692,0.192990381226,-0.0404587757004,-211.93027195,-160.603110438,253.140631081,0.420087224197,25632564,4
1143,1787150126760,1226,2871,1873,3059,2095,2293,3368,1229,2876,1874,3058,2089,2291,3373,-1.24150933714,1.27412566807,-0.275251754014,1.48770128087,0.0168737886667,0.384557024609,2.03848593844,0.225912534005,0.592008789826,-0.325615233133,0.701757678761,121.714504496,406.750211589,-1895.29141032,0.166038561861,25633284,4,30,0.189188111894,-0.430809331752,-0.346278583071,-0.811604781221,-41.7891810099,99.5035313924,-1788.46623942,0.365615697702,25633284,4,30,-0.66909925116,0.71660078769,0.194779548722,-0.029162142913,-182.489543752,-155.207032875,274.142186047,0.401551543928,25633284,4
1144,1787150140200,1165,2870,1873,3083,2095,2266,3323,1167,2876,1874,3081,2089,2266,3328,-1.33549417096,1.27412566807,-0.275251754014,1.5234932573,0.0168737886667,0.345946881576,1.96925434053,0.216980668396,0.595146814388,-0.334213971395,0.69786866973,120.570090739,406.765815226,-1866.79073893,0.175371373196,25634091,4,30,0.189575593651,-0.431027499717,-0.346087236032,-0.811480137672,-41.7549746195,99.4846488953,-1788.39461263,0.392283006509,25634091,4,30,-0.666029778934,0.719081384172,0.193884658794,-0.0416537584689,-158.336965952,-144.434341082,284.579024129,0.429698819794,25634091,4
1145,1787150152922,1102,2870,1873,3091,2097,2269,3255,1104,2876,1874,3089,2090,2267,3258,-1.43099488921,1.27412566807,-0.275251754014,1.5359426404,0.0184077694546,0.347491287297,1.86156074378,0.225895707972,0.590827488037,-0.338354678866,0.696713800487,118.651595052,406.51065979,-1840.01323649,0.170646516979,25634856,4,30,0.189757495607,-0.43154978941,-0.346006642573,-0.811194351199,-41.7283391317,99.4673329671,-1788.34147135,0.378269515435,25634856,4,30,-0.660203407151,0.725138196808,0.192565305948,-0.0349951376847,-134.88769184,-134.685863868,293.823633855,0.414979589937,25634856,4
1146,1787150164078,1025,2869,1872,3091,2098,2260,3212,1027,2876,1873,3089,2091,2259,3216,-1.54771798928,1.27412566807,-0.276731602154,1.5359426404,0.0199417502425,0.335136041526,1.79694458573,0.206011702444,0.599211024901,-0.352296473299,0.688761585017,115.388560994,406.736919149,-1807.46522217,0.170045760771,25635525,4,30,0.189508651148,-0.431399059708,-0.346162556054,-0.811266175315,-41.6750582377,99.448761495,-1788.35992432,0.38369080623,25635525,4,30,-0.656275201952,0.726658611056,0.193538844274,-0.0617481824644,-105.909977931,-123.975126045,304.751127026,0.419683446828,25635525,4
1147,1787150175581,952,2870,1873,3090,2097,2230,3134,955,2876,1873,3089,2091,2230,3139,-1.65686166727,1.27412566807,-0.276731602154,1.5359426404,0.0199417502425,0.290348275608,1.67848162931,0.199839380425,0.605104602841,-0.336052709606,0.693528094614,112.19556783,410.245193481,-1778.06193848,0.165145536264,25636215,4,30,0.189350311233,-0.431131255816,-0.346296541567,-0.811388319606,-41.6018385569,99.4174682617,-1788.39864502,0.403259149194,25636215,4,30,-0.66938656261,0.713569371911,0.197545169666,-0.0609613583256,-79.704013462,-116.686775532,316.868791668,0.435764832859,25636215,4
1148,1787150187761,884,2873,1873,3085,2096,2185,3058,886,2879,1873,3089,2091,2187,3063,-1.76145769201,1.27873649678,-0.276731602154,1.5359426404,0.0199417502425,0.223938829591,1.56155715284,0.185744115683,0.61018247104,-0.312543890421,0.703912488939,109.020837148,413.862058512,-1749.67012533,0.172128894925,25636947,4,30,0.189197471071,-0.431358548311,-0.346566691061,-0.811187800936,-41.5462918599,99.3737754822,-1788.37159831,0.408023322622,25636947,4,30,-0.690753029999,0.693051705765,0.196574117376,-0.0624355752869,-54.0995924272,-109.75048542,328.784442395,0.442844654785,25636947,4
1149,1787150201567,783,2596,1874,3087,2088,2476,3061,787,2614,1874,3090,2090,2476,3063,-1.91153024925,0.871446627014,-0.275251754014,1.53749881329,0.0184077694546,0.670272083053,1.56155715284,0.133324733147,0.596777290829,-0.397086250155,0.684400387654,-12.373182106,401.748016357,-1704.61489665,0.24403886795,25637778,4,30,0.18972535937,-0.431788927554,-0.346567790453,-0.810834987327,-41.4507823944,99.2838562012,-1788.35486654,0.392342846592,25637778,4,30,-0.6497052188,0.729954484255,0.159240124311,-0.140328765364,50.9711248398,-157.03966904,268.482670493,0.462047484944,25637778,4
1150,1787150213156,785,2596,1874,3095,2085,2550,3060,786,2615,1873,3093,2088,2546,3062,-1.91304613366,0.872983569919,-0.276731602154,1.54216733195,0.0153398078789,0.778380483545,1.56001867289,0.16970977847,0.58976302544,-0.431528912204,0.661181490097,-9.98217805227,385.776041667,-1710.01252848,0.207032900552,25638474,4,30,0.189526458969,-0.431784199408,-0.346818500899,-0.810776821281,-41.4395300547,99.270585378,-1788.33763835,0.398515896996,25638474,4,30,-0.608894278821,0.764237311616,0.169750814994,-0.127959952964,45.427112953,-146.680549393,256.185398007,0.449085228069,25638474,4
1151,1787150224773,824,2590,1875,3159,2084,2513,3063,823,2609,1874,3161,2087,2509,3062,-1.85695841025,0.86376191249,-0.275251754014,1.64798708833,0.013805827091,0.721237471856,1.56001867289,0.198566239473,0.577313694658,-0.430247803723,0.664956520303,-1.32557417552,372.652292887,-1726.50666504,0.190683974822,25639170,4,30,0.189698328612,-0.431764359948,-0.346627956945,-0.810828675532,-41.4488569895,99.2710940043,-1788.35231527,0.388991006215,25639170,4,30,-0.601625691576,0.774599045188,0.168209292675,-0.0987343926306,26.8902795088,-139.025671614,245.195468308,0.433214013128,25639170,4
1152,1787150238111,872,2563,1875,3219,2084,2466,3061,869,2581,1873,3220,2086,2462,3062,-1.78722772709,0.820727511156,-0.276731602154,1.73980128872,0.0122718463031,0.648650402954,1.56001867289,0.210908214213,0.568668131297,-0.404647151705,0.684393866309,-4.03511416117,370.983534749,-1743.1336263,0.192525776227,25639971,4,30,0.189694412135,-0.431585612723,-0.346548636359,-0.810958649706,-41.4621284485,99.2755071004,-1788.37543538,0.385556398829,25639971,4,30,-0.620206081232,0.764225986581,0.162122444221,-0.0708475215988,14.5068388756,-146.159625111,236.007988402,0.430952330531,25639971,4
1153,1787150250478,938,2559,1875,3273,2084,2415,3065,936,2577,1874,3271,2086,2413,3062,-1.68566347118,0.814579739537,-0.275251754014,1.81916610601,0.0122718463031,0.57297452261,1.56001867289,0.241002767638,0.555065476688,-0.37206851051,0.703835922688,2.18979110718,370.575334676,-1766.71367188,0.199766078095,25640715,4,30,0.189392172822,-0.4313646249,-0.34676985932,-0.811052297898,-41.4845750173,99.2798805237,-1788.3472819,0.410471144319,25640715,4,30,-0.63561717072,0.75492122947,0.159682843756,-0.0242103075363,-8.49141603209,-151.469448139,230.133850003,0.456500872152,25640715,4
1154,1787150264756,1007,2533,1875,3274,2084,2465,3065,1005,2549,1874,3272,2086,2461,3062,-1.58106744644,0.771545338203,-0.275251754014,1.82072227889,0.0122718463031,0.647105997233,1.56001867289,0.281871710527,0.536953713615,-0.349852518953,0.714025393961,-5.80764954885,374.381386312,-1793.32266032,0.176133217414,25641573,4,30,0.189706997732,-0.431482999027,-0.346451034918,-0.811052006326,-41.5226812998,99.3016359965,-1788.32494303,0.392572603623,25641573,4,30,-0.63611832382,0.754610152041,0.15869284317,0.0270846462621,-26.4072507789,-169.567607653,217.988286946,0.430274516317,25641573,4
1155,1787150277441,1122,2534,1875,3275,2080,2475,3203,1119,2549,1874,3273,2084,2470,3197,-1.40825662296,0.771545338203,-0.275251754014,1.82227845178,0.00920388472731,0.661005648725,1.76771346661,0.266988363091,0.527414921017,-0.354182624081,0.724641555434,-3.1157265981,374.588769531,-1833.43961182,0.358886734645,25642335,4,30,0.190059624947,-0.431361119376,-0.346083523684,-0.811191172468,-41.5822179159,99.3375488281,-1788.34377441,0.381336972117,25642335,4,30,-0.642008644953,0.753505002252,0.140336592444,0.0189934780423,-61.5550929256,-184.009721694,204.029245112,0.523657879352,25642335,4
1157,1787150674490,1313,2538,1876,3273,2079,2417,3432,1310,2549,1874,3273,2083,2415,3424,-1.1187226994,0.771545338203,-0.275251754014,1.82227845178,0.00766990393943,0.576063334052,2.11694841607,0.206341432366,0.556539699369,-0.325481374865,0.736035767427,2.30993951162,374.363301595,-1903.14538167,0.216306218505,25666182,4,30,0.188743543072,-0.430321542751,-0.34704904333,-0.811637977375,-41.6964492798,99.4090077718,-1788.4511027,0.385113939643,25666182,4,30,-0.684981990788,0.713449991939,0.145154797772,-0.0268116762234,-121.832725261,-208.487472259,179.947115958,0.441702531882,25666182,4
1158,1787150686677,1409,2538,1875,3268,2080,2368,3565,1407,2550,1874,3273,2084,2367,3560,-0.971681910996,0.773082281108,-0.275251754014,1.82227845178,0.00920388472731,0.501931859429,2.32618168975,0.164736335874,0.592123079931,-0.310491577337,0.725153210197,6.01163571676,367.909440104,-1941.06286214,0.196048812071,25666914,4,30,0.188525209827,-0.429706750463,-0.347467543237,-0.811835365245,-41.6915922801,99.4341461182,-1788.48460693,0.406084142129,25666914,4,30,-0.70420160795,0.68645369097,0.167808267465,-0.0687154341087,-155.149033009,-217.075563869,162.608986628,0.450931776661,25666914,4
1159,1787150698538,1390,2581,1874,3146,2092,2438,3605,1393,2584,1874,3157,2086,2435,3599,-0.992904292828,0.825338339871,-0.275251754014,1.64176239678,0.0122718463031,0.606951448479,2.38618240794,0.141212695759,0.608845264591,-0.326257993771,0.709170035917,8.71404050191,389.710471598,-1956.47877604,0.178434076409,25667628,4,30,0.188442131933,-0.429800028367,-0.347195986415,-0.811921452817,-41.743294398,99.4871635437,-1788.51947428,0.383470003804,25667628,4,30,-0.69758619043,0.686542174772,0.177080959506,-0.103323196623,-169.624819368,-236.629687034,173.837999582,0.422951490647,25667628,4
1160,1787150710617,1322,2593,1873,3134,2093,2476,3517,1325,2597,1873,3145,2086,2472,3522,-1.09598443315,0.845318597633,-0.276731602154,1.62308832213,0.0122718463031,0.664094460168,2.26771945151,0.160179836377,0.586795224176,-0.347504571695,0.713620597764,9.5752813975,396.821352132,-1927.99957682,0.199474621316,25668354,4,30,0.188526501546,-0.430010084727,-0.347092236355,-0.811834998452,-41.7301317851,99.4964487712,-1788.46997477,0.401167598367,25668354,4,30,-0.680855757843,0.70931393836,0.159600202657,-0.0885265450143,-146.623324773,-229.541534644,190.565311468,0.44802406914,25668354,4
1161,1787150726332,1243,2592,1873,3162,2093,2456,3440,1246,2597,1873,3164,2087,2453,3445,-1.21573930206,0.845318597633,-0.276731602154,1.652655607,0.013805827091,0.634750751463,2.14925649509,0.16228163112,0.583422139448,-0.355021047415,0.712210176349,9.20916264852,402.599840291,-1893.4637085,0.190509567658,25669296,4,30,0.18926383225,-0.430575012212,-0.346488065379,-0.811622067967,-41.7030358632,99.4996815999,-1788.43727214,0.37443789343,25669296,4,30,-0.675527891675,0.715210368055,0.155894382387,-0.0885050198368,-118.248155693,-219.729238849,207.915236962,0.420116211787,25669296,4
1162,1787150737477,1168,2592,1873,3189,2093,2422,3354,1170,2597,1873,3188,2086,2423,3360,-1.33094651771,0.845318597633,-0.276731602154,1.69000375631,0.0122718463031,0.588418579823,2.01848569904,0.168447679187,0.581433588666,-0.353653363322,0.713084609257,9.28327356974,405.108349609,-1860.42338867,0.191955036422,25669965,4,30,0.189757485199,-0.431147086355,-0.346293982207,-0.811285871087,-41.660973231,99.4771827698,-1788.36299642,0.391046117743,25669965,4,30,-0.674766626546,0.716807987596,0.155488548617,-0.0818512056547,-91.0558085384,-208.119572062,222.696003587,0.435618872651,25669965,4
1163,1787150748862,1067,2592,1874,3193,2093,2402,3254,1069,2597,1874,3192,2087,2401,3258,-1.48405084378,0.845318597633,-0.275251754014,1.69622844786,0.013805827091,0.554441653954,1.86156074378,0.16668890176,0.58264942708,-0.351706561971,0.713468253968,6.01962064107,409.864784749,-1819.94053548,0.195101527373,25670649,4,30,0.18996509097,-0.431272283541,-0.346104021092,-0.811251803231,-41.6160739899,99.4631357829,-1788.36544596,0.379905516903,25670649,4,30,-0.676690828772,0.714828168948,0.155856045378,-0.0825778678162,-55.7313931839,-197.288649647,239.971935643,0.427074709807,25670649,4
1164,1787150761018,969,2592,1874,3192,2093,2423,3147,972,2597,1874,3192,2086,2421,3150,-1.63109163219,0.845318597633,-0.275251754014,1.69622844786,0.0122718463031,0.58532976838,1.6954049088,0.188176607186,0.576307979545,-0.36329513538,0.707442804635,2.52019405365,401.653377279,-1780.56108398,0.205086099108,25671381,4,30,0.189621608549,-0.431174946382,-0.346396028791,-0.811259269544,-41.5429489136,99.4289627075,-1788.37489014,0.394125630458,25671381,4,30,-0.660882751992,0.730199408894,0.158798598653,-0.069468096531,-20.7226888258,-178.129816086,247.35106971,0.444291931765,25671381,4
1165,1787150773271,892,2596,1874,3187,2092,2413,3068,894,2600,1874,3192,2086,2413,3074,-1.74933061668,0.849929426347,-0.275251754014,1.69622844786,0.0122718463031,0.57297452261,1.57848043233,0.192594884968,0.576944882408,-0.364016145383,0.705360942248,0.836192258199,395.310088094,-1750.58605957,0.212142074108,25672116,4,30,0.189384771921,-0.4312486577,-0.34670245269,-0.811144507899,-41.4888411204,99.3956982931,-1788.39956868,0.407991399368,25672116,4,30,-0.65827653171,0.732140926411,0.161633717512,-0.0672027755148,5.44575657904,-162.796231157,253.484372043,0.45984915088,25672116,4
1166,1787150784422,823,2605,1875,3141,2089,2353,3070,826,2609,1874,3152,2086,2355,3074,-1.852410757,0.86376191249,-0.275251754014,1.63398153234,0.0122718463031,0.483398990773,1.57848043233,0.11517946106,0.597644293865,-0.351164446311,0.71150440716,-7.39063415527,410.508847046,-1718.86949463,0.24721981287,25672785,4,30,0.189752421029,-0.431736626943,-0.34652607335,-0.810874333148,-41.4587343852,99.3662320455,-1788.35892334,0.376523170869,25672785,4,30,-0.691422374964,0.694436708298,0.15071028795,-0.130304131455,36.2289958042,-165.66892413,272.10367595,0.450430165593,25672785,4
1167,1787150795698,830,2634,1874,3048,2084,2465,3073,828,2639,1873,3059,2086,2466,3073,-1.84937898817,0.909870199634,-0.276731602154,1.48925745376,0.0122718463031,0.65482802584,1.57694195237,0.142595778215,0.598884374094,-0.370377638402,0.695574838154,-3.71303462982,422.496767171,-1721.93929443,0.231654385229,25673463,4,30,0.189791981309,-0.431685955887,-0.34633622823,-0.810973153894,-41.4619747162,99.3781585693,-1788.39147949,0.37724109292,25673463,4,30,-0.667283764185,0.716489134203,0.164500638941,-0.11964630547,31.4553482857,-172.977369252,281.666294385,0.442690181034,25673463,4
1168,1787150807350,927,2674,1873,3018,2086,2491,3168,925,2679,1873,3030,2086,2488,3162,-1.70233819976,0.971347915825,-0.276731602154,1.44412844001,0.0122718463031,0.688804951709,1.71386666824,0.158930876206,0.599369055152,-0.375850056547,0.688646823348,15.9236275991,435.099982707,-1765.3594401,0.262839697301,25674162,4,30,0.189276419768,-0.431389643325,-0.34642565808,-0.81121308913,-41.5366179148,99.420371755,-1788.37253418,0.401032539209,25674162,4,30,-0.656914949393,0.725466977263,0.173059095564,-0.110503228948,-15.5839781489,-187.06156435,285.091554225,0.479491192809,25674162,4
1169,1787150819903,1019,2674,1874,3010,2085,2502,3233,1018,2679,1873,3022,2086,2499,3227,-1.56136094903,0.971347915825,-0.276731602154,1.43167905691,0.0122718463031,0.705793414643,1.81386786522,0.171723582136,0.596407669918,-0.361375446067,0.695856802497,19.3864109039,443.494760132,-1808.7553833,0.280358586709,25674918,4,30,0.189602906012,-0.431507947809,-0.346058012767,-0.811230843108,-41.6102456411,99.4565834045,-1788.34626872,0.374061178168,25674918,4,30,-0.664238991344,0.721146447936,0.174465042932,-0.0910840919321,-53.9487801978,-208.03956617,276.239857979,0.467464118573,25674918,4
1170,1787150831668,1096,2674,1873,2994,2086,2526,3316,1093,2679,1873,3005,2085,2523,3310,-1.44766961779,0.971347915825,-0.276731602154,1.40522411781,0.0107378655152,0.742859151955,1.94156170136,0.16668514865,0.596258895767,-0.366007700932,0.694787559832,20.4189137777,444.899910482,-1844.62421061,0.274594684442,25675623,4,30,0.189690897399,-0.431586651822,-0.345856882863,-0.811254178411,-41.6749257406,99.4941390991,-1788.35624593,0.373009734352,25675623,4,30,-0.662781753486,0.722266306641,0.172077360617,-0.0971653822076,-84.4697674118,-222.629663404,263.870739238,0.463183012043,25675623,4
1171,1787150842980,1159,2672,1875,2988,2086,2555,3352,1156,2679,1874,2999,2086,2551,3347,-1.35216889955,0.971347915825,-0.275251754014,1.39588708049,0.0122718463031,0.786102512152,1.99848545964,0.188047395754,0.58564754636,-0.362064906702,0.700402835322,22.0904389064,440.130236816,-1873.95541178,0.237562468151,25676304,4,30,0.189392205503,-0.431413076709,-0.346130266207,-0.811299690962,-41.7039014181,99.5033988953,-1788.33794352,0.378042880694,25676304,4,30,-0.659956280126,0.728216952779,0.169489355188,-0.0736962447103,-109.578643072,-230.010033401,250.029232208,0.446488909064,25676304,4
1172,1787150855195,1211,2673,1874,2986,2086,2545,3385,1208,2679,1874,2999,2086,2543,3378,-1.27334290989,0.971347915825,-0.275251754014,1.39588708049,0.0122718463031,0.773747266381,2.0461783382,0.193907963874,0.58633917,-0.345208286804,0.706708792921,24.4198160807,438.587495931,-1898.69818115,0.247993823886,25677036,4,30,0.189183813212,-0.430944225277,-0.346189966071,-0.811571972724,-41.726010259,99.52837677,-1788.41151937,0.37931202352,25677036,4,30,-0.670032635464,0.719306260648,0.173125535005,-0.0606821220417,-131.380973034,-237.45920372,240.52374288,0.453187100294,25677036,4
1173,1787150866833,1274,2673,1874,2986,2086,2547,3458,1272,2678,1873,2999,2086,2543,3453,-1.17632630723,0.969810972921,-0.276731602154,1.39588708049,0.0122718463031,0.773747266381,2.16156433472,0.186968232659,0.586586820477,-0.345147969108,0.708400777413,26.6281621297,429.666073608,-1927.24586589,0.195349378387,25677735,4,30,0.188909282075,-0.430697384548,-0.346433924758,-0.811662849875,-41.7539770762,99.540544637,-1788.4547404,0.367475219568,25677735,4,30,-0.672733003075,0.716896269787,0.170574851955,-0.0662892511671,-156.057278564,-241.41365533,224.248815343,0.416172340062,25677735,4
1174,1787150879026,1338,2673,1875,2987,2087,2563,3501,1336,2678,1874,2999,2086,2560,3497,-1.07930970457,0.969810972921,-0.275251754014,1.39588708049,0.0122718463031,0.800002163644,2.22925745267,0.202560032912,0.576685877811,-0.338993798161,0.715182519507,28.3020968119,416.722165934,-1953.90045166,0.18354549557,25678467,4,30,0.188285432074,-0.429981439417,-0.34703108529,-0.811932253127,-41.772345225,99.5489293416,-1788.50417887,0.403454178572,25678467,4,30,-0.672863489293,0.719109168456,0.167181689235,-0.0467654937225,-178.614357626,-242.377495141,205.463567544,0.443242848956,25678467,4
1175,1787150890078,1405,2677,1874,2990,2086,2600,3550,1402,2682,1873,2999,2086,2595,3545,-0.979261333079,0.97595874454,-0.276731602154,1.39588708049,0.0122718463031,0.85405636389,2.30310449044,0.218722782923,0.555273863642,-0.346498564408,0.723719576528,30.0894271851,396.706837972,-1977.02677816,0.21191428105,25679133,4,30,0.18836224801,-0.429675748057,-0.346981125042,-0.812097601228,-41.7992989858,99.5611521403,-1788.53380534,0.380294892192,25679133,4,30,-0.664891068011,0.73108019445,0.150597251027,-0.0276058860656,-198.732496348,-236.797483314,182.826407153,0.435352578424,25679133,4
1176,1787150901269,1417,2670,1874,3012,2088,2613,3546,1415,2682,1874,3015,2085,2607,3545,-0.959554835664,0.97595874454,-0.275251754014,1.42078584669,0.0107378655152,0.872589232546,2.30310449044,0.229963401732,0.538528459564,-0.354300918611,0.72909175772,30.8973552704,387.372990926,-1976.02853597,0.202449301879,25679805,4,30,0.188392245099,-0.4296657689,-0.347104287803,-0.812043288508,-41.7839146932,99.5590911865,-1788.53529867,0.388083151976,25679805,4,30,-0.657138623651,0.741040545747,0.137116387862,-0.0150610439366,-198.255468699,-229.455879482,176.968614234,0.437714807471,25679805,4
1177,1787150913355,1355,2661,1875,3085,2089,2560,3487,1357,2682,1874,3084,2086,2557,3492,-1.04747613182,0.97595874454,-0.275251754014,1.52816177596,0.0122718463031,0.79536894648,2.22156505291,0.235086759011,0.529122456501,-0.371904967335,0.725568974692,36.6436369578,383.744715373,-1940.18251139,0.228829487662,25680531,4,30,0.188347942973,-0.42988353146,-0.34727333675,-0.811866018096,-41.7650235494,99.5506289164,-1788.47218831,0.404524344206,25680531,4,30,-0.643095038072,0.754626816251,0.129258216335,-0.0161075669305,-171.669234952,-209.072352457,191.699358782,0.46476109936,25680531,4
1178,1787150925821,1285,2629,1874,3133,2088,2485,3465,1288,2651,1874,3134,2086,2481,3470,-1.15207215656,0.928313514491,-0.275251754014,1.60597042036,0.0122718463031,0.67799411166,2.18771849393,0.192734506542,0.560866939874,-0.369703533522,0.715262876882,28.9135581334,393.968497721,-1910.46363525,0.231163483858,25681278,4,30,0.18895911374,-0.430538176773,-0.34678068997,-0.8115876322,-41.7482412974,99.5516487122,-1788.45690918,0.375395908952,25681278,4,30,-0.657348146373,0.737046652274,0.144222449904,-0.0620929285453,-143.059646242,-208.632408326,206.316426636,0.440861253375,25681278,4
1179,1787150938226,1203,2624,1874,3204,2089,2437,3368,1205,2651,1874,3204,2086,2433,3373,-1.27789056314,0.928313514491,-0.275251754014,1.71490252251,0.0122718463031,0.603862637036,2.03848593844,0.211697864506,0.549883929436,-0.382398995033,0.711746223671,32.0977531433,383.600865682,-1867.9303304,0.225346502662,25682025,4,30,0.189474850147,-0.430845491502,-0.346482035688,-0.811431847144,-41.6927246094,99.5273101807,-1788.39816488,0.393008261919,25682025,4,30,-0.64184276142,0.752296248967,0.14043519578,-0.0486433879224,-109.685942684,-182.485099696,217.109113724,0.45303039655,25682025,4
1180,1787150950558,1115,2623,1874,3252,2090,2370,3272,1117,2642,1873,3250,2086,2367,3276,-1.41128839179,0.914481028348,-0.276731602154,1.78648647536,0.0122718463031,0.501931859429,1.88925338294,0.212107218466,0.558755539919,-0.3699487833,0.711295066916,30.6278637568,382.643963623,-1832.01425781,0.219378465911,25682766,4,30,0.19002628311,-0.431557047333,-0.346119747456,-0.81107930996,-41.6546991984,99.4983060201,-1788.31267904,0.373316452901,25682766,4,30,-0.649699077247,0.743965676145,0.14934516355,-0.0458497967999,-79.1736905456,-168.349817528,229.555932134,0.433003562701,25682766,4
1181,1787150964575,994,2628,1874,3264,2088,2308,3147,997,2642,1874,3261,2085,2308,3151,-1.59319452177,0.914481028348,-0.275251754014,1.80360437713,0.0107378655152,0.410811921871,1.69694338875,0.204211141396,0.571188111062,-0.34921941983,0.714204276328,27.8655214945,387.127856445,-1787.59364827,0.167189326386,25683606,4,30,0.189719816916,-0.431353539002,-0.346355489434,-0.81115867153,-41.5699521383,99.4740804036,-1788.37445475,0.384973512093,25683606,4,30,-0.666020041697,0.727093834745,0.159725452631,-0.047324827686,-40.5326721014,-155.501526955,248.481321502,0.419710466716,25683606,4
1182,1787150977080,860,2631,1874,3267,2089,2270,2959,863,2642,1874,3266,2086,2273,2962,-1.79632303359,0.914481028348,-0.275251754014,1.81138524157,0.0122718463031,0.356757721625,1.40617067753,0.229791036159,0.565812040399,-0.314499482658,0.726734401311,23.0306834539,383.237561035,-1739.78405355,0.161235506336,25684359,4,30,0.189482736273,-0.431325766218,-0.346667795792,-0.811095441617,-41.4688453674,99.4115430196,-1788.39044596,0.395837901036,25684359,4,30,-0.680931995297,0.713350918175,0.165537223764,-0.00771445835302,2.1639857435,-136.721835221,261.500355724,0.427416111535,25684359,4
1183,1787150988276,818,2638,1875,3160,2084,2317,3009,822,2643,1874,3171,2086,2318,3004,-1.85847429467,0.916017971253,-0.275251754014,1.66354881721,0.0122718463031,0.426255979084,1.47078683558,0.162331005421,0.58687239353,-0.328370534784,0.722081872281,10.2078455607,406.431156413,-1719.21877848,0.231501172483,25685031,4,30,0.18981885311,-0.431660208243,-0.346447110794,-0.810933207512,-41.4499060313,99.3956143697,-1788.36894531,0.374380212029,25685031,4,30,-0.694313120059,0.6979210297,0.158128490641,-0.0763603828172,26.13083452,-152.3287057,278.9878812,0.440174210989,25685031,4
1184,1787151002308,854,2664,1875,3036,2083,2517,3040,851,2669,1874,3047,2085,2514,3034,-1.81451364659,0.955978486778,-0.275251754014,1.47058337911,0.0107378655152,0.728959500463,1.51694123419,0.211362341956,0.585619164085,-0.370313592908,0.689379429608,12.09263738,418.701293945,-1736.20280355,0.23231574595,25685874,4,30,0.189432779785,-0.431552649699,-0.34654060472,-0.811040776879,-41.4795698802,99.4141281128,-1788.3666748,0.383472340306,25685874,4,30,-0.643472677728,0.741386833365,0.1805536028,-0.0607360917966,10.9811316951,-166.407112297,282.353382916,0.448354370555,25685874,4
1185,1787151013963,1006,2676,1875,3021,2084,2475,3227,1004,2681,1874,3032,2085,2474,3222,-1.58258333086,0.974421801635,-0.275251754014,1.44724078579,0.0107378655152,0.66718327161,1.80617546545,0.162274974699,0.600906696248,-0.358471265794,0.695755938955,21.0997089386,443.194418335,-1801.73004557,0.277773707608,25686573,4,30,0.189389046029,-0.431468217656,-0.346218783268,-0.811233332962,-41.5992997487,99.4789380391,-1788.3523234,0.384095087647,25686573,4,30,-0.668849962362,0.715509254416,0.175571080329,-0.0993027212367,-48.9017565811,-203.988038366,279.728366353,0.474011886975,25686573,4
1186,1787151025727,1102,2675,1875,3005,2084,2482,3332,1100,2681,1873,3016,2085,2479,3326,-1.43705842687,0.974421801635,-0.276731602154,1.42234201958,0.0107378655152,0.674905300217,1.96617738062,0.149615246394,0.608487454042,-0.351589430565,0.695516476177,23.3086201986,448.789148966,-1848.12717692,0.27987335821,25687281,4,30,0.18970728439,-0.431496446458,-0.345821232368,-0.811313526442,-41.6774091085,99.5360679626,-1788.37096354,0.374081268907,25687281,4,30,-0.676871906856,0.705766575343,0.178602267008,-0.108808056033,-89.0654702964,-224.928370195,266.919976613,0.467189353884,25687281,4
1187,1787151038074,1182,2673,1874,2973,2083,2529,3414,1179,2681,1873,2984,2085,2526,3409,-1.31730355797,0.974421801635,-0.276731602154,1.37254448717,0.0107378655152,0.747492369119,2.09387121676,0.151176436519,0.606604966914,-0.357693308664,0.693708581534,22.2917049408,446.83719991,-1887.71728516,0.248232031365,25688022,4,30,0.189346553903,-0.431183776375,-0.346082449601,-0.81145263053,-41.7129113515,99.5506851196,-1788.39301351,0.385131550829,25688022,4,30,-0.672053759954,0.710374928307,0.177706826329,-0.11014303809,-121.207783592,-239.991270046,249.564998946,0.458198049799,25688022,4
1188,1787151050405,1311,2683,1874,2946,2086,2545,3511,1307,2689,1873,2958,2085,2541,3505,-1.12327035265,0.986717344873,-0.276731602154,1.33208399208,0.0107378655152,0.770658454939,2.2415652923,0.16898761057,0.606876772559,-0.331920383181,0.702120096302,27.4478864034,436.072455851,-1952.35483398,0.193218999604,25688763,4,30,0.188196665193,-0.430043028115,-0.346840922009,-0.812001467979,-41.784716924,99.5963007609,-1788.5043335,0.400753249725,25688763,4,30,-0.684179197355,0.6999279485,0.186988487319,-0.0838748974745,-177.005930904,-255.644086798,219.479712339,0.444900830493,25688763,4
1189,1787151062009,1321,2760,1874,2954,2087,2503,3511,1319,2763,1873,2957,2085,2500,3505,-1.10507973965,1.10045111983,-0.276731602154,1.33052781919,0.0107378655152,0.707337820365,2.2415652923,0.193633353055,0.595249383751,-0.34108548698,0.701316609172,63.890270106,424.793015544,-1952.6138265,0.17190904369,25689459,4,30,0.188085479663,-0.430021379261,-0.346883236111,-0.812020619334,-41.8177187602,99.6236221313,-1788.48794759,0.397294861078,25689459,4,30,-0.670717048732,0.715467670725,0.184788574379,-0.0640143379828,-197.488115214,-225.994713986,231.886720293,0.43289251084,25689459,4
1190,1787151073664,1371,2821,1873,2969,2086,2481,3524,1368,2826,1873,2969,2085,2477,3519,-1.03080140324,1.19727852283,-0.276731602154,1.34920189385,0.0107378655152,0.671816488774,2.26310401165,0.23196736698,0.568969628776,-0.347715772261,0.708207910086,94.9585657756,398.733277384,-1963.96383464,0.187668203811,25690158,4,30,0.188064111011,-0.429761909262,-0.346894493716,-0.812158113748,-41.8247666677,99.6327095032,-1788.52549642,0.390101399024,25690158,4,30,-0.655452850941,0.734767116083,0.172807861626,-0.0252247552428,-224.126938305,-193.885241609,226.108533385,0.432895433381,25690158,4
1191,1787151085073,1374,2834,1873,3065,2095,2352,3524,1369,2839,1873,3064,2088,2348,3519,-1.02928551882,1.21725878059,-0.276731602154,1.4970383182,0.0153398078789,0.472588150724,2.26310401165,0.222653956738,0.577169773436,-0.336274014995,0.710084540755,108.948205058,383.895143636,-1949.00072021,0.158567076425,25690845,4,30,0.188075811415,-0.429815366571,-0.346986833879,-0.812087665794,-41.8123825073,99.6211972555,-1788.52599284,0.392397195101,25690845,4,30,-0.666168855605,0.723725731984,0.177520190166,-0.0304417931361,-219.406654774,-169.181854203,229.195963162,0.423224617017,25690845,4
1192,1787151097139,1291,2854,1873,3168,2098,2210,3454,1294,2859,1873,3166,2091,2207,3458,-1.14297685006,1.24799763869,-0.276731602154,1.65576795277,0.0199417502425,0.254826944018,2.16925673449,0.208639010375,0.586025184309,-0.33609877142,0.707164664386,119.325728861,375.97452596,-1904.09672852,0.168110411863,25691568,4,30,0.188674923933,-0.430566551847,-0.346788725976,-0.811635261091,-41.769056193,99.5941088359,-1788.42919515,0.381093666951,25691568,4,30,-0.670362405761,0.718427583462,0.180097498805,-0.0451767992259,-187.98617011,-139.10020086,247.04043593,0.4165255017,25691568,4
1193,1787151109154,1155,2860,1873,3180,2098,2163,3349,1157,2865,1873,3178,2091,2162,3354,-1.35065301513,1.25721929612,-0.276731602154,1.67444202743,0.0199417502425,0.185328686558,2.00925481932,0.18666637755,0.602316328516,-0.341161132385,0.697122504044,117.86477712,388.220677694,-1851.93440755,0.16575354437,25692291,4,30,0.189467173097,-0.431202676321,-0.346268162019,-0.811335197205,-41.7088052114,99.5743143717,-1788.35137533,0.400064290563,25692291,4,30,-0.671820048013,0.712797576453,0.18807713585,-0.0721417289852,-144.153627583,-127.328973174,275.373051458,0.433042346723,25692291,4
1194,1787151120309,1057,2860,1873,3180,2099,2154,3233,1059,2865,1874,3177,2091,2152,3237,-1.49920968795,1.25721929612,-0.275251754014,1.67288585454,0.0199417502425,0.169884629345,1.82925266475,0.196329306403,0.600402236415,-0.33050284383,0.70124163323,114.44794693,393.792529297,-1815.41013184,0.169608637194,25692960,4,30,0.189745884509,-0.431343658937,-0.34596255246,-0.81132549541,-41.6575590769,99.5619661967,-1788.3603597,0.385252279043,25692960,4,30,-0.676320627627,0.709357983619,0.189856543558,-0.0579323104263,-112.035432121,-118.713835683,291.59446258,0.420935159281,25692960,4
1195,1787151131929,930,2861,1873,3176,2098,2143,3094,933,2866,1873,3178,2092,2145,3099,-1.69021112443,1.25875623902,-0.276731602154,1.67444202743,0.0214757310304,0.159073789296,1.61694243117,0.203920414436,0.598404109717,-0.325449675225,0.703144007261,109.443085988,390.628815715,-1767.0213501,0.17154387037,25693659,4,30,0.189482076413,-0.431201644613,-0.346272774437,-0.811330296541,-41.5490314484,99.5115114848,-1788.3789266,0.400406015913,25693659,4,30,-0.677181246644,0.708844479051,0.191251738899,-0.0488654896735,-68.8270173423,-100.374806266,305.273304392,0.435605643949,25693659,4
1196,1787151144231,858,2863,1874,3121,2096,2140,3082,861,2869,1873,3126,2092,2142,3087,-1.79935480242,1.26336706773,-0.276731602154,1.59352103725,0.0214757310304,0.154440572132,1.59848067172,0.150285649159,0.616430756394,-0.325982256957,0.700830160864,103.79470698,404.216707357,-1736.80182292,0.175337748726,25694397,4,30,0.189384586754,-0.431527906529,-0.346436020979,-0.81110987391,-41.5170986176,99.4692932129,-1788.37415365,0.386523975929,25694397,4,30,-0.693063555667,0.688795175275,0.187893648224,-0.0995996550252,-40.4076702344,-101.092222499,323.718697802,0.424433870109,25694397,4
1197,1787151155602,870,2883,1872,2967,2087,2331,3138,867,2888,1873,2975,2090,2331,3132,-1.79025949592,1.29256898293,-0.276731602154,1.35853893118,0.0184077694546,0.446333253462,1.66771226963,0.158822004964,0.624028878127,-0.369372091994,0.670020736738,104.925665029,426.091749064,-1741.70658366,0.183896046877,25695081,4,30,0.189148431595,-0.431475264485,-0.346446414645,-0.81118854081,-41.5307289124,99.4800687154,-1788.3662028,0.391639382641,25695081,4,30,-0.6547575989,0.718318540467,0.202264862788,-0.119999526603,-45.2488526565,-117.499659524,338.301871809,0.432665184747,25695081,4
1198,1787151168176,971,2919,1872,2919,2086,2364,3247,969,2923,1873,2927,2088,2361,3242,-1.63563928544,1.34636198459,-0.276731602154,1.28384263255,0.0153398078789,0.492665425101,1.83694506452,0.162820423259,0.626816283196,-0.377807180676,0.661704307919,122.556799571,436.516699219,-1790.38243408,0.177551541229,25695837,4,30,0.189047512138,-0.431575379365,-0.34622809667,-0.811252017044,-41.635064443,99.5415855408,-1788.36925456,0.390178755919,25695837,4,30,-0.645739172682,0.724364805308,0.20788018401,-0.122891736052,-95.6216133338,-133.471325177,336.9824339,0.428677047862,25695837,4
1199,1787151179231,1076,2899,1872,2906,2088,2396,3338,1073,2920,1873,2915,2088,2393,3333,-1.47798730612,1.34175115588,-0.276731602154,1.2651685579,0.0153398078789,0.542086408183,1.97694674029,0.175568892539,0.618924001204,-0.379635980774,0.664819649836,124.642752075,437.382056681,-1839.15329183,0.177561020851,25696500,4,30,0.189482075717,-0.431658502541,-0.345719142695,-0.81132345864,-41.711971283,99.5782470703,-1788.34357503,0.368028648694,25696500,4,30,-0.642033001225,0.730909266039,0.203935820143,-0.109432405708,-137.700643454,-152.19006279,319.755613982,0.408623301325,25696500,4
1200,1787151191073,1169,2898,1872,2906,2089,2412,3411,1166,2920,1873,2915,2088,2409,3405,-1.33701005538,1.34175115588,-0.276731602154,1.2651685579,0.0153398078789,0.566796899724,2.08771729695,0.188558100791,0.608008288117,-0.37935984495,0.671459509015,128.207419332,429.053578695,-1881.52132161,0.16994412442,25697211,4,30,0.189203730006,-0.431300954228,-0.345955058415,-0.811477992918,-41.7612121582,99.6149693807,-1788.37356364,0.391142554084,25697211,4,30,-0.640191816232,0.736499704024,0.19724054945,-0.0939084131233,-174.809119922,-161.177230617,299.264614908,0.426466297661,25697211,4
1201,1787151203343,1251,2898,1872,2905,2090,2411,3462,1249,2920,1874,2914,2088,2409,3456,-1.21119164881,1.34175115588,-0.275251754014,1.26361238501,0.0153398078789,0.566796899724,2.16617977458,0.203992020443,0.603728784393,-0.361521038022,0.680588972551,131.281918335,421.026326497,-1918.72654215,0.185267048577,25697949,4,30,0.188905919951,-0.431042702444,-0.34618331763,-0.811587242798,-41.8149693807,99.6392461141,-1788.43429362,0.362962058187,25697949,4,30,-0.648902361859,0.730991624107,0.198940839679,-0.070707231357,-207.253333472,-168.677096788,280.753184819,0.407511147052,25697949,4
1202,1787151214339,1324,2901,1872,2906,2092,2420,3533,1322,2920,1873,2914,2089,2416,3527,-1.1005320864,1.34175115588,-0.276731602154,1.26361238501,0.0168737886667,0.577607739774,2.27541185128,0.202809915565,0.59688451103,-0.364118679917,0.685576112168,133.142729187,406.904426066,-1949.00474447,0.179608743389,25698609,4,30,0.188073194521,-0.43011881087,-0.346822910836,-0.81199762965,-41.8363071442,99.6533615112,-1788.49568278,0.39446396629,25698609,4,30,-0.648989624977,0.732927344291,0.191647787951,-0.0700078569588,-233.08949999,-170.386787069,259.656824473,0.433429488387,25698609,4
1203,1787151226119,1321,2949,1873,3051,2102,2254,3467,1323,2953,1874,3049,2094,2251,3470,-1.09901620198,1.39247027174,-0.275251754014,1.47369572488,0.0245436926062,0.322780795756,2.18771849393,0.232699406723,0.582516136602,-0.338400099416,0.701435178348,155.183976746,376.375527954,-1924.90740153,0.164069268107,25699317,4,30,0.188073121434,-0.430069724571,-0.346973185347,-0.811959445817,-41.8131711324,99.6371757507,-1788.50619303,0.404733287295,25699317,4,30,-0.65887920892,0.727778953186,0.188409936886,-0.0267895321828,-225.181183742,-126.359534767,259.468657055,0.436723892845,25699317,4
1204,1787151238969,1243,2894,1873,3202,2102,2153,3361,1247,2912,1874,3197,2095,2150,3363,-1.21422341764,1.32945561264,-0.275251754014,1.7040093123,0.0260776733941,0.166795817903,2.0231011389,0.248643796188,0.568912500917,-0.328340037445,0.711834003633,137.840199788,362.952975464,-1878.4825765,0.161734867096,25700088,4,30,0.188971151294,-0.430851266951,-0.346423074551,-0.811571403614,-41.7633719126,99.6078063965,-1788.44038493,0.371712711453,25700088,4,30,-0.662089723575,0.727703654052,0.179107688029,-0.0022418529733,-177.017135288,-108.594045232,258.046477318,0.405374526938,25700088,4
1205,1787151250224,1088,2891,1873,3273,2104,2020,3242,1091,2912,1874,3266,2097,2018,3247,-1.45070138662,1.32945561264,-0.275251754014,1.81138524157,0.0291456349698,-0.0370657373117,1.84463746429,0.208580688978,0.594551958632,-0.316673383999,0.709027525939,131.257296753,365.37461141,-1820.32585042,0.180810052653,25700763,4,30,0.189807263594,-0.431605854798,-0.346034316853,-0.811141073027,-41.670398585,99.5612337748,-1788.35234375,0.374830924471,25700763,4,30,-0.682563466612,0.705089570957,0.188314250037,-0.0386465290503,-125.078702299,-90.8121574061,278.731976945,0.416161623748,25700763,4
1206,1787151262105,919,2890,1873,3262,2101,1978,3108,922,2909,1873,3264,2097,1981,3112,-1.70688585301,1.32484478393,-0.276731602154,1.80827289579,0.0291456349698,-0.0942087490005,1.63694267056,0.17494131769,0.605150076228,-0.31573356769,0.709578209107,122.757219187,367.203241984,-1761.03808187,0.179148655633,25701477,4,30,0.189324550132,-0.431297390213,-0.346489432033,-0.811223674089,-41.5431259155,99.5042750041,-1788.37517904,0.404718628526,25701477,4,30,-0.694107259596,0.692013395176,0.185712040614,-0.0695960562454,-70.8996840655,-73.7536295273,298.225240608,0.442596214501,25701477,4
1207,1787151274183,817,2881,1873,3147,2097,2161,3072,820,2899,1873,3152,2097,2158,3076,-1.8615060635,1.30947535488,-0.276731602154,1.63398153234,0.0291456349698,0.179151063673,1.58155739224,0.168468566795,0.60918917889,-0.378083940488,0.676431386225,117.109155273,370.478726196,-1724.06571045,0.179922250907,25702203,4,30,0.189612312424,-0.43189631635,-0.34641433438,-0.810869811891,-41.4868577321,99.451281484,-1788.35246582,0.376198799411,25702203,4,30,-0.648686942124,0.729173104448,0.188495447103,-0.109459130679,-36.7934507302,-64.6789643229,311.775931724,0.417010255329,25702203,4
1208,1787151285702,824,2888,1872,2995,2086,2311,3077,822,2899,1873,3003,2091,2308,3076,-1.85847429467,1.30947535488,-0.276731602154,1.40211177204,0.0199417502425,0.410811921871,1.58155739224,0.172668267616,0.6187447577,-0.373932436303,0.668965714561,110.709879812,408.975538127,-1723.45876058,0.174665806194,25702896,4,30,0.189549201172,-0.431890185089,-0.346308447746,-0.810933059739,-41.5000832876,99.4670661926,-1788.36822917,0.377029188474,25702896,4,30,-0.647491107923,0.726758957523,0.201758738419,-0.108949962332,-33.0661699067,-94.8754228059,336.276506365,0.415522746447,25702896,4
1209,1787151296959,885,2889,1872,2978,2087,2323,3134,882,2899,1873,2985,2091,2320,3128,-1.76752122968,1.30947535488,-0.276731602154,1.37410066005,0.0199417502425,0.429344790527,1.66155834982,0.173210558388,0.619324263926,-0.366367973616,0.672465661937,112.018808492,422.436367798,-1748.77795003,0.175263543924,25703571,4,30,0.189199554371,-0.431464268377,-0.346357970276,-0.811220235304,-41.5312697093,99.4899800618,-1788.36945801,0.391794165969,25703571,4,30,-0.653068214758,0.722028997109,0.202939670365,-0.104840471188,-55.0931265529,-113.529719771,336.920218311,0.429208548745,25703571,4
1210,1787151308407,966,2887,1872,2965,2086,2342,3198,964,2899,1873,2973,2090,2339,3192,-1.64321870752,1.30947535488,-0.276731602154,1.3554265854,0.0184077694546,0.458688499232,1.76002106685,0.184056183554,0.616582811918,-0.36125370815,0.674866442855,115.213310242,431.008561198,-1785.7476237,0.176671797037,25704258,4,30,0.189025600153,-0.431440782667,-0.346289217503,-0.811302626262,-41.6055646261,99.5302347819,-1788.3657959,0.397260864576,25704258,4,30,-0.653650293943,0.722744334538,0.204520821105,-0.0924832625699,-87.6769787424,-132.290047938,330.588847119,0.434774790428,25704258,4
1211,1787151319701,1071,2890,1873,2928,2088,2371,3260,1068,2899,1873,2937,2090,2369,3254,-1.4855667282,1.30947535488,-0.276731602154,1.29940436143,0.0184077694546,0.505020670872,1.85540682397,0.203245993974,0.613543312529,-0.33556448795,0.685311713026,117.005208079,445.105280558,-1837.05273844,0.168574581544,25704936,4,30,0.189606631765,-0.431665203848,-0.345611520742,-0.811336646348,-41.6925703684,99.5845481873,-1788.35657959,0.363278333346,25704936,4,30,-0.666352064697,0.71317349396,0.208583858036,-0.0620585816285,-131.847599366,-161.294318072,321.778232279,0.400485376788,25704936,4
1212,1787151331257,1149,2890,1872,2917,2087,2378,3365,1146,2899,1873,2926,2090,2376,3358,-1.36732774371,1.30947535488,-0.276731602154,1.28228645967,0.0184077694546,0.515831510921,2.01540873913,0.185344302405,0.619423064132,-0.34455737114,0.680619405527,119.1920578,442.800807699,-1873.915507,0.176630081733,25705632,4,30,0.189296213274,-0.431447116087,-0.345819267143,-0.811436605123,-41.7550540924,99.6118944804,-1788.35206706,0.389255385598,25705632,4,30,-0.665288242285,0.712178472742,0.207843493841,-0.0836328865252,-163.62512212,-173.082087164,307.039273955,0.427455191792,25705632,4
1213,1787151342840,1217,2892,1872,2911,2086,2386,3430,1215,2899,1873,2920,2090,2383,3421,-1.26273171897,1.30947535488,-0.276731602154,1.27294942234,0.0184077694546,0.52664235097,2.11233297621,0.187510557215,0.618708398873,-0.34199157054,0.681968821704,121.437755839,436.687555949,-1906.51057943,0.182573674619,25706328,4,30,0.189001373741,-0.431118711697,-0.345987934274,-0.811607963542,-41.793546168,99.6468854268,-1788.44423014,0.370859964689,25706328,4,30,-0.666463384486,0.711292113164,0.208378657511,-0.080426500512,-191.80953664,-180.562296314,291.181890195,0.413364560736,25706328,4
1214,1787151355287,1314,2892,1871,2911,2088,2406,3514,1311,2899,1873,2919,2090,2404,3508,-1.11720681498,1.30947535488,-0.276731602154,1.27139324945,0.0184077694546,0.559074871118,2.24618073216,0.198563693324,0.608687721049,-0.344520429176,0.686569291344,124.495326487,417.542012533,-1947.93548584,0.171879205108,25707075,4,30,0.188072658984,-0.430120824589,-0.346696692796,-0.81205058611,-41.8351535797,99.6723164876,-1788.50687663,0.391583247979,25707075,4,30,-0.662549764759,0.717683216819,0.203023973501,-0.0688467551742,-227.472063198,-182.531317035,262.798844108,0.427644596887,25707075,4
1215,1787151368615,1369,2910,1872,2924,2092,2409,3512,1366,2913,1873,2926,2090,2406,3507,-1.03383317207,1.33099255555,-0.276731602154,1.28228645967,0.0184077694546,0.562163682561,2.24464225221,0.234916107196,0.586492494672,-0.330470017298,0.701163706948,133.113236491,400.656687419,-1967.78624268,0.158681854109,25707876,4,30,0.187834760313,-0.429757553844,-0.346994722246,-0.812170678162,-41.8390046438,99.6752914429,-1788.51868083,0.394546663761,25707876,4,30,-0.662717420681,0.722818812551,0.19444250047,-0.0230368956141,-248.557769214,-173.804979869,247.680864156,0.425261097102,25707876,4
1216,1787151380149,1317,2931,1873,3045,2100,2273,3442,1320,2935,1873,3043,2094,2270,3446,-1.10356385523,1.36480529945,-0.276731602154,1.46435868756,0.0245436926062,0.352124504461,2.15079497504,0.242178672114,0.580823397291,-0.32572805654,0.705616684267,147.887194824,383.881605021,-1927.51573486,0.167486774425,25708569,4,30,0.188028499749,-0.430047515385,-0.347005945843,-0.811967543282,-41.8099704742,99.656774648,-1788.49628906,0.403453743458,25708569,4,30,-0.664153439769,0.722693483007,0.190952326479,-0.0123104457784,-223.304119269,-136.995719533,259.735669828,0.436837203907,25708569,4
1217,1787151392267,1218,2924,1873,3149,2100,2152,3334,1221,2934,1873,3146,2094,2149,3338,-1.25363641247,1.36326835655,-0.276731602154,1.62464449501,0.0245436926062,0.165251412181,1.98463914006,0.24217789264,0.58518319125,-0.313263103237,0.707655798496,146.973858134,378.625518799,-1878.26386719,0.167769458393,25709295,4,30,0.189128458407,-0.430895629298,-0.34629622618,-0.811565343398,-41.7513431549,99.6373949687,-1788.44051921,0.378275969625,25709295,4,30,-0.672177238615,0.714320200704,0.194606929432,-0.0072493979021,-182.114652564,-113.707350567,274.635577504,0.413810705957,25709295,4
1218,1787151404820,1042,2887,1873,3214,2099,2126,3194,1044,2906,1873,3209,2094,2122,3197,-1.5219479542,1.32023395521,-0.276731602154,1.72268338695,0.0245436926062,0.123552457706,1.76771346661,0.230905306312,0.58536354408,-0.341575600999,0.698110571171,129.677557882,370.61571757,-1807.1849528,0.171194349229,25710051,4,30,0.189622479322,-0.431563147711,-0.346126055872,-0.811167873082,-41.6446861267,99.578040568,-1788.35599772,0.378627432386,25710051,4,30,-0.656893148604,0.729357719669,0.188701236102,-0.0303405927611,-113.247023079,-90.2087351172,286.713723195,0.415531271703,25710051,4
1219,1787151417589,952,2796,1873,3213,2095,2218,3113,955,2814,1873,3212,2094,2215,3118,-1.65686166727,1.17883520797,-0.276731602154,1.72735190562,0.0245436926062,0.267182189788,1.64617355028,0.224778088837,0.580177993203,-0.357122483408,0.696657619513,91.446009318,378.426670329,-1772.8772583,0.161802181105,25710816,4,30,0.189444161004,-0.431243326314,-0.346245511751,-0.811328631914,-41.5698216756,99.5514727275,-1788.3984904,0.391943693161,25710816,4,30,-0.649181207518,0.737803653741,0.180459703506,-0.0405440962733,-63.5426912826,-105.194992449,283.904624348,0.42402807032,25710816,4
1220,1787151429351,912,2699,1874,3187,2091,2307,3113,916,2719,1873,3196,2093,2304,3118,-1.71598115951,1.03282563202,-0.276731602154,1.70245313941,0.0230097118183,0.404634298986,1.64617355028,0.187600354835,0.583241737011,-0.372311375134,0.697150932739,49.827971522,390.304412842,-1755.67162679,0.17889110893,25711524,4,30,0.189362095902,-0.431416993708,-0.346444351921,-0.8111705648,-41.5318977356,99.5192868551,-1788.37026367,0.397850956519,25711524,4,30,-0.652619143193,0.734909890373,0.166837190691,-0.0784924122041,-26.0331830033,-131.716926642,275.580733504,0.43621945447,25711524,4
1221,1787151442029,934,2650,1875,3123,2082,2401,3117,932,2671,1874,3132,2086,2399,3117,-1.69172700885,0.959052372587,-0.275251754014,1.60285807458,0.0122718463031,0.551352842511,1.64463507033,0.189077481482,0.585680389488,-0.357405251136,0.702488201912,25.7915528615,413.90976359,-1765.78887533,0.183266919851,25712286,4,30,0.189396381287,-0.431316553417,-0.346328036449,-0.81126563632,-41.5404097239,99.5252716064,-1788.36039225,0.39376082023,25712286,4,30,-0.662928135511,0.725719952085,0.169939155473,-0.0705515537034,-21.3793958242,-166.610664319,275.071778508,0.434320558413,25712286,4
1222,1787151453440,1005,2652,1875,3077,2084,2430,3204,1003,2671,1873,3087,2087,2428,3198,-1.58409921527,0.959052372587,-0.276731602154,1.53283029462,0.013805827091,0.59614060843,1.76925194657,0.171890848767,0.594243007071,-0.349964440865,0.703458367487,23.4872526805,432.390047201,-1797.77658691,0.244533073405,25712970,4,30,0.189469777308,-0.431501632878,-0.346150028599,-0.811226048652,-41.6118531545,99.5560890198,-1788.33774414,0.375642263889,25712970,4,30,-0.673372257674,0.714164676692,0.171714309873,-0.0839810272962,-46.9172150722,-193.475851141,274.720401512,0.448222639331,25712970,4
1223,1787151464607,1079,2652,1874,3062,2083,2448,3297,1076,2671,1873,3073,2086,2445,3290,-1.47343965287,0.959052372587,-0.276731602154,1.51104387419,0.0122718463031,0.622395505692,1.91079210229,0.159728582594,0.598313011228,-0.356185153405,0.699743136437,24.9863222758,435.064630127,-1831.3492391,0.238370862106,25713642,4,30,0.189689089537,-0.431532776875,-0.345882623514,-0.811272286316,-41.6582105001,99.5779963175,-1788.32407227,0.379667238394,25713642,4,30,-0.672376864585,0.713413704723,0.171115569528,-0.0983346314847,-75.9050386782,-207.767814463,264.414259394,0.448294411979,25713642,4
1224,1787151476024,1168,2653,1874,3057,2083,2442,3393,1166,2671,1873,3068,2085,2440,3388,-1.33701005538,0.959052372587,-0.276731602154,1.50326300975,0.0107378655152,0.614673477085,2.06156313774,0.14862656598,0.606560768057,-0.34900784111,0.698704304683,28.3747759501,434.448718262,-1872.75499674,0.229296257595,25714326,4,30,0.189371807343,-0.431240871432,-0.346127012605,-0.811397387558,-41.7059703827,99.5994995117,-1788.33339437,0.395399227738,25714326,4,30,-0.67955391885,0.70398384293,0.176203393001,-0.107543407814,-112.07642326,-221.772985192,249.835817368,0.457074745576,25714326,4
1225,1787151489017,1243,2654,1875,3056,2082,2444,3463,1241,2671,1873,3068,2085,2441,3457,-1.22331872414,0.959052372587,-0.276731602154,1.50326300975,0.0107378655152,0.616217882807,2.16771825453,0.152491007465,0.606829373127,-0.341128837561,0.701523856142,31.5013284047,427.466358439,-1906.59880371,0.177644217511,25715106,4,30,0.188983051258,-0.430947472158,-0.346247738995,-0.811592376639,-41.7566850026,99.6276972453,-1788.41034749,0.362046199044,25715106,4,30,-0.683929693464,0.700154693777,0.178510258646,-0.100785250599,-141.685264073,-228.653153345,233.359072878,0.403280198196,25715106,4
1226,1787151501550,1334,2662,1874,3060,2084,2433,3531,1332,2671,1873,3068,2085,2432,3526,-1.08537324224,0.959052372587,-0.276731602154,1.50326300975,0.0107378655152,0.602318231315,2.27387337133,0.161426263423,0.610809068154,-0.319647443374,0.706172327186,35.2900315603,416.841381836,-1947.62643636,0.1700572595,25715859,4,30,0.188127722517,-0.429951531655,-0.347073223945,-0.81196663581,-41.770930481,99.6298988342,-1788.47102458,0.409808401267,25715859,4,30,-0.694696839219,0.688952153591,0.188228898651,-0.0855050487059,-177.262416066,-235.750981045,211.876078654,0.443691781823,25715859,4
1227,1787151512568,1371,2695,1874,3060,2086,2410,3532,1368,2700,1873,3067,2084,2409,3526,-1.03080140324,1.00362371683,-0.276731602154,1.50170683687,0.00920388472731,0.566796899724,2.27387337133,0.184800229489,0.605567083426,-0.303840394857,0.711911790255,49.624897639,409.817432658,-1962.94287516,0.185281085471,25716522,4,30,0.187971417525,-0.429738120771,-0.347134166741,-0.812089751216,-41.7930089315,99.6516375224,-1788.50574951,0.402706654867,25716522,4,30,-0.698160985682,0.687119583189,0.19287635118,-0.0568913844546,-197.863582743,-228.479048625,208.891579253,0.443285157102,25716522,4
1228,1787151523445,1372,2752,1874,3061,2086,2375,3531,1368,2757,1873,3067,2085,2373,3526,-1.03080140324,1.0912294624,-0.276731602154,1.50170683687,0.0107378655152,0.511198293757,2.27387337133,0.196550849242,0.599649070235,-0.314093309822,0.709319497091,75.2064361572,401.731252035,-1958.98004964,0.176336159309,25717176,4,30,0.187992336763,-0.42974390709,-0.347043839471,-0.812120452349,-41.8075050354,99.6658762614,-1788.50495605,0.392105517785,25717176,4,30,-0.687794203529,0.69844252238,0.191326168212,-0.050114607457,-208.894010975,-205.870044712,219.039558247,0.429931597068,25717176,4
1229,1787151535085,1369,2840,1873,3068,2092,2321,3527,1369,2846,1873,3068,2087,2317,3526,-1.02928551882,1.22801738092,-0.276731602154,1.50326300975,0.013805827091,0.424711573363,2.27387337133,0.213700321986,0.589063005737,-0.330357834393,0.705833301078,113.057789866,385.293428548,-1949.931014,0.165370926758,25717875,4,30,0.188000219545,-0.429815730278,-0.347057319491,-0.812074856429,-41.8121473948,99.6705696106,-1788.53307699,0.393854054809,25717875,4,30,-0.671549210699,0.715835638774,0.187043915582,-0.0401941477646,-222.430652635,-168.026675057,232.176765255,0.427163387834,25717875,4
1230,1787151549300,1361,2921,1873,3113,2097,2213,3525,1363,2925,1873,3110,2090,2210,3526,-1.03838082532,1.3494358704,-0.276731602154,1.56862227105,0.0184077694546,0.259460161182,2.27387337133,0.218704532261,0.585703336282,-0.3392683417,0.702863373464,146.311446126,362.489480591,-1933.11247559,0.172567769885,25718727,4,30,0.188131440044,-0.429884474148,-0.347044319933,-0.812013632986,-41.7994414012,99.6585126241,-1788.50989176,0.391044415037,25718727,4,30,-0.663633062585,0.723622155089,0.185522166226,-0.0392894482939,-226.984644567,-125.423594906,241.086341273,0.42742878908,25718727,4
1231,1787151561169,1238,2929,1872,3166,2102,2168,3410,1241,2933,1873,3162,2096,2164,3415,-1.22331872414,1.36173141364,-0.276731602154,1.64954326122,0.0276116541819,0.188417498001,2.10310209648,0.218414968687,0.579314288145,-0.355385170666,0.700279399579,145.08803304,364.199149577,-1878.55670573,0.173653276265,25719441,4,30,0.188989566285,-0.430847931499,-0.346376525878,-0.811588754283,-41.7611848195,99.6512677511,-1788.42374268,0.368743516008,25719441,4,30,-0.653560017324,0.734574947048,0.176940759459,-0.044169203828,-181.160240915,-105.08053908,262.985190534,0.407587096159,25719441,4
1232,1787151573854,1086,2926,1873,3165,2100,2144,3292,1088,2933,1873,3163,2096,2141,3296,-1.45524903987,1.36173141364,-0.276731602154,1.65109943411,0.0276116541819,0.152896166411,1.92002298201,0.198131124676,0.597129083149,-0.363002701893,0.68732085223,140.869811503,375.356872559,-1824.20201416,0.173323826989,25720203,4,30,0.189751411595,-0.431610456418,-0.345961312778,-0.811182831284,-41.6812039693,99.6142191569,-1788.33058675,0.369635929664,25720203,4,30,-0.652089479154,0.731069535407,0.187391422472,-0.0721186547392,-133.757497541,-93.4225028137,289.873785084,0.408254662558,25720203,4
1233,1787151586064,903,2749,1874,3156,2094,2227,3212,906,2767,1873,3161,2096,2228,3215,-1.73114000368,1.10659889145,-0.276731602154,1.64798708833,0.0276116541819,0.287259464166,1.79540610578,0.103863973063,0.614030978683,-0.381477270464,0.683120285482,65.3187263489,401.167262777,-1748.92196045,0.165920428435,25720935,4,30,0.189346845095,-0.431137195482,-0.346308950572,-0.81138067618,-41.5267439524,99.5481925964,-1788.38503011,0.398765159647,25720935,4,30,-0.667226884414,0.707138405498,0.167431812496,-0.163493572804,-29.2878417741,-127.175791544,294.815013622,0.43190651896,25720935,4
1234,1787151597597,905,2642,1874,3154,2083,2351,3212,906,2663,1874,3162,2088,2352,3215,-1.73114000368,0.946756829349,-0.275251754014,1.64954326122,0.0153398078789,0.478765773609,1.79540610578,0.106875953509,0.604952660936,-0.398594843799,0.680978677409,22.3848014832,402.566173299,-1751.16235758,0.18084153831,25721628,4,30,0.189396874796,-0.431366153102,-0.346367166024,-0.81122244303,-41.5254074097,99.5314796448,-1788.38404541,0.401131476959,25721628,4,30,-0.655079150472,0.719896549888,0.158525726512,-0.165800657752,-7.17176001666,-155.012319049,270.591465506,0.440011504151,25721628,4
1235,1787151612110,1022,2608,1874,3151,2084,2382,3312,1020,2627,1873,3161,2088,2383,3306,-1.55832918019,0.891426884776,-0.276731602154,1.64798708833,0.0153398078789,0.52664235097,1.93540778155,0.108196022754,0.604964611002,-0.383316384722,0.689478055705,12.094281133,414.103367106,-1798.93252767,0.207995214562,25722501,4,30,0.189534287897,-0.43133563205,-0.346146793535,-0.811300636978,-41.5992839813,99.5470275879,-1788.35732015,0.380187275012,25722501,4,30,-0.667126185024,0.710975781893,0.158211829645,-0.156285340892,-41.453754878,-188.242015536,254.533012541,0.433364019459,25722501,4
1236,1787151623641,1031,2762,1874,3155,2086,2271,3312,1028,2766,1873,3161,2088,2269,3305,-1.54620210486,1.10506194854,-0.276731602154,1.64798708833,0.0153398078789,0.35058009874,1.9338693016,0.135209569113,0.608079018646,-0.382920367367,0.682151208866,71.8752904256,403.426274618,-1802.09418945,0.1837725088,25723194,4,30,0.189578451467,-0.431388337909,-0.345961227712,-0.81134144574,-41.6222801208,99.5720395406,-1788.35939535,0.380061347286,25723194,4,30,-0.65766732404,0.720283544181,0.173271452165,-0.136536847541,-77.289341204,-145.948720926,279.505040848,0.422159878117,25723194,4
1237,1787151635005,1027,2868,1873,3152,2093,2163,3307,1028,2873,1873,3158,2089,2162,3305,-1.54620210486,1.26951483935,-0.276731602154,1.64331856967,0.0168737886667,0.185328686558,1.9338693016,0.141388783408,0.618941843181,-0.374278387743,0.675896364212,115.596305847,391.987715658,-1802.78588053,0.177261949082,25723875,4,30,0.189528511574,-0.431472988296,-0.345995229457,-0.811293599669,-41.6271696726,99.5766415914,-1788.37052002,0.375347653031,25723875,4,30,-0.659111338663,0.715819145273,0.18849595071,-0.132832492535,-101.988258757,-111.834803629,295.842241546,0.415099577485,25723875,4
1238,1787151647940,1027,2944,1873,3129,2098,2119,3307,1028,2948,1873,3132,2091,2117,3306,-1.54620210486,1.38478555721,-0.276731602154,1.60285807458,0.0199417502425,0.115830429099,1.93540778155,0.148486072284,0.623999932008,-0.37357748551,0.670086437344,144.79405365,383.961175537,-1804.88267415,0.182185336947,25724652,4,30,0.189511160871,-0.431439302488,-0.346046821467,-0.811293563099,-41.6258071899,99.5748784383,-1788.35499674,0.384697542588,25724652,4,30,-0.655439839391,0.717279970018,0.19773153347,-0.129654549562,-119.898703344,-89.4388665947,305.820347087,0.425656782246,25724652,4
