pose_id,timestamp_ms,target_tick_0,target_tick_1,target_tick_2,target_tick_3,target_tick_4,target_tick_5,target_tick_6,actual_tick_0,actual_tick_1,actual_tick_2,actual_tick_3,actual_tick_4,actual_tick_5,actual_tick_6,actual_rad_0,actual_rad_1,actual_rad_2,actual_rad_3,actual_rad_4,actual_rad_5,actual_rad_6,moving_camera_q0,moving_camera_qx,moving_camera_qy,moving_camera_qz,moving_camera_tx_mm,moving_camera_ty_mm,moving_camera_tz_mm,moving_camera_error,moving_camera_frame,moving_camera_visible_markers,moving_accepted_samples,fixed_camera_q0,fixed_camera_qx,fixed_camera_qy,fixed_camera_qz,fixed_camera_tx_mm,fixed_camera_ty_mm,fixed_camera_tz_mm,fixed_camera_error,fixed_camera_frame,fixed_camera_visible_markers,fixed_accepted_samples,moving_relative_fixed_q0,moving_relative_fixed_qx,moving_relative_fixed_qy,moving_relative_fixed_qz,moving_relative_fixed_tx_mm,moving_relative_fixed_ty_mm,moving_relative_fixed_tz_mm,moving_relative_fixed_error,moving_relative_fixed_frame,moving_relative_fixed_visible_markers
1,1784906502157,2079,2031,923,2518,3195,2140,2384,2080,2034,923,2516,3186,2138,2378,0.0490873852123,-0.0214757310304,-1.75334004055,0.625864161457,1.69965071298,0.13805827091,0.506213660002,0.509212041663,-0.484252427903,-0.489244458539,-0.516568042453,-61.7573865255,-181.340737915,-1972.05565186,0.147414169461,432976,4,30,0.140340253433,-0.460136056925,-0.345095265645,-0.805908605248,346.166664632,41.5855447133,-1831.31757406,0.412384295464,432976,4,30,0.879427526704,0.382367845905,-0.0455056430852,0.279877280501,80.7380623419,-120.880913575,-463.437736449,0.437940343543,432976,4
2,1784906512498,2195,1830,922,2489,3200,2262,2248,2193,1832,923,2490,3192,2259,2254,0.222427214243,-0.331339850183,-1.75334004055,0.585980660972,1.7088545977,0.323669946244,0.316000042304,0.500739047608,-0.55197357189,-0.428757705988,-0.510639218716,-77.3731155396,-154.346821594,-1860.8445638,0.108199821164,433597,4,30,0.140910765846,-0.460676277303,-0.345372226289,-0.805381616942,346.267997233,41.4471496582,-1831.17412109,0.412384339174,433597,4,30,0.884181096055,0.321852552337,-0.0967852105663,0.324449297964,184.237153889,-102.306830824,-417.465436023,0.426342637436,433597,4
3,1784906524337,2424,1900,923,2260,3178,2246,1821,2422,1897,922,2262,3188,2247,1827,0.573708814669,-0.231631098971,-1.75487402134,0.236233041334,1.70271867455,0.305262176789,-0.339009754123,0.496710843964,-0.498334273177,-0.51084839821,-0.493938461463,-71.4810155233,-157.371483358,-1798.25974935,0.142829605689,434308,4,30,0.141738158298,-0.461429481317,-0.345531152537,-0.80473682088,346.33855896,41.3300682068,-1830.98852539,0.398939798276,434308,4,30,0.874353508418,0.398991435053,-0.0738878113955,0.26618108197,232.589296809,-71.3561076307,-394.888846526,0.423737252209,434308,4
4,1784906535188,2539,1837,928,2003,3181,2285,1458,2537,1838,923,2009,3188,2288,1462,0.750116605276,-0.322135965456,-1.75334004055,-0.151864098001,1.70271867455,0.368155389093,-0.898912741701,0.545923977464,-0.486364051864,-0.514961111251,-0.447472986652,-56.0691584269,-121.358331045,-1720.82790934,0.132743303974,434962,4,30,0.142065902001,-0.461915734267,-0.345412108797,-0.80445112283,346.381096395,41.2971803029,-1830.96133219,0.405326648553,434962,4,30,0.840060340354,0.442773583386,-0.0691509568994,0.305725896155,292.398487636,-56.3834142798,-334.479339914,0.426509644413,434962,4
5,1784906545824,2800,1722,930,1935,3196,2342,1147,2797,1721,924,1937,3188,2343,1152,1.14895161013,-0.501611717639,-1.75180605977,-0.262310714728,1.70271867455,0.452524332426,-1.37444678595,0.561615468176,-0.54268420961,-0.45142639099,-0.431620351771,-41.1352269491,7.44282938639,-1652.64332682,0.16822715501,435598,4,30,0.141938045675,-0.462234158474,-0.344499678494,-0.804682015114,346.346724447,41.4585638682,-1831.04345703,0.390462467074,435598,4,30,0.833395161907,0.397131942749,-0.107776784758,0.368948355229,353.386093763,-111.845815817,-213.856778072,0.425160339021,435598,4
6,1784906556998,3091,1626,928,1882,3156,2483,665,3089,1622,925,1880,3159,2485,673,1.59687400019,-0.653475815639,-1.75027207898,-0.349747619638,1.6582332317,0.670349604306,-2.10922358334,0.645952067829,-0.516322348134,-0.313368435107,-0.46685906092,-12.3202711741,132.77805837,-1659.94838053,0.225335477789,436270,4,30,0.14081233469,-0.462131915639,-0.343593411415,-0.805325739424,346.298907471,41.7337782542,-1831.2166626,0.403370227416,436270,4,30,0.81321200269,0.317764480547,-0.022238471006,0.487049714086,343.537629331,-188.667536072,-112.321230144,0.462042874544,436270,4
7,1784906568013,3460,1981,916,1894,3158,2032,337,3459,1977,918,1891,3158,2033,342,2.16444689171,-0.10891263594,-1.76100994449,-0.332873830971,1.65669925092,-0.0230097118183,-2.61697122413,0.504154723622,-0.535705597178,-0.399032263905,-0.547376269274,-66.4216669718,203.681141663,-1756.68366699,0.165534550448,436933,4,30,0.139934937665,-0.462234736742,-0.343551440662,-0.805437563681,346.294302368,41.8447327932,-1831.28302816,0.38313849469,436933,4,30,0.896136113383,0.291417565179,-0.0610965586733,0.329063944417,297.82844288,-309.775162891,-132.015629143,0.417368893793,436933,4
8,1784906586457,3535,944,929,2120,2923,3096,544,3535,937,931,2103,2925,3094,537,2.28102943159,-1.70425265534,-1.74106819425,-0.00766990393943,1.29928172734,1.60454390413,-2.3178449705,0.591276219639,-0.382672345572,-0.330978148369,-0.628018927522,113.176606496,298.301246134,-1842.01247559,0.262085171541,438040,4,30,0.138099709756,-0.461866959539,-0.343116066026,-0.806150573458,346.127892049,42.2190722148,-1831.53519287,0.379244350394,438040,4,30,0.87824052584,0.271578850266,0.13873804595,0.368361590651,140.029840473,-316.179521405,19.3986781634,0.46099339957,438040,4
10,1784906619534,2720,1731,921,1684,3187,2938,1001,2721,1727,921,1687,3193,2962,992,1.03236907025,-0.492407832911,-1.75640800213,-0.6458059117,1.71038857849,1.40205844013,-1.61988371201,0.784460114421,-0.230157041097,-0.569018781613,-0.0887000083831,103.977166494,-106.016689301,-1655.58972168,0.194067866604,440026,4,30,0.142184482431,-0.462358052552,-0.344619045048,-0.804516201196,346.44717509,41.4522529602,-1831.03177897,0.397586014867,440026,4,30,0.485408319584,0.75719380745,0.0452803493079,0.434725190442,263.454544012,47.9536380208,-199.02477561,0.442421717444,440026,4
11,1784906630645,2722,1526,925,1686,3195,2498,1001,2721,1523,922,1686,3193,2501,992,1.03236907025,-0.80533991364,-1.75487402134,-0.647339892488,1.71038857849,0.694893296912,-1.61988371201,0.667418807833,-0.549549311818,-0.352051580872,-0.358618701738,34.4196318309,18.8172651927,-1597.17443441,0.222322128216,440695,4,30,0.142033242105,-0.462372978002,-0.344260442744,-0.804687849363,346.452150472,41.5114771525,-1831.03979899,0.375991370281,440695,4,30,0.758665953925,0.390375547738,-0.0966371898955,0.51253697975,360.884678105,-55.4083595947,-138.796583148,0.436802746351,440695,4
12,1784906647327,2803,1526,937,1679,3244,2176,999,2800,1519,929,1676,3230,2170,993,1.15355355249,-0.811475836792,-1.74413615583,-0.662679700367,1.76714586764,0.187145656122,-1.61834973122,0.44713802698,-0.71196477254,-0.286073555584,-0.459712593134,20.7329070409,153.054785665,-1607.13116862,0.147286876539,441697,4,30,0.141307533461,-0.462056450661,-0.344203207264,-0.805021844113,346.434725952,41.6005673726,-1831.10611979,0.41060585777,441697,4,30,0.860698002337,0.178057936075,-0.247252030578,0.407873452861,372.126626889,-163.41953055,-59.0281878838,0.436223101676,441697,4
13,1784906659196,3030,1337,996,1703,2793,2165,383,3028,1334,990,1692,2790,2158,388,1.50330117213,-1.09526228255,-1.65056332776,-0.63813600776,1.09219432097,0.168737886667,-2.54640810789,0.34790727413,-0.558457405156,0.186164622436,-0.729677044032,142.163573201,328.859063721,-1578.51985677,0.0805942996095,442408,4,30,0.140349501713,-0.46199741822,-0.343412666522,-0.805560763319,346.381403605,41.8644850413,-1831.31503499,0.413802986344,442408,4,30,0.830702399098,-0.318194210857,0.0328414136049,0.455639561344,347.699133994,-211.891380058,148.941491385,0.421578406274,442408,4
14,1784906677576,3060,936,999,1707,2938,2195,414,3058,928,998,1691,2920,2176,408,1.54932059576,-1.71805848243,-1.63829148146,-0.639669988548,1.2916118234,0.196349540849,-2.51572849213,0.111171577615,-0.518660793986,0.260224485615,-0.806793082642,311.650973511,367.640655518,-1610.15364176,0.137479459494,443512,4,30,0.140046062677,-0.461884772816,-0.343274409757,-0.80573707658,346.351941935,41.9280784607,-1831.33933105,0.398487639427,443512,4,30,0.815865357834,-0.507911878726,0.029346980113,0.274823572666,234.21087294,-161.26911744,274.505897872,0.421536475953,443512,4
15,1784906693775,3068,3142,1197,1950,2854,2211,951,3066,3146,1195,1956,2861,2219,946,1.56159244207,1.6843109051,-1.33609726625,-0.233165079759,1.20110695691,0.262310714728,-1.69044682825,0.617970468085,0.014478824927,-0.763717323054,0.186114788963,332.225348918,-334.37010498,-1646.04731445,0.0944888457656,444487,4,30,0.14614967933,-0.463009456053,-0.345938136165,-0.802863201787,346.583235677,40.5293121338,-1830.40657552,0.396001708508,444487,4,30,0.19838658482,0.965786984359,0.0276141186089,0.164729245307,131.178180663,338.641711847,-207.022063851,0.407118527109,444487,4
16,1784906709903,3223,3172,1190,1892,2854,2487,951,3221,3177,1192,1911,2861,2496,946,1.79935946419,1.73186430952,-1.34069920861,-0.302194215213,1.20110695691,0.687223392973,-1.69044682825,0.563023377047,0.0549617585044,-0.690759756331,0.450371891923,378.661594645,-200.02088267,-1555.72076823,0.108515930672,445456,4,30,0.14654519326,-0.463626005684,-0.345614179117,-0.802574776814,346.659603882,40.5148888906,-1830.34879557,0.387028647463,445456,4,30,-0.0656940854529,0.979127929923,-0.0713318599657,0.178618447352,194.819725071,305.560057279,-54.5936290662,0.401953829645,445456,4
18,1784906738704,3133,3228,1523,1913,2771,1191,1037,3135,3230,1520,1915,2780,1201,1030,1.66743711643,1.81316529128,-0.837553510186,-0.296058292062,1.0768545131,-1.29928172734,-1.56159244207,0.560124454784,-0.293557361476,-0.595674161028,-0.495234252208,165.124585978,-366.627416992,-1792.52036133,0.313698617617,447184,4,30,0.146306582888,-0.46329443784,-0.346147773875,-0.802579819278,346.584974162,40.4072298686,-1830.3049764,0.391505334775,447184,4,30,0.821609689162,0.523204996518,0.100570842457,0.202730254134,92.7592532191,207.12413385,-385.393393145,0.50168042602,447184,4
19,1784906749217,2895,3225,1527,1910,2770,1179,1038,2896,3229,1524,1914,2779,1188,1029,1.30081570813,1.81163131049,-0.831417587034,-0.29759227285,1.07532053231,-1.31922347758,-1.56312642286,0.610199792477,-0.183203621007,-0.491434410855,-0.5937885704,174.68546346,-384.667877197,-1954.00796712,0.276031884551,447817,4,30,0.145158727424,-0.461931824826,-0.3461489169,-0.803572560753,346.493936157,40.5521799723,-1830.54816488,0.392918404937,447817,4,30,0.820465099424,0.444641036624,0.266956438581,0.240552757369,-49.5985120192,158.251352372,-445.04951203,0.480185874664,447817,4
20,1784906766940,2667,3111,1529,1528,2126,1632,785,2668,3139,1525,1547,2132,1638,789,0.951068088489,1.67357303958,-0.829883606246,-0.860563222004,0.0828349625458,-0.628932123033,-1.93128181195,0.558618886439,-0.364703566271,-0.54800167215,-0.504609171324,21.5431744893,-367.667242432,-1993.81805013,0.293620298803,448882,4,30,0.143085371591,-0.460761516241,-0.346117835052,-0.804629011313,346.319136556,40.8677108765,-1830.92785645,0.410752225916,448882,4,30,0.843667890109,0.47149014955,0.053990353639,0.25101109894,0.42748495999,46.3007734285,-544.765549981,0.504906200164,448882,4
21,1784906783654,2593,3220,1525,1136,2031,1799,787,2594,3227,1526,1143,2043,1800,789,0.837553510186,1.80856334892,-0.828349625458,-1.48029146031,-0.053689327576,-0.380427235396,-1.93128181195,0.50540578487,-0.405356545147,-0.47368579073,-0.596550782069,-7.02350231806,-245.317048645,-2051.40378418,0.305839853485,449884,4,30,0.141673541398,-0.460146997278,-0.345832014372,-0.805353069404,346.184650675,41.1297658285,-1831.18795573,0.412154278159,449884,4,30,0.902375939044,0.350310603895,0.0557226704304,0.244734814509,-21.1394503113,-80.5402132981,-498.36651738,0.513234025553,449884,4
22,1784906801817,2539,2994,1525,1014,2033,1716,831,2541,3013,1524,1015,2041,1705,824,0.756252528428,1.48029146031,-0.831417587034,-1.67664100116,-0.0567572891518,-0.526155410245,-1.87759248437,0.378342233299,-0.559737960926,-0.251775346281,-0.692935599176,-82.1526390076,-67.0927207947,-2006.00480143,0.174026774367,450976,4,30,0.14103111425,-0.459950125517,-0.345514650443,-0.805714424086,346.166170247,41.3193967183,-1831.34303792,0.400614417593,450976,4,30,0.956109850094,0.0585177161764,-0.0370585061514,0.284703878739,73.7583633854,-229.84903519,-409.201718069,0.43678052816,450976,4
23,1784906812295,2293,3231,1525,1006,2038,1936,1007,2295,3229,1525,1010,2041,1934,1001,0.378893254608,1.81163131049,-0.829883606246,-1.6843109051,-0.0567572891518,-0.174873809819,-1.60607788492,0.530387639704,-0.385429697686,-0.413578965013,-0.631732015564,-6.56612698237,-134.326905823,-2149.79538574,0.370275224249,451606,4,30,0.139299165618,-0.458690796396,-0.345430033383,-0.80676922834,345.965649414,41.5580429077,-1831.61994629,0.402346607049,451606,4,30,0.903200157057,0.305037464799,0.104417456892,0.283334812647,-91.8030664832,-200.545536422,-455.854651875,0.546796611087,451606,4
24,1784906823795,2202,3228,1525,830,1596,1330,1006,2205,3228,1525,831,1598,1323,1002,0.240834983698,1.81009732971,-0.829883606246,-1.95889346613,-0.736310778185,-1.11213607122,-1.60454390413,0.382077568752,-0.761512618962,0.0950352464592,-0.514862665716,96.0431549072,26.1011053085,-1949.55616862,0.208585688472,452296,4,30,0.138644720109,-0.458669317249,-0.345204188955,-0.806990809693,345.944193522,41.6809143066,-1831.6766154,0.399217125773,452296,4,30,0.784938384906,-0.184757765751,-0.233311065221,0.543417194006,35.1512467289,-174.473187379,-211.925329672,0.450424580752,452296,4
25,1784906835535,2200,2792,1233,829,1940,1990,1142,2202,2800,1235,830,1929,1982,1136,0.236233041334,1.15355355249,-1.27473803473,-1.96042744692,-0.228563137395,-0.101242732,-1.39899047855,0.449707373241,-0.787691930962,-0.204704225439,-0.367968586211,-52.6843242645,33.0446558634,-1861.85400391,0.197454143564,453001,4,30,0.139009812332,-0.459238203706,-0.345250343391,-0.80658461721,346.050575765,41.643567276,-1831.55247396,0.405909373363,453001,4,30,0.791723970388,0.135095897352,-0.339549232988,0.489518714258,188.983385399,-222.646291358,-273.304872778,0.451387370442,453001,4
26,1784906847542,2208,2360,1266,1031,2597,2134,1144,2207,2364,1260,1024,2588,2130,1138,0.243902945274,0.484737928972,-1.23638851504,-1.66283517407,0.782330201822,0.125786424607,-1.39592251698,0.437503927874,-0.668139502273,-0.432999438601,-0.41796100867,-164.721407572,-16.8021505356,-1835.67106934,0.175340383748,453721,4,30,0.140143687682,-0.460261653483,-0.345184418522,-0.805832907212,346.158565267,41.5462598165,-1831.37957764,0.3903566281,453721,4,30,0.855103800053,0.3123823162,-0.255699971744,0.325318773069,265.401959172,-237.404126047,-370.974906892,0.427928203411,453721,4
27,1784906865442,2207,2332,1666,1366,2595,1493,1143,2206,2336,1660,1351,2591,1475,1138,0.242368964486,0.441786466911,-0.622796199882,-1.16122345643,0.786932144185,-0.878970991458,-1.39592251698,0.269600500564,-0.63136462906,0.154170332239,-0.710581300011,-149.035106913,126.466779073,-1856.56264242,0.0910957088073,454798,4,30,0.139585451466,-0.459726900443,-0.344927582604,-0.806344865121,346.140589396,41.6594595591,-1831.51553955,0.384308554729,454798,4,30,0.84768359406,-0.333600260116,-0.0679117037382,0.406855491923,253.393676027,-340.551256642,-269.879779845,0.394957584306,454798,4
28,1784906876756,2323,2222,2090,988,2690,942,1144,2320,2223,2087,984,2684,944,1139,0.417242774305,0.26844663788,0.0322135965456,-1.72419440558,0.929592357459,-1.69351478983,-1.39438853619,0.352292522341,0.466093652573,-0.677077046064,0.447452075006,161.147492472,167.081387329,-1834.95188802,0.131044932703,455476,4,30,0.13912648016,-0.459917413697,-0.344670665101,-0.806425401209,346.140350342,41.7827875773,-1831.52731527,0.378072562814,455476,4,30,-0.292819491929,0.927107167862,0.197304311456,-0.125698262223,108.310664419,-192.303802285,-34.9552837324,0.400139522092,455476,4
29,1784906887712,2321,2194,2133,829,2381,1366,1146,2320,2195,2130,829,2389,1358,1139,0.417242774305,0.225495175819,0.0981747704247,-1.96196142771,0.477068025032,-1.05844674364,-1.39438853619,0.114589511558,0.665721376761,-0.631627690156,0.380434952905,180.426367696,197.791708883,-1770.37598877,0.203070812424,456136,4,30,0.139108932983,-0.460133521165,-0.344611737366,-0.80633032805,346.149596151,41.802976354,-1831.48707275,0.381322857738,456136,4,30,-0.379470221224,0.785737178512,0.313364298302,-0.374729574571,154.816145356,-176.497486397,20.2937464191,0.432024162162,456136,4
30,1784906897567,2351,1945,2249,831,2372,1538,1144,2347,2117,2208,829,2382,1452,1139,0.458660255578,0.105844674364,0.21782527188,-1.96196142771,0.466330159517,-0.91425254958,-1.39438853619,0.115626282691,0.645568560135,-0.64699420599,0.388934820158,198.800405884,211.963019816,-1747.29683431,0.180670787891,456727,4,30,0.139161124835,-0.460690566487,-0.344651773888,-0.805986065661,346.181878662,41.8256403605,-1831.42790934,0.388737039765,456727,4,30,-0.371805006823,0.798621374947,0.290955023243,-0.373242696954,165.523769566,-167.037895137,49.4599584423,0.428670525791,456727,4
31,1784906907128,2261,1684,2249,830,2047,1857,873,2347,2118,2208,829,2382,1448,1139,0.458660255578,0.107378655152,0.21782527188,-1.96196142771,0.466330159517,-0.920388472731,-1.39438853619,0.117350685738,0.644717776885,-0.648439610379,0.387419509598,199.339853923,211.297584534,-1747.74591471,0.185463798046,457300,4,30,0.139199636417,-0.46060863729,-0.344601667763,-0.806047663014,346.170910645,41.8273722331,-1831.4379069,0.383167336384,457300,4,30,-0.369452622997,0.79997586126,0.291401169002,-0.372328805583,164.780864463,-166.4533526,49.2382955282,0.425692410148,457300,4
35,1784907408608,1461,911,2105,2144,1039,2826,3527,2348,2118,2208,829,2382,1173,1139,0.460194236366,0.107378655152,0.21782527188,-1.96196142771,0.466330159517,-1.3422331894,-1.39438853619,0.247214745413,0.577406417044,-0.732239947347,0.263270504835,224.461136882,157.026091003,-1786.74215088,0.192913540204,487423,4,30,0.138970392104,-0.46047618331,-0.344597748856,-0.806164565214,346.151225789,41.8533878326,-1831.47338053,0.386794834336,487423,4,30,-0.191437487621,0.875107220697,0.327684768059,-0.300269434673,113.622998199,-130.129116036,15.1769443724,0.43223359178,487423,4
36,1784907418081,1176,1077,2081,2345,1487,2930,3525,2347,2118,2208,829,2382,1173,1139,0.458660255578,0.107378655152,0.21782527188,-1.96196142771,0.466330159517,-1.3422331894,-1.39438853619,0.247113733847,0.577423315639,-0.732270206968,0.263244109313,224.485375977,157.011535136,-1786.75731201,0.196410533786,487990,4,30,0.138962320802,-0.460549734255,-0.344629676409,-0.806110291346,346.179291789,41.8473203023,-1831.46965739,0.382619868716,487990,4,30,-0.191434397795,0.875060530572,0.327634631329,-0.300462123287,113.608167281,-130.134847889,15.1494239204,0.430087272211,487990,4
37,1784908291888,1158,1356,2080,3245,2021,2569,3303,1158,1352,2081,3248,2027,2576,3297,-1.36524290122,-1.06765062837,0.0230097118183,1.74873809819,-0.0782330201822,0.809941856004,1.91594200407,0.120501673515,0.78256376906,0.0322912896096,0.609943084763,-3.42638422648,141.728563944,-1943.27560221,0.135422191024,540475,4,30,0.140621941254,-0.461132884297,-0.345115563138,-0.805280808624,346.274848429,41.3487578074,-1831.15061849,0.41269038717,540475,4,30,-0.84624039583,0.350110216003,0.395046637559,-0.0723752946124,102.206783841,-310.785533187,-194.692566048,0.434341484875,540475,4
38,1784908303655,1160,1801,2080,3273,2022,2759,3306,1160,1799,2081,3274,2027,2764,3297,-1.36217493964,-0.381961216184,0.0230097118183,1.78862159867,-0.0782330201822,1.09833024413,1.91594200407,0.381767604576,0.629955282182,-0.377274174602,0.561314560407,164.234898376,255.351717631,-1955.23912354,0.265855802099,541183,4,30,0.138721118659,-0.460547276917,-0.344569783919,-0.806178839323,346.173204549,41.8163407644,-1831.48473714,0.397588720918,541183,4,30,-0.559687600597,0.76077262513,0.328554411399,-0.00517700113634,14.0409076778,-305.990675812,-13.6605931659,0.478284537185,541183,4
39,1784908729043,1135,1508,1853,3267,2129,1877,2979,1135,1505,1855,3275,2120,1889,2986,-1.40052445934,-0.832951567822,-0.323669946244,1.79015557946,0.0644271930912,-0.243902945274,1.43887397904,0.320097097757,-0.538679818678,-0.202234860429,-0.752637337756,-135.6283137,121.210820516,-1949.01982015,0.145000292361,566734,4,30,0.139354866267,-0.460775630525,-0.345112249076,-0.805706879144,346.175963338,42.1018569946,-1831.4192749,0.395190178355,566734,4,30,0.969016429407,-0.0243770581653,-0.00493407430302,0.245740866534,167.268608446,-368.915085331,-296.894510169,0.4209517334,566734,4
40,1784908745621,1107,1679,1851,2898,2034,1795,2976,1107,1673,1852,2911,2041,1802,2982,-1.4434759214,-0.575242795457,-0.328271888608,1.23178657267,-0.0567572891518,-0.37735927382,1.43273805589,0.377195674112,-0.464553561064,-0.413956140908,-0.685969187164,-225.532693481,70.0890975952,-2035.63680827,0.265665771067,567730,4,30,0.139004824956,-0.46035872402,-0.344870160203,-0.806109221172,346.169917806,42.1645890554,-1831.5567749,0.393828718861,567730,4,30,0.962020511109,0.206193691677,0.0138526220704,0.1783502245,138.861468425,-417.20730308,-419.437567217,0.475057219413,567730,4
41,1784908755922,1107,1560,1850,2794,2032,1589,2976,1106,1557,1851,2800,2039,1584,2980,-1.44500990219,-0.753184566852,-0.329805869395,1.06151470522,-0.0598252507275,-0.711767085579,1.42967009431,0.545216149709,-0.331551356627,-0.607137898791,-0.473494054732,-203.689387512,-139.610153198,-2028.53493245,0.253703760604,568348,4,30,0.139355886639,-0.460759060971,-0.34555558641,-0.805526139423,346.186847941,41.9024941762,-1831.38498942,0.398931776484,568348,4,30,0.819956102292,0.530456579863,0.0548876378448,0.208026811748,112.660579791,-251.875618697,-545.935052894,0.472770727132,568348,4
42,1784908766917,1058,1106,1712,2989,1959,1988,3238,1058,1101,1714,2983,1960,1984,3231,-1.51864098001,-1.45267980613,-0.539961237336,1.3422331894,-0.181009732971,-0.0981747704247,1.81469927207,0.482362497428,-0.367561208891,-0.531679401918,-0.591220933637,-87.8080965678,-216.510230509,-2057.90957031,0.318296925227,569008,4,30,0.140314619065,-0.460670245048,-0.345638433385,-0.805374947693,346.222148641,41.7124322255,-1831.3358724,0.412414372961,569008,4,30,0.896930386292,0.394488432106,0.068453928181,0.187640131094,18.7525747784,-146.80708509,-533.378719673,0.520959257172,569008,4
43,1784908777735,969,944,1713,3273,1818,2352,3240,971,940,1715,3270,1822,2355,3231,-1.65209730855,-1.69965071298,-0.538427256548,1.78248567552,-0.392699081699,0.470932101881,1.81469927207,0.369993866326,-0.517289334047,-0.191988552726,-0.747433394615,-22.3225769043,-50.4508771261,-2003.54864909,0.164329017202,569659,4,30,0.139952936528,-0.460711841241,-0.345530341905,-0.805460463164,346.192970785,41.7604890188,-1831.38935547,0.398047624032,569659,4,30,0.958468968108,-0.00555733372259,0.0286700542475,0.283697693337,44.6496422725,-207.456938098,-359.045255635,0.430634342444,569659,4
44,1784908788627,968,852,1713,3272,1442,2557,3563,970,851,1715,3270,1438,2560,3560,-1.65363128934,-1.8361750031,-0.538427256548,1.78248567552,-0.981747704247,0.785398163397,2.31937895128,0.16023348185,-0.578255477833,-0.112228754568,-0.792054632143,83.0404914856,15.0219631195,-2043.6378418,0.173662453393,570313,4,30,0.139455655563,-0.46044007542,-0.345746436528,-0.805609371039,346.177987671,41.7792452494,-1831.39256999,0.410370300213,570313,4,30,0.965486787077,-0.190300610495,-0.0614051164153,0.166884251211,-39.1031824605,-214.565735731,-259.687958178,0.44560344592,570313,4
45,1784908802175,2233,853,991,2539,2168,2868,3028,2231,851,996,2536,2165,2873,3033,0.280718484183,-1.8361750031,-1.64135944304,0.656543777215,0.133456328546,1.26553415001,1.51097107607,0.359657177499,-0.717651230307,-0.376771926394,-0.462240567014,16.4555743535,-99.4179725647,-1674.22594401,0.132666969051,571126,4,30,0.143250328583,-0.462286632621,-0.345868513613,-0.803831688821,346.494978841,41.2507005056,-1830.81125488,0.381184353431,571126,4,30,0.885158741286,0.206447686983,-0.292761774121,0.296924062476,294.732723673,-13.978606045,-257.235036198,0.403611243622,571126,4
46,1784908813324,2354,852,991,2911,2169,2917,3028,2353,851,996,2907,2166,2922,3033,0.467864140305,-1.8361750031,-1.64135944304,1.22565064952,0.134990309334,1.34069920861,1.51097107607,0.0447957927278,-0.801777524316,-0.222128485246,-0.55299645071,20.7513662974,125.431270599,-1717.34772542,0.178611250222,571795,4,30,0.141931823663,-0.462279588635,-0.345601835429,-0.804184251718,346.450840251,41.4763543447,-1830.91867676,0.403324044744,571795,4,30,0.898482381791,-0.105573924221,-0.405183479498,0.131946595552,276.616240495,-190.71224507,-114.626486287,0.441103461531,571795,4
47,1784908824268,2383,852,991,3265,2179,2986,3027,2381,851,995,3265,2175,2994,3033,0.510815602366,-1.8361750031,-1.64289342383,1.77481577158,0.148796136425,1.45114582534,1.51097107607,0.224521740684,0.762204592186,0.0213548381242,0.606776827589,130.578440348,250.858931986,-1793.80463867,0.188750297825,572452,4,30,0.140902056142,-0.461774207658,-0.345067387988,-0.804884892058,346.401060994,41.7254337311,-1831.12117106,0.400127701958,572452,4,30,-0.816085206309,0.403265251556,0.413777143328,0.0130594253576,165.791285006,-252.885846274,16.4543561173,0.442412536896,572452,4
48,1784908841925,3769,1886,1363,1423,1024,1698,512,3768,1879,1354,1424,1031,1697,518,2.63844695516,-0.259242753153,-1.09219432097,-1.04924285891,-1.60607788492,-0.538427256548,-2.34699060547,0.411630366392,0.511796019338,-0.613380606716,0.438622283244,324.467670695,298.066379801,-1904.00797119,0.342188717922,573514,4,30,0.137603501926,-0.460782351504,-0.343803928148,-0.806562929839,346.144306437,42.4547903697,-1831.68104248,0.392938783765,573514,4,30,-0.322078605194,0.905627055921,0.267803107155,-0.0662306836635,-24.7042078939,-228.12475701,135.59920043,0.521050867439,573514,4
51,1784908877440,2236,1809,1197,1062,1303,2114,3378,2239,1806,1188,1063,1298,2110,3377,0.292990330486,-0.371223350668,-1.34683513176,-1.60300992334,-1.19650501455,0.0951068088489,2.0386604671,0.442675595111,0.389202134495,-0.675272450616,0.443358921684,372.856099447,-31.1414825439,-1683.78172201,0.221661084394,575647,4,30,0.141721774809,-0.461635021365,-0.345184478474,-0.804770601734,346.393249512,41.7541542053,-1831.14782715,0.393013997873,575647,4,30,-0.240641222163,0.955993009642,0.165652364941,-0.0269900296746,103.189671915,129.658525693,16.4737231373,0.451213518036,575647,4
52,1784908887566,2151,1809,1197,1061,1277,2270,3377,2154,1805,1188,1063,1283,2261,3376,0.162601963516,-0.372757331456,-1.34683513176,-1.60300992334,-1.21951472637,0.32673790782,2.03712648631,0.450493011465,0.341825606022,-0.750307059221,0.342418776605,364.589665731,-99.0707572937,-1698.66353353,0.134378733238,576256,4,30,0.141802074726,-0.461390655775,-0.345429204458,-0.804791587353,346.41550293,41.6754234314,-1831.15596924,0.411802085241,576256,4,30,-0.110232077045,0.978447100897,0.166327893066,-0.0531525345011,88.929894451,167.76762507,-40.4911219137,0.433172715386,576256,4
53,1784908903178,2056,1810,1198,1061,1211,2366,3376,2057,1806,1188,1063,1218,2355,3377,0.013805827091,-0.371223350668,-1.34683513176,-1.60300992334,-1.31922347758,0.470932101881,2.0386604671,0.473713475823,0.340273015535,-0.779067241591,0.22992183629,359.876332601,-152.681478373,-1747.79809977,0.145480526487,577192,4,30,0.141721833586,-0.461261320798,-0.345607260587,-0.804803415282,346.393659465,41.6296633403,-1831.11888021,0.40859862864,577192,4,30,-0.00560982210388,0.973188451975,0.221106813861,-0.0631232421693,45.1929509962,182.918368025,-96.8474188639,0.433725054514,577192,4
54,1784908920659,1981,1811,1198,1061,1186,2466,3376,1983,1806,1189,1063,1195,2453,3377,-0.0997087512126,-0.371223350668,-1.34530115098,-1.60300992334,-1.3545050357,0.621262219094,2.0386604671,0.48581758533,0.317551757504,-0.801586501252,0.143531307041,348.468623861,-191.036526998,-1784.05092773,0.16592228959,578242,4,30,0.141784973721,-0.461462195991,-0.345652346442,-0.804657764703,346.352527873,41.6052688599,-1831.08207601,0.40430144767,578242,4,30,0.0839201765558,0.963825252751,0.243557282527,-0.0683969023806,17.2753463926,188.863474929,-142.726179081,0.437023874371,578242,4
55,1784908936737,1946,1809,1198,1061,1171,2757,3376,1947,1806,1188,1063,1180,2740,3376,-0.154932059576,-0.371223350668,-1.34683513176,-1.60300992334,-1.37751474752,1.06151470522,2.03712648631,0.542580879407,0.156040552829,-0.825311089639,0.0109059842488,293.547368368,-243.917325846,-1809.07456462,0.143621327976,579208,4,30,0.141548269027,-0.461419785843,-0.345907649244,-0.80461404845,346.345987956,41.5756429036,-1831.06663005,0.403744551539,579208,4,30,0.281507496591,0.940274183769,0.191381704391,0.00332143413271,20.5799911493,186.221209058,-222.880473885,0.428528585683,579208,4
57,1784908963940,1612,2218,1140,1215,958,2296,2506,1614,2214,1137,1211,968,2293,2510,-0.665747661942,0.254640810789,-1.42506815195,-1.37598076673,-1.70271867455,0.375825293032,0.708699124003,0.553577017254,0.436974036005,-0.619215698169,0.345221808358,342.754202271,-115.353059133,-1961.39233398,0.168662864467,580843,4,30,0.139448849443,-0.46032777761,-0.345287608121,-0.805871468181,346.161119588,41.9110450745,-1831.47417806,0.386465172966,580843,4,30,-0.188352506951,0.933971480929,0.29802408766,0.0583288017215,-121.717571034,56.1779523811,-153.789477418,0.421666327522,580843,4
58,1784908974141,1457,2218,1141,1299,955,2357,2419,1459,2214,1137,1296,965,2349,2424,-0.903514684065,0.254640810789,-1.42506815195,-1.24559239976,-1.70732061692,0.461728217154,0.576776776245,0.509542656219,0.529991274095,-0.625624147882,0.260902197122,347.630887858,-96.7601242065,-2025.45754801,0.155638338625,581455,4,30,0.139017006951,-0.459918657567,-0.344980365508,-0.806311135737,346.085558065,42.0160910288,-1831.56711019,0.377827370167,581455,4,30,-0.167458079993,0.902479827605,0.396153893159,-0.0234530412951,-176.158957798,18.1448463256,-159.666884415,0.408627965388,581455,4
59,1784908984677,1311,2218,1139,1365,955,2165,2123,1315,2215,1137,1361,964,2165,2127,-1.12440791752,0.256174791577,-1.42506815195,-1.14588364855,-1.7088545977,0.179475752183,0.121184482243,0.46565879292,0.482393446153,-0.623109525202,0.402731885114,349.411472575,-52.1826989492,-2021.89064128,0.215742792686,582088,4,30,0.138477649868,-0.459945737341,-0.344922260949,-0.80641335126,346.059591675,42.1014411926,-1831.63107503,0.387228469054,582088,4,30,-0.267235496878,0.922373520384,0.278103042712,-0.0217019754069,-169.975299229,-11.5592123107,-126.784143321,0.443272872892,582088,4
60,1784908999929,620,1961,1155,2602,962,2168,339,623,1965,1145,2597,964,2164,344,-2.18592262274,-0.127320405395,-1.41279630564,0.750116605276,-1.7088545977,0.177941771395,-2.61390326256,0.309612244736,0.506254571151,-0.656973973093,0.465007274972,345.785303752,235.703091431,-1976.12549642,0.0887999760608,583003,4,30,0.137318116629,-0.460321263552,-0.3443271887,-0.806651632546,346.054210409,42.3965811412,-1831.74817301,0.380935646097,583003,4,30,-0.339409249837,0.902102799605,0.210711825085,-0.163133156775,-102.273960232,-202.273835952,82.6899213467,0.391148823615,583003,4
61,1784909016049,555,1961,1036,2604,1155,2503,340,558,1966,1033,2597,1149,2489,343,-2.28563137395,-0.125786424607,-1.58460215389,0.750116605276,-1.42506815195,0.676485527458,-2.61543724335,0.023993257772,0.427667949161,-0.692879896673,0.580036117521,297.275210571,270.53059082,-1874.26554362,0.165557350715,583972,4,30,0.137357856547,-0.460449797354,-0.344192689566,-0.806628908366,346.083840942,42.4220785777,-1831.75559896,0.375599378347,583972,4,30,-0.423013663173,0.828332389506,-0.0090223753229,-0.367210416529,12.4291448198,-209.967351115,109.462774385,0.410468183165,583972,4
63,1784909086482,975,1743,2139,2105,2035,2092,3173,973,1739,2135,2102,2024,2086,3164,-1.64902934698,-0.474000063457,0.105844674364,-0.00920388472731,-0.0828349625458,0.0582912699397,1.71192255928,0.545821991427,-0.408712449746,-0.624964451192,-0.380068312076,-244.340923055,-220.94441274,-1948.50759277,0.264981717865,588202,4,30,0.148450048338,-0.457841090846,-0.33341345469,-0.810666137761,346.508891805,47.0189261119,-1832.99321289,0.427012324333,588202,4,30,0.784632722212,0.56914398198,-0.0681100596747,0.236194070167,202.605390806,-172.761665967,-602.790087043,0.502548341889,588202,4
64,1784909096854,975,1631,2169,2102,2035,1844,3173,973,1625,2166,2098,2026,1836,3164,-1.64902934698,-0.648873873276,0.153398078789,-0.0153398078789,-0.0797670009701,-0.325203927032,1.71192255928,0.61433992427,-0.234901001974,-0.729509627807,-0.187679726281,-126.717800395,-343.879460653,-1929.36761475,0.168890748918,588826,4,30,0.149052091676,-0.458307705935,-0.333856492212,-0.810109476093,346.536604818,46.8306414286,-1832.86669922,0.431682750583,588826,4,30,0.594818240155,0.774868802987,-0.00791402662027,0.213791878984,146.945156799,-11.8765062018,-603.492014954,0.463545124255,588826,4
65,1784909133137,973,1516,2188,2109,2034,1738,3149,973,1511,2185,2097,2026,1728,3151,-1.64902934698,-0.823747683095,0.182543713758,-0.0168737886667,-0.0797670009701,-0.490873852123,1.69198080904,0.637596021219,-0.12033812055,-0.758841779053,-0.0561177764326,-21.6068895976,-412.278110758,-1843.32312012,0.110161103308,591004,4,30,0.14687382596,-0.461222829906,-0.339435194861,-0.80652670688,341.370452881,45.3271678925,-1768.09947103,0.409351695577,591004,4,30,0.451986948125,0.869377133793,0.0337954258927,0.196847827397,94.5548924001,101.772926947,-572.289597361,0.42391541533,591004,4
66,1784909149616,975,1359,2188,2126,2035,1746,3149,973,1353,2185,2106,2026,1730,3151,-1.64902934698,-1.06611664758,0.182543713758,-0.00306796157577,-0.0797670009701,-0.487805890548,1.69198080904,0.628930257429,-0.0385927688895,-0.776198442087,0.0217556425372,96.2495330811,-465.196564738,-1840.84143066,0.0942134318252,591994,4,30,0.147516853576,-0.461502946415,-0.339813909645,-0.80608952057,341.386664836,45.0749941508,-1767.96083984,0.392665033539,591994,4,30,0.356814521051,0.917638383052,0.0580673780397,0.165079905273,29.823160508,205.027281206,-531.841377436,0.403809360095,591994,4
67,1784909161602,975,1621,2189,2736,2034,1971,3118,973,1610,2186,2736,2027,1974,3124,-1.64902934698,-0.671883585094,0.184077694546,0.963339934792,-0.0782330201822,-0.113514578304,1.65056332776,0.428125132336,-0.614767638846,-0.437426579841,-0.497420957076,-264.908299764,-27.2864908218,-1835.40801188,0.187047493954,592714,4,30,0.145537153321,-0.460959332005,-0.338695806967,-0.807230191199,341.368558757,45.6979117076,-1768.35362549,0.414619883895,592714,4,30,0.895378755901,0.292506292126,-0.185625798587,0.279785659829,260.792830023,-306.284475785,-464.29684753,0.454858673783,592714,4
68,1784909171813,975,1766,2195,2749,2035,2011,3069,975,1762,2192,2752,2028,2016,3076,-1.6459613854,-0.438718505335,0.193281579274,0.987883627398,-0.0766990393943,-0.0490873852123,1.57693224995,0.355320428175,-0.672256036853,-0.302639018724,-0.574655408555,-261.073463949,124.643632762,-1817.60510661,0.157957233985,593329,4,30,0.144590462928,-0.460571659275,-0.338351188019,-0.807765942752,341.335583496,45.9854674021,-1768.4514974,0.410780665278,593329,4,30,0.927583362924,0.11647485969,-0.201891163167,0.291997722803,286.405614378,-406.150762669,-352.864317771,0.440103672712,593329,4
69,1784909182034,971,1935,2217,2767,2037,1988,3069,974,1934,2214,2772,2030,1995,3076,-1.64749536619,-0.174873809819,0.227029156607,1.01856324316,-0.0736310778185,-0.0813009817579,1.57693224995,0.286697321723,-0.725420828954,-0.196863346728,-0.593981556407,-218.171940104,262.098091634,-1787.20281576,0.109847058604,593941,4,30,0.144001552619,-0.46057106979,-0.337567225008,-0.808199363471,341.304060872,46.287882487,-1768.59466146,0.408986042937,593941,4,30,0.921902836162,-0.0138211076859,-0.244282939611,0.300383060565,300.124974896,-469.554638711,-222.209689608,0.423480766507,593941,4
70,1784909199886,966,2154,2286,2777,2035,1969,3069,968,2156,2284,2784,2031,1981,3076,-1.65669925092,0.165669925092,0.334407811759,1.03697101261,-0.0720970970306,-0.102776712788,1.57693224995,0.21100906617,-0.786643856321,-0.044314263902,-0.578535101201,-109.523476664,403.004090373,-1726.20896403,0.140434112648,595015,4,30,0.142682797416,-0.461483446953,-0.33711970079,-0.808099594635,341.272207642,46.6104181925,-1768.63407796,0.393973788619,595015,4,30,0.875583674331,-0.174088596313,-0.303889778617,0.33271217641,304.861956295,-487.566437548,-37.030331235,0.418254810031,595015,4
71,1784909215967,908,2381,2286,2720,2032,1909,3072,911,2385,2284,2739,2031,1922,3076,-1.74413615583,0.516951525517,0.334407811759,0.967941877156,-0.0720970970306,-0.193281579274,1.57693224995,0.214986135754,-0.77791760821,0.0765659973091,-0.585459481371,-6.27653071086,475.181054688,-1657.91089681,0.202680587272,595981,4,30,0.142306515499,-0.461588702496,-0.336671715021,-0.808292571832,341.312780762,46.8430559794,-1768.66016439,0.382505825162,595981,4,30,0.837116851557,-0.270462947261,-0.27526795053,0.387701852472,313.237806727,-456.156885591,101.78478777,0.432885812588,595981,4
72,1784909232264,707,2702,2287,2614,2034,1574,3072,710,2707,2284,2633,2031,1589,3076,-2.05246629419,1.01089333922,0.334407811759,0.80533991364,-0.0720970970306,-0.70409718164,1.57693224995,0.449292437551,-0.657697442911,0.147389636601,-0.586384408193,84.7219449361,411.22861735,-1493.16837972,0.119289233039,596959,4,30,0.142917747575,-0.462672975916,-0.336707063208,-0.807549743589,341.464969889,46.8415124257,-1768.40692952,0.393679617842,596959,4,30,0.792418143134,-0.202585403227,-0.0874746501642,0.568665830176,397.922187143,-292.856711592,174.195527643,0.411355761626,596959,4
73,1784909249070,687,2952,2270,2391,2006,1262,3072,691,2957,2271,2407,2016,1275,3076,-2.08161192916,1.39438853619,0.314466061517,0.458660255578,-0.0951068088489,-1.18576714904,1.57693224995,0.584736754052,-0.515152885788,0.00167503711692,-0.626655907956,112.28106842,375.056202189,-1501.29969076,0.136955676476,597970,4,30,0.143303466333,-0.4631389981,-0.336446002712,-0.807323028431,341.510262044,46.8752913157,-1768.34980062,0.393621471524,597970,4,30,0.827732380993,-0.0151969711467,0.0713063836695,0.556366387529,373.267854311,-255.257383885,164.557806134,0.416766985453,597970,4
75,1784909281700,889,3222,2879,1796,1977,2980,2083,887,3225,2877,1814,1982,2985,2085,-1.78095169474,1.80549538734,1.24405841898,-0.450990351638,-0.147262155637,1.43733999825,0.0567572891518,0.436097224636,0.208037235534,-0.578738309957,0.656963992837,378.252943929,281.808032227,-1458.70809733,0.25186706533,599929,4,30,0.144037215982,-0.462791805065,-0.336884624256,-0.807208631964,341.579636637,46.6592033386,-1768.22370199,0.400105948249,599929,4,30,-0.368802665434,0.920270953322,-0.072553505103,0.108728815582,260.48882239,-24.9810442849,289.760821293,0.472780909537,599929,4
76,1784909355309,1013,3222,2881,1752,2006,3127,2567,1011,3225,2877,1769,1997,3130,2561,-1.59073807704,1.80549538734,1.24405841898,-0.520019487093,-0.124252443819,1.65976721249,0.786932144185,0.31249036957,0.409588543627,-0.683251724444,0.51744958682,374.106344604,314.591946411,-1498.06401367,0.23430749774,604351,4,30,0.143245086067,-0.462749541079,-0.336619787719,-0.807484257472,341.454292806,46.8458707174,-1768.36222331,0.397614194949,604351,4,30,-0.332610545662,0.929175102743,0.0986047319833,-0.127596865897,232.214493844,-67.2459877145,295.583567969,0.46151603604,604351,4
77,1784909372019,961,852,3307,3187,2128,2025,2241,961,852,3307,3188,2126,2026,2245,-1.66743711643,-1.83464102231,1.90367015777,1.65669925092,0.0736310778185,-0.0337475773335,0.302194215213,0.365791432076,-0.541171429956,-0.649027187877,-0.389992078145,-50.1236947378,-137.884264628,-1783.96680094,0.14426034987,605353,4,30,0.145809264276,-0.461241003233,-0.338769073757,-0.806989411364,341.503613281,45.9948740641,-1768.16491699,0.400223809481,605353,4,30,0.837536049722,0.481451012275,-0.227554628457,0.122299547273,180.827438483,-87.209265281,-383.574200266,0.425429366899,605353,4
78,1784909384012,1175,852,3306,2719,2838,2181,1557,1172,853,3306,2717,2836,2176,1564,-1.34376717019,-1.83310704152,1.90213617698,0.934194299822,1.16275743722,0.196349540849,-0.742446701337,0.151564690727,-0.650639476703,-0.300485999702,-0.680738260907,15.2486116409,160.577167257,-1711.00564779,0.0990665629506,606073,4,30,0.146258234571,-0.462044703803,-0.338275008585,-0.806655588882,341.57472229,46.0485894521,-1768.08015137,0.404696247975,606073,4,30,0.973560335241,-0.013019748583,-0.202988466874,0.103954038445,230.00247,-238.991918949,-113.334686021,0.416645217205,606073,4
79,1784909394418,1175,851,3305,2760,3035,1965,1558,1172,853,3305,2751,3031,1959,1564,-1.34376717019,-1.83310704152,1.90060219619,0.98634964661,1.46188369086,-0.136524290122,-0.742446701337,0.0378527732274,-0.642978091804,-0.122643774884,-0.755052875964,84.543977356,210.136839803,-1723.29827881,0.138774698973,606700,4,30,0.146092010653,-0.462005695963,-0.338330056119,-0.806684966048,341.573127238,46.0645095825,-1768.08985189,0.398580608765,606700,4,30,0.953173407393,-0.232967957918,-0.174952575484,0.0811047615998,186.767676985,-242.038419473,-39.0542799793,0.422048479157,606700,4
80,1784909407627,1234,851,2144,3219,2457,2780,2570,1232,850,2145,3217,2467,2785,2566,-1.25172832291,-1.83770898389,0.121184482243,1.70118469377,0.596718526488,1.13054384067,0.794602048125,0.142562639889,-0.642324991712,-0.177594066646,-0.731816128698,39.4525016785,-23.3828226089,-1754.72194417,0.07105228963,607492,4,30,0.147295684481,-0.462028364762,-0.339204855867,-0.806085502441,341.547644043,45.6096254985,-1767.86456706,0.396854580442,607492,4,30,0.967918368765,-0.133823297943,-0.157449954316,0.142950579643,165.870864823,-110.906863406,-237.446173531,0.403164961126,607492,4
81,1784909426845,1295,1715,2196,3274,2223,2680,2824,1294,1711,2193,3276,2232,2694,2820,-1.15662151407,-0.516951525517,0.194815560061,1.79168956025,0.236233041334,0.990951588974,1.18423316825,0.401785249966,0.520847845669,-0.151795017296,0.737729223561,112.353283691,269.425372314,-1907.12926025,0.365287561218,608647,4,30,0.143707963401,-0.460876193999,-0.338526518541,-0.8076762664,341.360583496,46.3211212158,-1768.4166626,0.4005102247,608647,4,30,-0.72676637893,0.632365378458,0.194875415678,0.184250457123,23.3238065337,-344.853244659,-44.6461047285,0.542073281457,608647,4
82,1784909439074,1296,2151,1367,3272,2165,2187,3531,1294,2153,1368,3274,2161,2195,3526,-1.15662151407,0.161067982728,-1.07071858994,1.78862159867,0.127320405395,0.225495175819,2.26722360449,0.0556968513165,0.484434661188,-0.196713649589,0.850602527541,144.629357402,397.29144694,-1949.8593099,0.143786405027,609382,4,30,0.141533583764,-0.460039816862,-0.337480286126,-0.80897383644,341.101936849,46.8472137451,-1768.89208577,0.389347416162,609382,4,30,-0.836704469085,0.540384323139,-0.0084610631096,-0.0885371398296,-17.979311013,-437.822202279,46.3706246218,0.415049323265,609382,4
83,1784909455549,984,2274,1322,3273,2244,1968,3664,986,2277,1323,3273,2226,1973,3659,-1.62908759673,0.351281600426,-1.1397477254,1.78708761789,0.227029156607,-0.115048559091,2.47124304928,0.0430752240174,-0.546161170755,0.253337225344,-0.797290882232,157.571450297,440.840409342,-1823.57336833,0.111088056366,610372,4,30,0.141897207656,-0.460928274799,-0.336838223827,-0.808671947652,341.166771444,46.9265183767,-1768.83868815,0.378689582149,610372,4,30,0.817266489771,-0.531068908443,-0.0237140800055,0.222438624324,84.0696171962,-410.466825331,127.751968374,0.394647128325,610372,4
84,1784909473194,487,2425,1273,3273,2245,1647,3750,488,2429,1274,3273,2227,1653,3745,-2.3930100291,0.584446680184,-1.21491278401,1.78708761789,0.228563137395,-0.605922411215,2.60316539704,0.13099742669,-0.605529928943,0.356075262806,-0.699559566136,204.143395487,385.434357707,-1612.50543213,0.179854259392,611431,4,30,0.142780963077,-0.461872242946,-0.336810568953,-0.807989027414,341.370363363,46.9037597656,-1768.65146891,0.381449820598,611431,4,30,0.7436879468,-0.549278031908,-0.071192305705,0.374370854977,231.861925169,-257.886177255,193.779664814,0.421724460111,611431,4
88,1784910097375,973,3220,2584,1671,2355,2975,2339,972,3230,2579,1689,2344,2980,2334,-1.65056332776,1.81316529128,0.786932144185,-0.642737950124,0.408038889578,1.42967009431,0.438718505335,0.225556163238,0.388273409945,-0.607926611458,0.654823190973,348.086299642,410.889043172,-1506.64737142,0.326688043276,648922,4,30,0.142289560451,-0.463077171453,-0.33643856057,-0.807540902511,341.453900146,47.2491079966,-1768.39040934,0.405578307311,648922,4,30,-0.471972821635,0.870930539188,-0.000302830632417,-0.13682675119,247.040626628,-155.271138802,340.072361901,0.520786751925,648922,4
89,1784910111381,1097,3229,2576,1215,2081,1579,3273,1096,3230,2577,1223,2084,1575,3267,-1.46034971007,1.81316529128,0.78386418261,-1.35757299728,0.00920388472731,-0.72557291267,1.86992258043,0.548448434995,-0.345885373128,-0.495429517758,-0.578028732627,5.88959900538,295.625125122,-1796.56520996,0.323068236311,649762,4,30,0.141392927123,-0.46198701144,-0.33641750552,-0.808331184231,341.255392456,47.4209058126,-1768.57045085,0.368494010965,649762,4,30,0.871251091921,0.410482452499,0.101909258153,0.249078690617,175.645460996,-374.571346472,-60.8624257756,0.490062160782,649762,4
90,1784910123431,1524,3229,2577,830,2141,1993,3016,1522,3230,2577,832,2130,1988,3020,-0.806873894428,1.81316529128,0.78386418261,-1.95735948534,0.0797670009701,-0.0920388472731,1.49102932582,0.52514125381,-0.449790782029,-0.539733635536,-0.480210910558,-3.4090054512,196.872627258,-1957.65353597,0.343919370572,650488,4,30,0.140825580307,-0.460208478542,-0.337293864967,-0.809079205557,341.060316976,47.338654836,-1768.84508057,0.391830551624,650488,4,30,0.851528359268,0.453047476571,-0.0418006153481,0.260576564358,38.7018018324,-373.594323279,-188.673283701,0.521355650819,650488,4
91,1784910134451,1601,3225,2577,829,2126,1533,3017,1599,3230,2577,831,2127,1525,3019,-0.688757373761,1.81316529128,0.78386418261,-1.95889346613,0.0751650586064,-0.802271952064,1.48949534504,0.62183732618,-0.313409349858,-0.691701465184,-0.191421007869,79.1135070801,101.134544627,-1943.06394043,0.127229210983,651148,4,30,0.140737987702,-0.460006046721,-0.337492921677,-0.809126555995,341.017870076,47.3076087952,-1768.82792562,0.3875026534,651148,4,30,0.620014499253,0.737011117978,-0.0530159830588,0.263791467324,-1.11170981203,-253.000613921,-194.522175322,0.407854849817,651148,4
92,1784910144154,1601,3225,2577,829,2116,1493,3017,1599,3230,2578,830,2120,1485,3019,-0.688757373761,1.81316529128,0.785398163397,-1.96042744692,0.0644271930912,-0.86363118358,1.48949534504,0.62511907157,-0.294476861869,-0.70279911627,-0.169064858421,88.5537590027,96.6773943583,-1942.40929769,0.108609459301,651730,4,30,0.140657543355,-0.459964548299,-0.337559486936,-0.809136368349,341.008563232,47.3005819956,-1768.83963623,0.386312642694,651730,4,30,0.597409664331,0.757703097173,-0.0483472214322,0.258167108049,-5.94177030791,-244.385419949,-191.150168817,0.401289761338,651730,4
93,1784910156584,1723,2512,2578,829,1566,2001,3015,1720,2520,2580,830,1571,1986,3019,-0.503145698426,0.724038931882,0.788466124973,-1.96042744692,-0.777728259458,-0.0951068088489,1.48949534504,0.683169508402,-0.208048473119,-0.647387009758,-0.266242962759,-61.1718636831,-53.8499073029,-1905.55919189,0.135188771288,652477,4,30,0.141370935104,-0.459854684615,-0.337822361305,-0.808964758162,341.106895955,47.1783512115,-1768.79897054,0.40462106665,652477,4,30,0.626335359523,0.718517141059,0.0933974204837,0.287600516798,92.9667787888,-200.037166764,-376.935773805,0.426607795825,652477,4
94,1784910166959,1724,2705,2578,829,1588,1941,2835,1721,2708,2579,830,1582,1934,2839,-0.501611717639,1.01242732,0.786932144185,-1.96042744692,-0.760854470791,-0.174873809819,1.21337880322,0.686384090357,-0.156152413259,-0.63478264343,-0.318660163715,-36.3278536479,-16.0747926394,-1986.28400065,0.150911360731,653101,4,30,0.140966501444,-0.459686330533,-0.337892467977,-0.809101726037,341.045255534,47.2042935689,-1768.83518066,0.385342678428,653101,4,30,0.640855056218,0.699439987737,0.162581460102,0.271395964056,15.1980936116,-247.714132435,-363.463095983,0.413839604938,653101,4
95,1784910177862,1725,2712,2577,829,1589,1517,2825,1722,2715,2579,830,1582,1508,2828,-0.500077736851,1.02316518552,0.786932144185,-1.96042744692,-0.760854470791,-0.828349625458,1.19650501455,0.712945699979,-0.0261810997412,-0.700003398077,-0.0319095844318,69.07734375,-29.4576145172,-1950.10494385,0.259458928307,653755,4,30,0.141012055192,-0.459586390934,-0.337880276606,-0.809155651429,341.050013224,47.2039473216,-1768.86119385,0.385093959173,653755,4,30,0.37490357788,0.879598376863,0.135661998438,0.259518448077,-12.1213576688,-166.033663408,-291.515557427,0.464345014907,653755,4
96,1784910191076,1722,2902,2580,829,2240,2653,2679,1722,2905,2580,830,2235,2656,2684,-0.500077736851,1.31462153522,0.788466124973,-1.96042744692,0.240834983698,0.932660319034,0.975611781095,0.392766143153,-0.628003661616,-0.275528126017,-0.612723762852,-89.5047398885,241.231721497,-1902.93568115,0.135955713689,654550,4,30,0.141020241927,-0.459934624857,-0.337610813616,-0.809068829429,341.018710327,47.2578315735,-1768.88815918,0.370578657587,654550,4,30,0.932985577415,0.108144570708,-0.132538259211,0.316664292284,134.704301665,-429.825415978,-195.063866968,0.394730917897,654550,4
97,1784910201784,1431,3224,2580,829,2533,2470,2684,1433,3225,2579,830,2531,2474,2684,-0.94339818455,1.80549538734,0.786932144185,-1.96042744692,0.694893296912,0.653475815639,0.975611781095,0.511553501171,-0.580972279041,-0.0774720902488,-0.628317039128,11.5449541092,305.399753825,-1807.72326253,0.110642698904,655192,4,30,0.14078915909,-0.460637033711,-0.337249076365,-0.808860307066,341.082025146,47.3147555033,-1768.81448975,0.361413509647,655192,4,30,0.87398663863,0.00461064634087,-0.0188856035451,0.48556094511,165.343487301,-382.768390782,-53.5381207351,0.377970278959,655192,4
98,1784910212471,1140,3224,2580,829,2607,2529,2788,1142,3227,2579,830,2608,2532,2782,-1.38978659382,1.80856334892,0.786932144185,-1.96042744692,0.813009817579,0.742446701337,1.12594189831,0.619647110605,-0.55666248476,0.0350646851533,-0.552209022233,24.8550549825,252.349493917,-1682.59421387,0.292353887359,655834,4,30,0.141253415228,-0.461838186667,-0.336979797798,-0.808206395606,341.229690552,47.3173979441,-1768.66945394,0.36421555082,655834,4,30,0.779098036123,-0.00687656662158,0.0188945976823,0.626579569663,258.243648873,-285.341403099,-37.8222006003,0.46703721791,655834,4
99,1784910225157,1069,3225,2580,829,2616,1569,3498,1070,3227,2579,830,2619,1562,3493,-1.50023321055,1.80856334892,0.786932144185,-1.96042744692,0.829883606246,-0.745514662912,2.21660223849,0.72713897659,-0.154492790594,-0.639345795241,-0.196565104954,115.325558217,73.9974116007,-1771.39448242,0.125708600134,656596,4,30,0.141459877118,-0.462020679431,-0.33703982735,-0.808040933198,341.277916463,47.2885850271,-1768.65557454,0.379825035731,656596,4,30,0.54855750164,0.764466016818,0.120613662158,0.316431226376,120.3503818,-142.731145499,-130.072813975,0.400087127905,656596,4
100,1784910235835,758,3226,2579,830,2861,1756,3754,760,3227,2579,830,2859,1748,3748,-1.9757672548,1.80856334892,0.786932144185,-1.96042744692,1.19803899534,-0.460194236366,2.60776733941,0.733850047128,-0.102730673858,-0.649413756631,-0.170798974463,145.786427816,-5.60814549128,-1700.32183838,0.122739022473,657238,4,30,0.142974457699,-0.46240525884,-0.337059608991,-0.807545974561,341.498161825,47.0664756775,-1768.45421549,0.401054600875,657238,4,30,0.509244187527,0.791510288051,0.150520232125,0.302531785273,157.210493728,-39.5659122286,-139.424239667,0.419415856305,657238,4
101,1784910250949,2337,1408,932,1667,1963,2089,2895,2335,1404,933,1659,1960,2083,2898,0.440252486123,-0.987883627398,-1.73800023267,-0.688757373761,-0.181009732971,0.053689327576,1.3038836697,0.522307979543,0.125625734945,-0.751384475135,0.383189143571,416.930489095,-189.05396169,-1562.39110514,0.137581598014,658147,4,30,0.147459786731,-0.462392168374,-0.338784306757,-0.806023751151,341.676539103,46.0408472697,-1767.82011719,0.387516382337,658147,4,30,-0.035371215099,0.995488064869,-0.00977558056475,0.0875033020521,116.079112428,296.549139705,-41.4493977899,0.411214837635,658147,4
106,1784910287368,2738,869,1588,2863,1571,1024,3753,2738,860,1587,2850,1573,1018,3746,1.05844674364,-1.82236917601,-0.734776797397,1.13821374461,-0.774660297882,-1.58000021152,2.60469937783,0.144242942577,0.14843313329,-0.616015777713,0.760056668984,221.721744283,276.563449097,-1456.30694987,0.292690861225,660334,4,30,0.144977476603,-0.463141378106,-0.337646162828,-0.80652133505,341.673887126,46.7715965271,-1768.00807292,0.401650295655,660334,4,30,-0.452840103873,0.841784421583,-0.27290454121,-0.108894165554,344.958847267,-105.398633418,185.053840692,0.496981790657,660334,4
107,1784910299904,2912,851,2010,2997,962,945,3754,2909,851,2008,2984,967,948,3750,1.32075745837,-1.8361750031,-0.0889708856974,1.34376717019,-1.70425265534,-1.68737886667,2.61083530098,0.0645600277257,0.532185375864,-0.248532875546,0.806747877784,262.247497559,465.955960083,-1651.95961914,0.182743658125,661087,4,30,0.142260361404,-0.462436219687,-0.337060703154,-0.807653895356,341.372547404,47.3309940338,-1768.46002197,0.371786890427,661087,4,30,-0.804719860785,0.578215331081,0.0431564246696,-0.1273989779,174.580366816,-301.308414423,271.689003261,0.414271331954,661087,4
108,1784910318986,3067,851,2010,3255,2050,2298,796,3065,850,2008,3250,2042,2302,802,1.56005846128,-1.83770898389,-0.0889708856974,1.75180605977,-0.0552233083639,0.389631120123,-1.91134006171,0.681956857521,-0.344939751858,-0.434157111587,-0.476926634323,15.8986476262,214.220356242,-1839.26247965,0.186271058023,662233,4,30,0.142284248205,-0.461779228555,-0.337003253634,-0.808049468676,341.342382812,47.3461771647,-1768.65343424,0.391956225038,662233,4,30,0.788010403947,0.455928614133,0.109554391658,0.398956811391,127.572070249,-327.516697554,-123.306258658,0.433966115501,662233,4
109,1784910331716,3077,1229,2009,3163,2049,2002,796,3075,1215,2008,3170,2042,2006,802,1.57539826916,-1.27780599631,-0.0889708856974,1.62908759673,-0.0552233083639,-0.0644271930912,-1.91134006171,0.672175914018,-0.364859542883,-0.439698619183,-0.470873846025,-109.692375946,147.5191981,-1850.19660238,0.26871351699,662998,4,30,0.142282794494,-0.461588609997,-0.337221034658,-0.8080677789,341.34608256,47.3069473267,-1768.66011149,0.389356063803,662998,4,30,0.792827682879,0.454873231504,0.0866290725673,0.396244889314,180.080469196,-351.220327933,-253.656640882,0.473080435691,662998,4
110,1784910343112,3078,1042,2009,3259,2190,2552,798,3076,1038,2008,3258,2183,2558,802,1.57693224995,-1.54932059576,-0.0889708856974,1.76407790607,0.161067982728,0.782330201822,-1.91134006171,0.723913671125,-0.144512077539,-0.627760041752,-0.246946524948,46.3800885518,105.619507345,-1884.37331543,0.128589271754,663682,4,30,0.142178405302,-0.461629122616,-0.337254590065,-0.808049005753,341.321557617,47.3148675283,-1768.64769287,0.382885236541,663682,4,30,0.580895724397,0.73761016467,0.152114153819,0.308792303274,64.6359841513,-250.174672592,-192.398398282,0.403901355744,663682,4
111,1784910354400,3477,852,2009,3269,2685,2652,351,3475,851,2006,3266,2682,2658,354,2.18899058431,-1.8361750031,-0.0920388472731,1.77634975237,0.926524395883,0.93572828061,-2.59856345468,0.642806137903,-0.184254869788,-0.728731003938,-0.147653431838,166.407683309,72.7966893514,-2016.33512777,0.249411655962,664360,4,30,0.141390682454,-0.460932264196,-0.337516757253,-0.808475454984,341.150331624,47.3246716817,-1768.82375081,0.392854709427,664360,4,30,0.541148913689,0.809563789256,0.0330147602033,0.225109639836,-112.48790812,-215.787846461,-182.28487154,0.465339657507,664360,4
112,1784910374792,3657,854,2011,3037,2775,2682,3753,3655,850,2009,3038,2778,2684,3746,2.46510712613,-1.83770898389,-0.0874369049095,1.42660213273,1.07378655152,0.975611781095,2.60469937783,0.833778168984,-0.220839053149,-0.450793452818,-0.229846340904,168.888187154,50.9381256104,-2098.99914551,0.260905535519,665584,4,30,0.141258151783,-0.460457873387,-0.337562236869,-0.808749910436,341.059935506,47.3137551626,-1768.90545654,0.399484491348,665584,4,30,0.557524097841,0.639716125698,0.145004766677,0.508825880327,-184.739506797,-232.807392199,-224.254594719,0.477136832882,665584,4
113,1784910395621,3668,853,2016,3267,2514,2437,336,3666,851,2014,3262,2530,2443,340,2.4819809148,-1.8361750031,-0.0797670009701,1.77021382922,0.693359316124,0.605922411215,-2.62003918571,0.626684323775,-0.301949810918,-0.678852219007,-0.235059002745,107.733644613,42.4756666819,-2048.94423828,0.323119251927,666835,4,30,0.141369280035,-0.460412626342,-0.337574772606,-0.808751020443,341.0769104,47.2908350627,-1768.89546305,0.3910444508,666835,4,30,0.646883008928,0.715519383472,-0.0203941162603,0.262979970072,-110.594259116,-238.825038694,-252.252042182,0.507268975463,666835,4
114,1784910405768,3763,852,2017,3274,2615,2276,336,3761,851,2014,3268,2617,2280,340,2.62770908965,-1.8361750031,-0.0797670009701,1.77941771395,0.82681564467,0.355883542789,-2.62003918571,0.550670620954,-0.263500467763,-0.74567000416,-0.267031113548,113.181800334,1.30772692362,-2089.99803874,0.16100161771,667444,4,30,0.141335350312,-0.460429472342,-0.337716356044,-0.808688248097,341.03423055,47.2556082408,-1768.94465739,0.392546648781,667444,4,30,0.666922486472,0.729136847227,-0.0095597927033,0.153239894993,-151.376927526,-222.892643412,-290.701060805,0.424281029948,667444,4
115,1784910419278,3763,853,2017,3273,2307,2113,336,3761,850,2015,3268,2318,2115,340,2.62770908965,-1.83770898389,-0.0782330201822,1.77941771395,0.368155389093,0.102776712788,-2.62003918571,0.52381797148,-0.387172821434,-0.611304374226,-0.449465127846,34.3130513509,82.6220326742,-2091.60337728,0.177538620432,668257,4,30,0.141292509544,-0.460450382893,-0.337696812853,-0.808691989715,341.041836548,47.2590319316,-1768.93323568,0.396430238088,668257,4,30,0.822199817015,0.529061575519,-0.0156282387611,0.209373036383,-103.756215342,-325.621671172,-287.496582262,0.434369537854,668257,4
116,1784910429830,3760,853,2015,3272,2042,2024,336,3761,850,2016,3268,2048,2021,340,2.62770908965,-1.83770898389,-0.0766990393943,1.77941771395,-0.0460194236366,-0.0414174812729,-2.62003918571,0.469288286748,-0.510164933652,-0.461458302748,-0.55367542768,3.68820330302,178.670129395,-2059.20974935,0.230933034917,668890,4,30,0.141175965189,-0.460514154156,-0.337710099043,-0.808670482755,341.035250854,47.2733992259,-1768.91574707,0.390418422222,668890,4,30,0.904770504252,0.330276796448,-0.0642433794133,0.261113692795,-52.2105458108,-398.953238346,-231.1906388,0.453604024482,668890,4
117,1784910440386,3758,852,2015,3272,1788,1974,335,3760,850,2017,3268,1789,1972,340,2.62617510886,-1.83770898389,-0.0751650586064,1.77941771395,-0.443320447699,-0.116582539879,-2.62003918571,0.398665179688,-0.629870179438,-0.309669581661,-0.590283306347,18.868331782,267.414733887,-2011.13395996,0.133486555517,669526,4,30,0.141162341922,-0.460411169711,-0.337623621914,-0.808767604417,341.024151611,47.2948834737,-1768.93840739,0.39601846536,669526,4,30,0.928229557848,0.145793089943,-0.146760470053,0.309185425421,-12.5477075445,-435.664895255,-144.687458196,0.417910618924,669526,4
118,1784910450769,3758,852,2015,3272,1567,1904,335,3760,850,2017,3267,1564,1900,340,2.62617510886,-1.83770898389,-0.0751650586064,1.77788373316,-0.788466124973,-0.227029156607,-2.62003918571,0.301242624411,-0.71329197411,-0.181520417542,-0.606232446281,63.6643567403,336.89611613,-1980.52895101,0.13972157985,670147,4,30,0.141161358675,-0.460483743097,-0.337583549263,-0.808743185707,341.023912557,47.3062819163,-1768.90750326,0.39710295399,670147,4,30,0.922547843013,-0.0198226330681,-0.22163895186,0.31525975891,-5.19651477594,-449.645793587,-58.0162819866,0.420966597183,670147,4
119,1784910469784,3747,852,3170,3189,2265,1788,3289,3748,851,3166,3192,2260,1784,3282,2.60776733941,-1.8361750031,1.68737886667,1.66283517407,0.279184503395,-0.404970928002,1.89293229225,0.568652177632,-0.374835969168,-0.535478233663,-0.499395392816,-9.49600013097,-16.2649755478,-2056.36741536,0.181498175363,671290,4,30,0.141722650729,-0.460505268027,-0.337978906624,-0.808467591847,341.057705688,47.1535778046,-1768.88695882,0.393609636029,671290,4,30,0.837930170948,0.472876265555,0.0432345224525,0.269057321324,-59.0171826476,-262.65121484,-370.251452343,0.433439884222,671290,4
120,1784910479919,3654,852,3170,3262,2182,1945,3293,3654,851,3166,3259,2189,1947,3284,2.46357314534,-1.8361750031,1.68737886667,1.76561188686,0.170271867455,-0.154932059576,1.89600025383,0.526985437224,-0.427662827646,-0.387075729651,-0.624150009467,-24.6843373617,87.1196754456,-2043.01868896,0.117393836131,671899,4,30,0.141664158297,-0.460432894258,-0.337874742873,-0.808562597619,341.088228353,47.1759782155,-1768.8975179,0.397501477599,671899,4,30,0.907012447486,0.284147369058,0.0648073401454,0.303955097714,-31.0636986195,-340.836195134,-305.603043042,0.414474049194,671899,4
121,1784910491711,3650,852,3170,3274,1986,2657,3294,3650,851,3167,3272,1988,2664,3286,2.45743722219,-1.8361750031,1.68891284746,1.7855536371,-0.13805827091,0.944932165338,1.8990682154,0.264932498732,-0.588847689294,0.0945394195101,-0.757714634996,64.0167720795,252.987142944,-1975.2905599,0.0835227961342,672607,4,30,0.141746491083,-0.460379633654,-0.337722233935,-0.808642206348,341.101023356,47.1919507345,-1768.91622721,0.385729672511,672607,4,30,0.889438705818,-0.293843211026,-0.0244564823014,0.349223189951,-8.10669751571,-386.048757982,-112.331413897,0.394668769641,672607,4
122,1784910502690,3646,852,3167,3240,1549,2773,3689,3646,851,3167,3248,1547,2778,3685,2.45130129904,-1.8361750031,1.68891284746,1.74873809819,-0.814543798367,1.11980597516,2.51112654977,0.0926144543489,-0.611606727551,0.177027844741,-0.765520029684,160.04410553,296.585275269,-2013.5307373,0.0825324026247,673267,4,30,0.14163117103,-0.460385289174,-0.337755516333,-0.808645291887,341.072050985,47.199874115,-1768.92288818,0.398155286908,673267,4,30,0.853933870491,-0.445695590757,-0.0857850366819,0.254545305768,-88.0721005638,-381.963562787,-33.8280505104,0.406619269066,673267,4
123,1784910515007,2742,852,3168,3274,1038,2463,3695,2744,851,3167,3271,1040,2464,3691,1.06765062837,-1.8361750031,1.68891284746,1.78401965631,-1.59227205783,0.63813600776,2.5203304345,0.125510894942,-0.441259523711,0.589345679693,-0.664987757641,249.096355693,366.432047526,-1677.59095052,0.24412723879,674008,4,30,0.142241270234,-0.461221845549,-0.337551459803,-0.808146547487,341.28899231,47.2864088694,-1768.74788818,0.374202559392,674008,4,30,0.559844426966,-0.705622213217,0.0763001841091,0.427609391517,151.947245375,-245.632533104,187.72240545,0.446794879307,674008,4
124,1784910525356,2568,852,3168,3274,1026,2318,3694,2571,851,3167,3271,1023,2320,3691,0.802271952064,-1.8361750031,1.68891284746,1.78401965631,-1.61834973122,0.417242774305,2.5203304345,0.157112744966,-0.471969356209,0.590341803774,-0.635654833133,245.263319906,344.176266479,-1615.37250977,0.250874905288,674629,4,30,0.142059886231,-0.461556610212,-0.337885013013,-0.807847883128,341.332838949,47.277261734,-1768.63803304,0.363261187077,674629,4,30,0.554204758148,-0.686216105126,0.0490611760904,0.468569679037,204.727358098,-205.567146175,191.566044466,0.441471299339,674629,4
125,1784910535813,2329,852,3169,3274,960,2053,3691,2332,851,3167,3271,960,2058,3691,0.43565054376,-1.8361750031,1.68891284746,1.78401965631,-1.71499052086,0.0153398078789,2.5203304345,0.181197683002,-0.536495299262,0.552583151933,-0.611548897264,245.893506368,305.330952962,-1547.56497803,0.161336815357,675256,4,30,0.143000053827,-0.461818721978,-0.337722744871,-0.807600024909,341.398513794,47.1590113322,-1768.51266276,0.376819990079,675256,4,30,0.580941857698,-0.645838513755,-0.0106348875491,0.495263638169,257.915086516,-149.229214467,189.214922705,0.409905931785,675256,4
126,1784910546575,2323,852,3169,3273,958,1711,3694,2326,851,3167,3271,958,1720,3691,0.426446659032,-1.8361750031,1.68891284746,1.78401965631,-1.71805848243,-0.503145698426,2.5203304345,0.134967986865,-0.611731077317,0.331651117592,-0.705390861697,216.975242106,370.160154215,-1590.57357585,0.153376740714,675904,4,30,0.142969643918,-0.461875921374,-0.33767902575,-0.807590979235,341.395985921,47.1630296071,-1768.50685221,0.37881304721,675904,4,30,0.759515850456,-0.53115466078,-0.0752335450838,0.36789986808,242.336151872,-230.126420938,199.456598581,0.408685391626,675904,4
127,1784910557029,2342,852,3170,3260,958,1451,3693,2340,851,3167,3261,958,1461,3691,0.447922390063,-1.8361750031,1.68891284746,1.76867984843,-1.71805848243,-0.900446722489,2.5203304345,0.0754207812657,-0.637316061665,0.136289239104,-0.754695426382,190.243331401,405.344366455,-1651.49102783,0.0926204698781,676531,4,30,0.142937546192,-0.461796602771,-0.337633511722,-0.807661047296,341.397474162,47.1803318024,-1768.52498372,0.392959488432,676531,4,30,0.868613137627,-0.421153310116,-0.121274141148,0.231157282405,208.098186608,-295.526722787,184.892126046,0.403727273031,676531,4
128,1784910575753,2340,852,3168,3273,2340,2055,841,2340,851,3167,3271,2333,2057,847,0.447922390063,-1.8361750031,1.68891284746,1.78401965631,0.391165100911,0.013805827091,-1.84231092625,0.501251550486,-0.483090215101,-0.591681635314,-0.406550820489,-27.4862411499,120.691733297,-1752.87712402,0.160970772803,677656,4,30,0.142987668791,-0.461428923462,-0.337893042069,-0.807753778876,341.393590291,47.1173105876,-1768.4803833,0.376316472888,677656,4,30,0.822902657819,0.502778402977,-0.117857405819,0.236969882365,215.800710987,-247.544451325,-184.067338702,0.409299007406,677656,4
129,1784910586563,2340,853,3168,3269,2678,2419,640,2340,851,3166,3271,2674,2424,646,0.447922390063,-1.8361750031,1.68737886667,1.78401965631,0.91425254958,0.576776776245,-2.15064106462,0.605385407858,-0.190249643029,-0.729332765266,-0.255709403012,77.5701278687,22.4805200577,-1812.14690348,0.12157058989,678304,4,30,0.143048941645,-0.461231931541,-0.337922687247,-0.807843031204,341.385060628,47.0949820201,-1768.50807292,0.375078217189,678304,4,30,0.627380099383,0.754784454138,0.0644926772195,0.180375534022,102.049975531,-143.292033462,-202.883547037,0.394288063902,678304,4
130,1784910597059,2577,852,3168,3270,2906,2586,443,2575,851,3167,3271,2904,2590,448,0.808407875216,-1.8361750031,1.68891284746,1.78401965631,1.26706813079,0.831417587034,-2.45436926062,0.625423479907,-0.179738394875,-0.759151052282,-0.0151413344245,157.447307841,25.1159923553,-1808.24841715,0.192248976727,678934,4,30,0.142592426771,-0.461170069788,-0.337898177506,-0.807969299044,341.353214518,47.1689094543,-1768.59286702,0.356255689263,678934,4,30,0.440820110247,0.87105177024,-0.0351601114657,0.213799463341,63.0368618551,-100.008327633,-148.003259325,0.404818212517,678934,4
131,1784910607986,2865,852,3168,3260,3176,2186,335,2862,852,3166,3266,3179,2190,338,1.24866036134,-1.83464102231,1.68737886667,1.77634975237,1.68891284746,0.21782527188,-2.62310714728,0.565965149029,-0.0624164348444,-0.817315068679,-0.0882253776198,198.002987671,-4.43922937711,-1910.7171346,0.141509611408,679591,4,30,0.142476038438,-0.460792346056,-0.337692468264,-0.808291277427,341.280427043,47.212180837,-1768.72976481,0.383260056376,679591,4,30,0.456710433842,0.882735157828,0.0648772738681,0.0893597229743,-46.9920651566,-98.6843338595,-177.228254106,0.408550169422,679591,4
132,1784910620882,3593,852,3287,3238,3148,1558,335,3591,852,3283,3240,3165,1559,338,2.36693235571,-1.83464102231,1.86685461886,1.73646625189,1.66743711643,-0.750116605276,-2.62310714728,0.450967776351,-0.213637660141,-0.866593152681,0.00182279688181,155.279689535,-101.50407486,-1894.91391602,0.202480227749,680365,4,30,0.142087077435,-0.460519454207,-0.33787896003,-0.808437321684,341.198237101,47.1178728739,-1768.82951253,0.391927118103,680365,4,30,0.453790968173,0.878526415529,-0.144311256309,0.037938841901,-18.5429522091,-44.2637335281,-265.044047842,0.441140690181,680365,4
133,1784910630779,3588,852,3287,3261,3196,1629,335,3589,852,3283,3256,3194,1630,338,2.36386439413,-1.83464102231,1.86685461886,1.76100994449,1.71192255928,-0.641203969336,-2.62310714728,0.475977075449,-0.234778356363,-0.846344115976,0.04501760082,164.234869893,-93.5428492228,-1877.84137777,0.171828704079,680962,4,30,0.142085054815,-0.460636167059,-0.3378989503,-0.808362825828,341.182501221,47.1066537221,-1768.82097575,0.386352641384,680962,4,30,0.42536486441,0.885258281285,-0.169943526634,0.0806331525913,-8.42132537112,-38.1633488343,-247.892789431,0.422839765218,680962,4
134,1784910651778,3770,853,3288,2609,3175,1327,3753,3768,852,3283,2605,3191,1323,3745,2.63844695516,-1.83464102231,1.86685461886,0.762388451579,1.70732061692,-1.11213607122,2.60316539704,0.652076782122,-0.0129678748615,-0.661741199574,0.369765181197,327.029962158,-147.863518778,-1884.38506673,0.0867030846576,682222,4,30,0.142179173777,-0.460213138178,-0.338235541071,-0.808446453854,341.174391683,46.9760723114,-1768.83749186,0.398198012511,682222,4,30,0.0235687676957,0.958300592796,-0.054184900662,0.279586272154,-105.379252783,86.6558806744,-181.382867516,0.407528013831,682222,4
135,1784910662376,3769,853,3288,2603,3046,1475,3753,3768,852,3284,2600,3064,1461,3745,2.63844695516,-1.83464102231,1.86838859964,0.75471854764,1.51250505686,-0.900446722489,2.60316539704,0.568486658169,-0.0996422255668,-0.740258237879,0.344836320042,280.152453613,-161.64995575,-1861.28705648,0.0984697458645,682858,4,30,0.142296465569,-0.460318385631,-0.338236856659,-0.808365343477,341.171847534,46.9634579976,-1768.8531779,0.384173884988,682858,4,30,0.0983896797966,0.962541581899,-0.15233481059,0.20156209839,-61.9670584052,80.956746808,-213.056409333,0.396592819851,682858,4
136,1784910674752,2938,852,3287,3021,2229,2294,3752,2939,851,3285,3018,2234,2297,3746,1.36677688201,-1.8361750031,1.86992258043,1.39592251698,0.23930100291,0.381961216184,2.60469937783,0.634509398718,-0.463172134507,-0.253470681729,-0.564466128531,-29.5595801671,187.782592265,-1931.2547404,0.201855606337,683602,4,30,0.142017316434,-0.460525217903,-0.3378738506,-0.80844843162,341.223001099,47.1704133352,-1768.84068604,0.390500011047,683602,4,30,0.845396641792,0.240628746242,0.0638870089015,0.472568275091,73.498669509,-370.848282121,-201.740748774,0.439586105828,683602,4
137,1784910684959,2937,852,3287,3056,2056,2272,3753,2938,851,3285,3053,2060,2277,3748,1.36524290122,-1.8361750031,1.86992258043,1.44961184455,-0.0276116541819,0.351281600426,2.60776733941,0.563111977393,-0.484980176756,-0.167021159747,-0.647922110494,-29.0551054001,252.28455658,-1917.65257568,0.152738146981,684214,4,30,0.141977398333,-0.460749247815,-0.337811116802,-0.808354005598,341.219096883,47.1944271088,-1768.84144287,0.384935527047,684214,4,30,0.883575463003,0.106734128035,0.0730062127767,0.450080348369,89.7796622374,-412.071178416,-153.123007739,0.414130778288,684214,4
138,1784910695324,2931,852,3287,3173,1839,2220,3752,2933,851,3285,3172,1840,2225,3749,1.35757299728,-1.8361750031,1.86992258043,1.63215555831,-0.365087427517,0.271514599456,2.60930132019,0.458154772245,-0.534518272954,-0.0429182012092,-0.708902284206,1.73891506195,326.273764038,-1864.06687826,0.157356677949,684838,4,30,0.141906338767,-0.460926182132,-0.337792271262,-0.808273485349,341.225265503,47.2091097514,-1768.7895223,0.381366341313,684838,4,30,0.898872889842,-0.0694480697315,0.0433854522069,0.430490645721,124.319917242,-427.29560422,-64.5667310409,0.412554736225,684838,4
139,1784910705542,2929,852,3287,3271,1681,2277,3751,2931,851,3285,3268,1682,2282,3750,1.3545050357,-1.8361750031,1.86992258043,1.77941771395,-0.607456392003,0.358951504365,2.61083530098,0.390221767293,-0.595357575409,0.104615967472,-0.694501136848,56.4416465759,362.354133097,-1804.19646403,0.0999312045674,685450,4,30,0.14228874067,-0.461201947597,-0.337476463484,-0.808180867384,341.225871785,47.228352356,-1768.78977458,0.386963232358,685450,4,30,0.856081341596,-0.223668051466,-0.0142749885081,0.465718331212,147.92594939,-399.400726486,16.0287071664,0.39965834014,685450,4
140,1784910716018,2855,852,3287,3272,1439,2330,3752,2856,851,3285,3271,1434,2334,3750,1.23945647661,-1.8361750031,1.86992258043,1.78401965631,-0.987883627398,0.438718505335,2.61083530098,0.277997655208,-0.579468619978,0.268132961034,-0.717661575791,128.076228841,398.946494548,-1764.14855143,0.072183842212,686080,4,30,0.142175549034,-0.461146391535,-0.337532267889,-0.808209185153,341.251698812,47.2378159841,-1768.76153158,0.378074365854,686080,4,30,0.796261483322,-0.413130114842,-0.0054296851751,0.441884234735,146.432640508,-370.792244402,101.166439322,0.384903537516,686080,4
141,1784910727887,2166,852,3286,3273,1199,1719,3753,2169,851,3285,3271,1196,1726,3750,0.185611675334,-1.8361750031,1.86992258043,1.78401965631,-1.35297105492,-0.493941813699,2.61083530098,0.299192010407,-0.543179486217,0.299273411483,-0.725172815155,130.333489482,302.771002197,-1555.84268799,0.140564674636,686794,4,30,0.14339527155,-0.461551622504,-0.337840623911,-0.807633338029,341.443861898,47.0356062571,-1768.47268066,0.38301619788,686794,4,30,0.778175118049,-0.426492832698,0.0400084354009,0.459289314488,312.126621619,-213.688812383,109.97162999,0.407994896529,686794,4
142,1784910738544,1889,852,3287,3274,1166,1433,3753,1892,851,3285,3271,1163,1439,3750,-0.23930100291,-1.8361750031,1.86992258043,1.78401965631,-1.40359242092,-0.934194299822,2.61083530098,0.33943621401,-0.516332196165,0.267107672238,-0.739484693049,109.881713104,209.060305278,-1523.44691976,0.196618121862,687433,4,30,0.144682089854,-0.46198511302,-0.338050332446,-0.807068039855,341.545654297,46.7462039948,-1768.23700765,0.411340673765,687433,4,30,0.794166753139,-0.383446655295,0.0783079272478,0.464903967806,342.356159904,-144.034736369,44.5251698337,0.455916478906,687433,4
143,1784910750403,1669,852,3234,2889,1027,756,3752,1670,852,3235,2890,1028,766,3751,-0.579844737821,-1.83464102231,1.79322354104,1.19957297613,-1.61067982728,-1.96656337007,2.61236928177,7.18770125855e-05,0.63192799974,-0.0861069493254,0.770228921332,180.056326803,251.198072306,-1582.30715332,0.0932804085314,688147,4,30,0.144971150209,-0.46205238544,-0.338366034262,-0.8068453294,341.582120768,46.586028417,-1768.08572591,0.395567847292,688147,4,30,-0.884293360393,0.421738835394,0.141523341926,-0.141889926268,258.624275497,-160.902756172,98.4588027297,0.406417465701,688147,4
147,1784910778841,1180,852,2883,2003,1639,2470,3073,1181,851,2878,1999,1634,2452,3078,-1.3299613431,-1.8361750031,1.24559239976,-0.16720390588,-0.681087469821,0.619728238306,1.58000021152,0.579872147611,-0.331822044034,-0.724102880484,0.171223368712,334.361405436,-256.81014506,-1450.09857585,0.0894712301592,689854,4,30,0.148363413607,-0.462919927807,-0.339320877955,-0.805328988505,341.667303467,45.6189899445,-1767.55331217,0.383265162508,689854,4,30,0.347450930746,0.860444825658,-0.257156269491,0.269783627717,249.771330836,345.324244648,-103.245899742,0.393569924941,689854,4
148,1784910795438,1206,907,2876,2408,1703,3049,3072,1204,892,2877,2394,1694,3048,3078,-1.29467978498,-1.7732817908,1.24405841898,0.438718505335,-0.589048622548,1.53398078789,1.58000021152,0.163716565901,-0.540366861729,-0.7310981246,-0.383009233571,65.4381401062,-191.151280212,-1605.15850423,0.227831838032,690850,4,30,0.147897658343,-0.462885630843,-0.339708103635,-0.805271121884,341.654940796,45.5852010091,-1767.54588216,0.426641788085,690850,4,30,0.831127585096,0.454483918984,-0.310364214784,-0.0796577608233,265.081326774,85.6892455248,-284.778486604,0.483663686627,690850,4
150,1784910814132,1186,853,2656,1804,1710,3099,3075,1187,850,2657,1793,1704,3086,3077,-1.32075745837,-1.83770898389,0.90658264564,-0.483203948184,-0.573708814669,1.59227205783,1.57846623073,0.5402072162,-0.526370541463,-0.644800678349,-0.123864045818,290.973551432,-281.345388794,-1527.32457682,0.143558906267,691975,4,30,0.148261222539,-0.462782703754,-0.339750327327,-0.805245611027,341.644390869,45.4637167613,-1767.54153646,0.39122363627,691975,4,30,0.642499185442,0.649098282232,-0.278598788603,0.297067217477,205.239452264,307.435884359,-174.458755535,0.416731440072,691975,4
151,1784910826481,864,852,2658,2225,1711,3187,3075,864,850,2657,2210,1704,3183,3077,-1.81623325286,-1.83770898389,0.90658264564,0.156466040364,-0.573708814669,1.74106819425,1.57846623073,0.460520927578,-0.434380662725,-0.520938107885,-0.5725883363,152.767713928,-340.657050578,-1795.38591309,0.192103883624,692716,4,30,0.147426095616,-0.462105508639,-0.340144022092,-0.805621554734,341.566629028,45.4503751119,-1767.75586751,0.415243912737,692716,4,30,0.907105988383,0.373686681043,-0.00550663120367,0.193614739272,46.9528769179,164.403071452,-395.290338081,0.457527495532,692716,4
152,1784910837017,866,852,2659,2027,1712,3314,3077,864,851,2657,2023,1704,3311,3077,-1.81623325286,-1.8361750031,0.90658264564,-0.13038836697,-0.573708814669,1.9374177351,1.57846623073,0.502897726411,-0.477803215553,-0.503512196672,-0.515047018999,195.962431335,-336.165656535,-1760.41358643,0.190898934503,693349,4,30,0.147601646847,-0.462228185483,-0.340028087664,-0.805567972298,341.54896342,45.4481449127,-1767.76049398,0.40096056362,693349,4,30,0.88119631804,0.392411808451,-0.050153595715,0.258825498158,54.0344694738,199.379387867,-352.429630753,0.444085326005,693349,4
153,1784910851516,701,905,2657,2935,1830,2586,3073,703,889,2658,2928,1822,2588,3077,-2.06320415971,-1.77788373316,0.908116626428,1.25786424607,-0.392699081699,0.828349625458,1.57846623073,0.23431874984,-0.422567248476,-0.546395277149,-0.684093447636,7.62030178706,-221.175619507,-2000.28559163,0.271485419571,694219,4,30,0.145818194109,-0.461301564181,-0.339701358093,-0.806561162257,341.373527018,45.7581392924,-1768.15065918,0.40327847898,694219,4,30,0.966473293561,0.25478734932,-0.0253289286585,-0.0192671957436,-39.0928246346,-85.1079061236,-477.241939882,0.486145929375,694219,4
154,1784910862575,599,852,2657,3114,2028,2488,3076,601,851,2658,3109,2015,2493,3078,-2.21967020007,-1.8361750031,0.908116626428,1.53551476867,-0.0966407896368,0.682621450609,1.58000021152,0.241313058072,-0.527687609638,-0.452680123019,-0.677048374093,-5.15008786519,-133.39750061,-2007.42592367,0.199410359561,694882,4,30,0.144715166412,-0.460781719584,-0.339592776558,-0.807102517415,341.293816121,45.9676221212,-1768.40273844,0.394245420893,694882,4,30,0.978244810539,0.170266775264,-0.0974879920148,0.0673973835358,-30.6921883701,-158.017362258,-428.27072248,0.441807586394,694882,4
155,1784910873017,598,853,2657,3272,2201,2651,3076,600,851,2657,3269,2194,2658,3079,-2.22120418086,-1.8361750031,0.90658264564,1.78095169474,0.177941771395,0.93572828061,1.58153419231,0.133990569215,-0.67093031585,-0.227459471339,-0.692936669208,28.2727544149,-6.77802168528,-1956.22069092,0.16267730842,695512,4,30,0.144492053713,-0.460724830986,-0.339376099322,-0.807266089797,341.28572998,46.0697588603,-1768.46465251,0.395216419299,695512,4,30,0.965053412462,-0.0867571427383,-0.209759052222,0.130943687474,4.78288263385,-210.318807055,-302.928150184,0.42738732405,695512,4
156,1784910883840,600,853,2658,3273,2546,2728,2767,600,851,2658,3270,2542,2735,2771,-2.22120418086,-1.8361750031,0.908116626428,1.78248567552,0.711767085579,1.05384480128,1.10906810964,0.17102513085,-0.703665418317,-0.0842125681168,-0.684480552721,56.2395267487,11.7700923284,-1870.3757487,0.119593689591,696160,4,30,0.144832743709,-0.460875298373,-0.339209595608,-0.807189126504,341.302327474,46.0710853577,-1768.43753662,0.388125222921,696160,4,30,0.930143019202,-0.18729943717,-0.206714267217,0.238792999048,63.4397673839,-173.027070998,-242.622723952,0.406132785253,696160,4
157,1784910895002,1067,853,2657,3259,2834,2340,2376,1063,851,2657,3264,2836,2344,2383,-1.51097107607,-1.8361750031,0.90658264564,1.7732817908,1.16275743722,0.454058313214,0.513883563942,0.228860495141,-0.721388061665,-0.113430060177,-0.643704714679,52.976505661,30.7147343318,-1703.04038086,0.142641257743,696832,4,30,0.146776745526,-0.461930002843,-0.339403848217,-0.806152769183,341.560759481,45.8552923838,-1767.98465576,0.403577898939,696832,4,30,0.924245125234,-0.127199362938,-0.223175225207,0.282460774981,206.669047366,-121.049686157,-174.249089626,0.428043980127,696832,4
158,1784910906591,1424,853,2658,2833,2924,2060,1759,1422,851,2656,2830,2921,2053,1765,-0.960271973216,-1.8361750031,0.905048664853,1.10753412885,1.29314580419,0.00766990393943,-0.434116562972,0.259768811157,-0.738429464679,-0.0264081219595,-0.621727192214,89.5322430929,106.973202006,-1529.88094889,0.16827994436,697528,4,30,0.147791666186,-0.462727433344,-0.338926241544,-0.805710834375,341.671812948,45.8562723796,-1767.69833171,0.354566999276,697528,4,30,0.889965976635,-0.17837391624,-0.22313082573,0.355465808547,338.918118521,-86.1831418771,-39.6701945512,0.392474071309,697528,4
163,1784910937221,2119,852,2581,1991,3138,2816,337,2117,851,2581,1978,3125,2813,342,0.105844674364,-1.8361750031,0.790000105761,-0.199417502425,1.60607788492,1.17349530273,-2.61697122413,0.411004544877,-0.611666194209,-0.294841417869,-0.608283050282,164.675898743,319.930148315,-1616.60226644,0.134009104719,699367,4,30,0.145544268799,-0.462561136703,-0.337672060829,-0.806741371177,341.612408447,46.6217130025,-1767.99077148,0.415678111712,699367,4,30,0.933039177271,0.133550799059,-0.11621605194,0.313202661259,242.787881676,-234.129382188,123.125893488,0.436745615552,699367,4
164,1784910949538,2215,853,2762,2420,3139,2790,336,2213,851,2758,2408,3132,2785,342,0.253106830001,-1.8361750031,1.06151470522,0.460194236366,1.61681575043,1.13054384067,-2.61697122413,0.411764653464,-0.43792961989,-0.609963751481,-0.516344594298,98.6329780579,254.548648071,-1758.03266195,0.189720503489,700108,4,30,0.143962178359,-0.461840251154,-0.337799642565,-0.807384589337,341.513515218,46.8845767975,-1768.22909749,0.371018550793,700108,4,30,0.884466267573,0.44517850253,-0.0638266668227,0.12434499995,154.31820369,-279.702595659,-13.1011113629,0.416711692273,700108,4
165,1784910961517,2214,853,2951,2841,2954,2766,336,2213,851,2946,2836,2967,2768,342,0.253106830001,-1.8361750031,1.34990309334,1.11673801358,1.36370892043,1.10446616728,-2.61697122413,0.578504892817,-0.194392046581,-0.704598694378,-0.362055936415,97.4777531942,123.330890656,-1809.30744222,0.156313485901,700825,4,30,0.143563060827,-0.46139411908,-0.3380410094,-0.807609677015,341.485150146,46.9044817607,-1768.3201945,0.373479145765,700825,4,30,0.703326411944,0.685662207984,0.104461614578,0.155843080965,101.652615038,-205.456436623,-120.478042506,0.404871063668,700825,4
166,1784910972904,2277,854,3292,3071,2855,2644,337,2275,852,3286,3069,2871,2650,342,0.34821363885,-1.83464102231,1.87145656122,1.47415553716,1.21644676479,0.923456434307,-2.61697122413,0.655543613102,-0.189753389993,-0.717858901661,-0.137603850284,114.885485077,25.13230292,-1809.15951742,0.277999594808,701509,4,30,0.143802722313,-0.461335272975,-0.337958625599,-0.807635134419,341.452341715,46.9043282827,-1768.41669922,0.372717711329,701509,4,30,0.535549200029,0.808402000066,0.0285465594087,0.242607408343,84.7030800214,-124.21337992,-175.67857961,0.464975555327,701509,4
167,1784910984880,2334,855,3292,2945,2726,2360,336,2332,852,3286,2946,2741,2363,341,0.43565054376,-1.83464102231,1.87145656122,1.28547590025,1.01702926237,0.483203948184,-2.61850520492,0.563807243424,-0.259018945729,-0.688601853348,-0.37531062546,38.0860057831,86.8313290914,-1879.10438232,0.188077226778,702229,4,30,0.143080453233,-0.461066084996,-0.337989623057,-0.807904117996,341.39365743,46.9975443522,-1768.51298421,0.373212197423,702229,4,30,0.736049927858,0.652365026418,0.0558160602526,0.171857334512,72.0530973487,-239.561502786,-207.921516048,0.417923901611,702229,4
168,1784911007986,2607,852,3290,2717,2581,2437,3754,2605,852,3286,2714,2593,2434,3748,0.854427298852,-1.83464102231,1.87145656122,0.929592357459,0.790000105761,0.592116584124,2.60776733941,0.712991386483,-0.266695429477,-0.413641054189,-0.499417569762,27.4537822723,142.921351115,-1979.30205892,0.190353992581,703618,4,30,0.142004480546,-0.46078944027,-0.338053652935,-0.80822493588,341.279314168,47.193760554,-1768.70199788,0.37814561824,703618,4,30,0.767613011813,0.456152036669,0.196866905721,0.404893819377,-1.33252787794,-327.314816528,-211.815620347,0.423354167436,703618,4
169,1784911021199,2867,856,3291,2842,2477,2211,3751,2864,852,3286,2834,2488,2208,3748,1.25172832291,-1.83464102231,1.87145656122,1.113670052,0.628932123033,0.245436926062,2.60776733941,0.643132402054,-0.304038136483,-0.486683029215,-0.507031709132,7.55990454356,111.776777649,-2020.42428792,0.183310171962,704410,4,30,0.141984399697,-0.460752800761,-0.338080235234,-0.808238233059,341.245207723,47.2127534231,-1768.7482137,0.386463403702,704410,4,30,0.805741516649,0.475094815311,0.13620998987,0.326362319319,-27.760040114,-332.356115469,-260.046214738,0.427734241727,704410,4
170,1784911031404,2868,854,3289,2855,2315,2298,3751,2866,852,3286,2848,2321,2299,3748,1.25479628449,-1.83464102231,1.87145656122,1.13514578304,0.372757331456,0.385029177759,2.60776733941,0.627403833605,-0.374838229362,-0.362642700763,-0.578230925296,-17.6938578288,171.258389791,-2000.34512939,0.354084551334,705025,4,30,0.142057740138,-0.460782956186,-0.337957103796,-0.808259649957,341.241129557,47.2297671,-1768.76371257,0.382854531209,705025,4,30,0.85176504031,0.33354053493,0.123991719029,0.384542691097,7.44315886113,-381.105177935,-229.239655764,0.521491573816,705025,4
171,1784911050283,2961,2039,2353,2115,1695,2152,859,2958,2036,2358,2117,1703,2154,866,1.39592251698,-0.0184077694546,0.447922390063,0.013805827091,-0.575242795457,0.162601963516,-1.81316529128,0.649776232927,-0.415239234109,-0.388556315187,-0.504372100247,-281.749649048,24.7473271688,-1950.83025309,0.263195607563,706159,4,30,0.143100751857,-0.460404764055,-0.338236095501,-0.808174468635,341.29688619,47.0480648041,-1768.78068034,0.374078069131,706159,4,30,0.82320601412,0.383163470301,0.0608046455599,0.414512253645,178.504563434,-397.414254664,-481.689096756,0.45739078439,706159,4
172,1784911060299,2961,2132,2353,2150,1696,2018,862,2958,2130,2358,2148,1703,2020,866,1.39592251698,0.125786424607,0.447922390063,0.0613592315154,-0.575242795457,-0.0429514620608,-1.81316529128,0.630483422536,-0.429856915087,-0.405917183262,-0.502936304905,-278.591835531,-36.8006023407,-1964.10316569,0.265832396348,706759,4,30,0.143479556219,-0.460254598997,-0.338649065486,-0.808019883106,341.299331665,46.8927294413,-1768.73939209,0.378249708811,706759,4,30,0.832151112824,0.386177460714,0.0394176175853,0.396027455722,160.761574415,-357.03502113,-525.469644096,0.462319916469,706759,4
173,1784914658192,2958,2251,2366,2205,1696,1800,935,2958,2254,2365,2207,1703,1803,929,1.39592251698,0.316000042304,0.458660255578,0.151864098001,-0.575242795457,-0.375825293032,-1.71652450164,0.565324945387,-0.467107413118,-0.45018531314,-0.509462024655,-258.00641276,-116.937963104,-1988.94079183,0.293443035086,922866,4,30,0.149991117382,-0.457791481192,-0.330453519397,-0.811621892246,341.262668864,34.0023717244,-1770.01529541,0.413507772485,922866,4,30,0.860887368356,0.385765717938,-0.0265974079795,0.330681610856,127.818267868,-303.403354323,-566.96003813,0.507047820966,922866,4
174,1784914668296,2980,2364,2368,2208,1696,1762,977,2977,2366,2366,2211,1704,1766,971,1.42506815195,0.487805890548,0.460194236366,0.158000021152,-0.573708814669,-0.432582582184,-1.65209730855,0.555167669829,-0.457842756575,-0.518221445151,-0.462185463223,-220.071751912,-197.319214884,-1997.40743815,0.219044504563,923472,4,30,0.15051400277,-0.457876890223,-0.330568694674,-0.811429988645,341.286787923,33.8910706838,-1769.9667277,0.404053789377,923472,4,30,0.839535057636,0.453003076362,-0.0543618322524,0.294981170588,95.3921223695,-227.515677763,-599.539692206,0.459608485223,923472,4
175,1784914678379,2995,2493,2366,2217,1693,1596,979,2991,2496,2367,2219,1702,1598,971,1.44654388298,0.687223392973,0.461728217154,0.170271867455,-0.576776776245,-0.690291354549,-1.65209730855,0.524637949994,-0.46362836784,-0.527123597092,-0.481606137158,-174.332631429,-255.575198364,-2006.48655192,0.292745421827,924078,4,30,0.150966233863,-0.458071176794,-0.330952508905,-0.811079792667,341.30249939,33.6934546153,-1769.93593343,0.433721417189,924078,4,30,0.856651290338,0.438479832983,-0.0613773288792,0.264795820075,59.4645036276,-164.17609444,-612.390659352,0.523272538672,924078,4
176,1784914708229,3000,2615,2368,2216,1695,1844,1034,2997,2618,2366,2220,1702,1850,1027,1.4557477677,0.874369049095,0.460194236366,0.171805848243,-0.576776776245,-0.303728196001,-1.56619438443,0.585118533769,-0.328070921366,-0.685173115889,-0.283801996569,-60.5943665822,-380.599550374,-1997.02433675,0.212338991463,925872,4,30,0.151548180165,-0.458013081854,-0.331300064462,-0.81086215427,341.313816325,33.461179479,-1769.88061523,0.429572635889,925872,4,30,0.696056618521,0.679830720843,-0.0460221978227,0.226312465673,-0.594412768148,-7.10724043683,-620.096669501,0.479187329549,925872,4
177,1784914718333,3012,2628,2366,2217,1693,2028,1034,3009,2632,2366,2219,1702,2034,1028,1.47415553716,0.895844780125,0.460194236366,0.170271867455,-0.576776776245,-0.0214757310304,-1.56466040364,0.615418928525,-0.24473415764,-0.730655808693,-0.165851812536,-8.47544542948,-411.251392619,-1979.53927002,0.149254703522,926478,4,30,0.151904338237,-0.45819064447,-0.331260379522,-0.810711395198,341.325993856,33.3868512472,-1769.83317057,0.412387360136,926478,4,30,0.582114981313,0.782213870929,-0.0295429007907,0.220024602418,-15.5751644269,50.7480480819,-601.018230047,0.438566188075,926478,4
178,1784914729278,3031,2620,2365,2214,1642,2204,1035,3029,2632,2366,2219,1647,2209,1027,1.50483515292,0.895844780125,0.460194236366,0.170271867455,-0.661145719579,0.24697090685,-1.56619438443,0.641210315453,-0.197990158639,-0.740938061142,-0.0256908153045,35.8869057973,-417.316893514,-1937.31656494,0.117625143379,927135,4,30,0.152188483162,-0.458298217337,-0.331295819237,-0.810582808685,341.368301392,33.3482209524,-1769.77937826,0.412412024538,927135,4,30,0.454617577247,0.855814117544,-0.0490453069066,0.241866931474,-4.0265429687,96.1176874244,-561.455086797,0.428858196072,927135,4
179,1784914744872,3046,2484,2367,2063,1633,1385,1033,3044,2498,2367,2072,1635,1381,1027,1.52784486473,0.690291354549,0.461728217154,-0.0552233083639,-0.679553489033,-1.02316518552,-1.56619438443,0.387503212984,-0.646442940091,-0.380938727912,-0.535573030231,-203.134792074,-149.412279765,-1953.13969727,0.122958858808,928071,4,30,0.151735638487,-0.458184602911,-0.330702967296,-0.810973928736,341.371508789,33.5465526581,-1769.85526123,0.427616314093,928071,4,30,0.915301581378,0.21127535999,-0.208510573376,0.272229826026,125.793605029,-237.327476497,-539.82021856,0.444943359359,928071,4
180,1784914757853,3046,2409,2368,1866,1634,1466,1034,3044,2420,2367,1870,1634,1457,1027,1.52784486473,0.570640853093,0.461728217154,-0.365087427517,-0.681087469821,-0.90658264564,-1.56619438443,0.385568559959,-0.688170501251,-0.231707854097,-0.569271215792,-230.631919861,-37.0521307627,-1919.90447184,0.121613126248,928851,4,30,0.151102259315,-0.458101121874,-0.330557552759,-0.811198603106,341.360367839,33.6908611298,-1769.91412354,0.427807601293,928851,4,30,0.911896755439,0.0724294599679,-0.205018147363,0.348088839236,175.258084337,-321.076700226,-469.969370408,0.444757345302,928851,4
181,1784914769130,3046,2287,2368,1709,1635,1622,1035,3044,2293,2367,1709,1633,1609,1028,1.52784486473,0.375825293032,0.461728217154,-0.612058334366,-0.682621450609,-0.673417565882,-1.56466040364,0.400877495392,-0.68162454868,-0.108483532128,-0.60242554028,-240.143247986,82.1379880269,-1885.02754313,0.13884391437,929529,4,30,0.15034989788,-0.458062316775,-0.33013022942,-0.811534259154,341.338377889,33.9062578837,-1769.96936849,0.416743432482,929529,4,30,0.89720106831,-0.0296960859491,-0.161181942924,0.410083853349,217.032109143,-399.102366832,-383.796728704,0.439263839935,929529,4
182,1784914781078,3045,2176,2368,1618,1640,1734,1036,3044,2176,2367,1615,1634,1718,1029,1.52784486473,0.196349540849,0.461728217154,-0.756252528428,-0.681087469821,-0.506213660002,-1.56312642286,0.391888670608,-0.662028628841,-0.0150062544661,-0.638683158359,-223.453267415,182.838241069,-1857.41019287,0.0801403818031,930246,4,30,0.149612936027,-0.458026472002,-0.329646547332,-0.811887229947,341.325278727,34.1230794271,-1770.04210612,0.399595567584,930246,4,30,0.885343712064,-0.117908973301,-0.11801917845,0.433976334656,237.709957443,-452.282468287,-296.072175458,0.407552571368,930246,4
183,1784914792777,3046,2078,2369,1488,1640,2009,1097,3044,2076,2367,1484,1635,1995,1092,1.52784486473,0.0429514620608,0.461728217154,-0.957204011641,-0.679553489033,-0.0813009817579,-1.46648563322,0.447025263705,-0.610080182067,-0.0383434228544,-0.653069955657,-211.696656799,239.934197998,-1845.06640218,0.0849589847028,930948,4,30,0.149189516571,-0.458308762264,-0.329241831606,-0.811970062809,341.312229411,34.2630146027,-1770.04708252,0.40742517213,930948,4,30,0.889194087796,-0.0700262090262,-0.0546001808257,0.448830730378,245.112226528,-482.649819447,-246.407204488,0.416189019518,930948,4
184,1784914804257,3051,1973,2378,1222,1649,2403,1316,3050,1970,2375,1217,1648,2391,1311,1.53704874946,-0.119650501455,0.474000063457,-1.36677688201,-0.659611738791,0.526155410245,-1.13054384067,0.426382352541,-0.586572724015,-0.134997230597,-0.675208320902,-153.074183655,310.376917521,-1842.40286051,0.122421193123,931638,4,30,0.148592011853,-0.458308819683,-0.329087286659,-0.812142227429,341.303341675,34.3991882324,-1770.0887736,0.398810257514,931638,4,30,0.924979526424,-0.00431075113473,-0.04666904865,0.377115755465,220.595718111,-501.26811822,-160.841457926,0.417176904951,931638,4
185,1784914814394,3128,1935,2496,1224,1639,2396,1315,3127,1932,2494,1216,1646,2390,1311,1.65516527013,-0.177941771395,0.656543777215,-1.36831086279,-0.662679700367,0.524621429457,-1.13054384067,0.344288825576,-0.559692075086,-0.191703056461,-0.72901297918,-129.685845439,339.047220866,-1925.07248942,0.145449170967,932247,4,30,0.148117319613,-0.458466764174,-0.329243108687,-0.812076635029,341.265256755,34.4795387268,-1770.11740723,0.415393635631,932247,4,30,0.962726669895,-0.00940003269051,-0.0353244550488,0.267994741244,140.489668565,-542.460764053,-156.736924966,0.440121953392,932247,4
186,1784914825382,3213,1943,2534,1424,1576,2157,1334,3211,1933,2534,1410,1584,2150,1328,1.78401965631,-0.176407790607,0.71790300873,-1.07071858994,-0.757786509216,0.156466040364,-1.10446616728,0.312056684836,-0.660777101696,-0.187138623986,-0.656485630259,-147.691356913,320.64578654,-1956.7100057,0.21110017846,932907,4,30,0.14792307054,-0.458554282769,-0.329402943542,-0.811997805257,341.224149577,34.4759384155,-1770.10994873,0.423936317364,932907,4,30,0.943871457486,-0.0189413955719,-0.16040498835,0.288128677832,122.47081852,-551.20188648,-192.167933521,0.473587675649,932907,4
187,1784914836288,3232,1950,2724,1463,1450,2102,1338,3230,1940,2722,1453,1457,2095,1329,1.81316529128,-0.165669925092,1.00629139685,-1.00475741607,-0.952602069277,0.0720970970306,-1.10293218649,0.34651351143,-0.610173474684,-0.240207975394,-0.670758410865,-142.270513407,270.374128215,-2011.32531331,0.203633901974,933564,4,30,0.14802635543,-0.458445675632,-0.329371253747,-0.812053161928,341.197168986,34.4756627401,-1770.12802734,0.435779817899,933564,4,30,0.954833613507,0.042668972417,-0.109412528029,0.272948764461,70.4791382305,-532.902620065,-242.100609857,0.481010203344,933564,4
188,1784914846577,3257,1956,2923,1472,1305,2116,1338,3255,1948,2926,1464,1315,2109,1328,1.85151481098,-0.153398078789,1.31922347758,-0.987883627398,-1.17042734116,0.093572828061,-1.10446616728,0.394143189737,-0.534064414929,-0.340711741113,-0.665839211941,-121.041805522,198.194128927,-2066.73689779,0.29561107854,934182,4,30,0.147874900471,-0.458060969119,-0.329507313965,-0.812242631499,341.185117594,34.4657329559,-1770.18369141,0.428450150291,934182,4,30,0.95600795274,0.158908600185,-0.0493045821107,0.241590374948,8.56790538295,-490.147052871,-296.794504454,0.520533803936,934182,4
189,1784914857353,3333,2077,3046,1481,1048,2506,1334,3330,2073,3049,1474,1054,2510,1327,1.96656337007,0.0383495196971,1.50790311449,-0.972543819519,-1.57079632679,0.708699124003,-1.10600014807,0.579761053252,-0.294356805459,-0.644701436066,-0.401984142156,-68.2605181376,-52.8640772502,-2074.77757161,0.261916307608,934827,4,30,0.148263142702,-0.458215230037,-0.329741364414,-0.811989825105,341.173345947,34.3776131948,-1770.12012939,0.426211581628,934827,4,30,0.75982773155,0.612953286138,0.0407662649037,0.212810241825,-42.3482013664,-279.619360821,-433.685371677,0.500256398764,934827,4
190,1784914868411,3410,2255,3293,1561,958,2573,1222,3408,2253,3295,1559,969,2579,1227,2.08621387152,0.314466061517,1.88526238831,-0.842155452549,-1.70118469377,0.814543798367,-1.25939822685,0.631020890994,-0.128486671509,-0.743136699719,-0.181801143849,74.2150672913,-186.414023336,-2049.11581217,0.136666668455,935493,4,30,0.149330705196,-0.458337437062,-0.329908801465,-0.811657142511,341.248471069,34.2176170349,-1770.06371663,0.398281683524,935493,4,30,0.545848581212,0.813227905363,0.0762453641007,0.186805633698,-105.426214845,-93.9694854359,-421.794121014,0.421077282334,935493,4
191,1784914878824,3611,2410,3294,1681,960,2593,1226,3609,2409,3296,1680,968,2600,1226,2.39454400989,0.553767064427,1.8867963691,-0.656543777215,-1.70271867455,0.846757394913,-1.26093220764,0.623032049381,-0.204244177844,-0.752349176175,0.0639225967042,113.980242666,-261.720239258,-1908.1234375,0.139082634946,936117,4,30,0.150440730199,-0.459117050092,-0.330354774813,-0.810829725509,341.373732503,33.9247997284,-1769.83956299,0.402104666829,936117,4,30,0.384213182014,0.886462204416,-0.102317551745,0.236846172681,-13.0202980066,38.2993965574,-395.726984562,0.425478721476,936117,4
192,1784914889254,3735,2632,3293,1694,971,2710,1423,3733,2633,3295,1693,969,2718,1415,2.58475762759,0.897378760913,1.88526238831,-0.636602026973,-1.70118469377,1.02776712788,-0.971009838732,0.587613444228,-0.0676671471415,-0.756554764113,0.278848500549,201.930407206,-277.187029012,-1808.84609782,0.177374873062,936744,4,30,0.151680014837,-0.459943030886,-0.330468006356,-0.81008424143,341.482839966,33.6632898966,-1769.58696289,0.431804957986,936744,4,30,0.144378617241,0.965028554884,-0.103637308485,0.192701871896,22.7903630325,136.391900608,-313.882033145,0.466816202948,936744,4
193,1784914901750,3610,2537,2358,1369,1765,1896,880,3610,2545,2363,1371,1758,1891,886,2.39607799068,0.762388451579,0.455592294002,-1.13054384067,-0.490873852123,-0.240834983698,-1.78248567552,0.295327297125,-0.669590779514,-0.373972261021,-0.569714598329,-235.515932719,-7.9484650294,-1828.86592204,0.109501268218,937494,4,30,0.151988575682,-0.459991735166,-0.330288080111,-0.810072132947,341.582496134,33.7010688782,-1769.53052572,0.404564618071,937494,4,30,0.937921099717,0.148852533233,-0.239649249653,0.201780006929,253.63975195,-310.279937299,-421.534347659,0.419121769819,937494,4
194,1784914912305,3582,2784,2424,1149,1778,1606,883,3581,2786,2420,1147,1771,1599,886,2.35159254783,1.13207782146,0.543029198912,-1.47415553716,-0.470932101881,-0.688757373761,-1.78248567552,0.210791978141,-0.694075413886,-0.206664375387,-0.656594165171,-137.926740519,7.43112945557,-1779.88609619,0.140800414731,938130,4,30,0.15338021456,-0.461009809676,-0.33040020519,-0.809184879724,341.65791626,33.4448335012,-1769.24763184,0.427568312486,938130,4,30,0.951894915896,-0.0589894253369,-0.220991492594,0.203909482347,242.684570178,-250.217636169,-330.585339492,0.450154882935,938130,4
195,1784914925054,3163,1969,2198,1880,1822,2147,881,3165,1967,2200,1870,1815,2141,887,1.71345654007,-0.124252443819,0.205553425577,-0.365087427517,-0.403436947214,0.142660213273,-1.78095169474,0.479512565915,-0.576274397397,-0.288801527328,-0.59545713183,-289.176641846,187.833884176,-1886.68385417,0.224261229237,938895,4,30,0.149041393697,-0.458383752031,-0.329211296004,-0.811967315489,341.347379557,34.3351741791,-1770.00416667,0.39429773887,938895,4,30,0.914190495518,0.172378216539,-0.0801505300369,0.357934883606,248.416966184,-502.749720501,-346.797166165,0.453611955108,938895,4
196,1784914935863,3121,1904,1857,1729,1694,1976,881,3123,1901,1856,1725,1695,1969,886,1.64902934698,-0.225495175819,-0.322135965456,-0.58751464176,-0.58751464176,-0.121184482243,-1.78248567552,0.409320878008,-0.755702013581,0.119482066254,-0.497086432465,-134.990667216,303.662568156,-1632.55539144,0.111544936895,939543,4,30,0.149303572293,-0.459555123859,-0.328982089657,-0.81134968794,341.449807739,34.4879482269,-1769.85746663,0.406961870193,939543,4,30,0.77240326378,-0.185197773887,-0.23220163875,0.561406609875,386.012735201,-403.944349656,-78.2655268075,0.421971843537,939543,4
197,1784914948117,3081,1696,1675,1580,1693,2096,734,3083,1690,1672,1575,1695,2080,742,1.58767011546,-0.549165122063,-0.604388430427,-0.817611759943,-0.58751464176,0.0490873852123,-2.00337890898,0.334334456105,-0.647309597106,0.404553972787,-0.552762914872,46.1532385508,365.17788798,-1543.82722575,0.229564888279,940281,4,30,0.148736091655,-0.459989278897,-0.328870685356,-0.811253049703,341.472425334,34.6097849528,-1769.79487305,0.419265471896,940281,4,30,0.662867733261,-0.452471197037,-0.100742291649,0.587985692621,368.273900329,-315.399251816,111.569336006,0.477999554241,940281,4
198,1784914964933,2646,1351,1486,1578,2766,2068,730,2648,1343,1484,1571,2752,2060,739,0.920388472731,-1.08145645546,-0.892776818549,-0.823747683095,1.03390305103,0.0184077694546,-2.00798085134,0.219348133058,-0.723130758463,0.128199090996,-0.642287549122,120.830572001,349.721303304,-1465.79783122,0.154019118349,941289,4,30,0.150405139331,-0.460506803496,-0.329295255745,-0.810479125296,341.680738322,34.3599088033,-1769.42423096,0.41749663353,941289,4,30,0.844343019149,-0.323156204758,-0.198792496706,0.37833381635,392.669055682,-233.516782447,178.037975584,0.445000368343,941289,4
199,1784914979668,2615,1183,1471,1580,2781,1907,543,2617,1178,1473,1571,2767,1898,550,0.872835068307,-1.33456328546,-0.909650607216,-0.823747683095,1.05691276285,-0.230097118183,-2.29790322025,0.0313707035243,-0.678753345875,0.256747884557,-0.687306553293,267.719772339,355.77646993,-1464.90581055,0.123007111003,942174,4,30,0.150897009376,-0.460529784751,-0.32903261966,-0.810481304607,341.701207479,34.3452168783,-1769.371639,0.396396149198,942174,4,30,0.789890560549,-0.522210342825,-0.184527285522,0.263284904809,315.539874392,-157.641412915,277.622975419,0.415042957363,942174,4
200,1785340476329,336,1186,3090,2232,1177,2747,3752,334,1174,3088,2219,1168,2742,3752,-2.62924307044,-1.34069920861,1.56772836522,0.170271867455,-1.39592251698,1.06458266679,2.61390326256,0.484544961863,-0.228714497584,-0.788517682756,-0.301903498671,21.1919006348,-227.713865662,-1953.22393392,0.220913808544,431141,4,30,0.15497534988,-0.458342931513,-0.341356344652,-0.80584132683,303.723180135,70.310697937,-1742.36369222,0.402850600084,431141,4,30,0.692374028122,0.719006109941,-0.00273056635435,0.0603403932397,-46.6392242683,-30.7728165362,-458.238390421,0.459446968423,431141,4
201,1785340490432,283,1648,2727,2258,1526,2388,3636,279,1636,2728,2249,1517,2386,3630,-2.71361201377,-0.632000084609,1.01549528158,0.216291291092,-0.860563222004,0.518485506305,2.42675760644,0.608194674719,-0.235521510992,-0.681114705663,-0.332733546901,-194.834038289,-167.267358398,-1929.05508219,0.215455292165,431990,4,30,0.154947162607,-0.458586656186,-0.341245636647,-0.805754969602,303.737762451,70.3413828532,-1742.3162028,0.396318204204,431990,4,30,0.702774191678,0.677684260239,0.0648215246717,0.206520335257,92.1434147295,-185.828985921,-544.86727063,0.451097663379,431990,4
202,1785340501976,283,1763,2463,2345,1697,2211,3550,280,1755,2462,2340,1686,2212,3545,-2.71207803298,-0.44945637085,0.607456392003,0.355883542789,-0.601320468851,0.251572849213,2.29636923946,0.621077620955,-0.237897704505,-0.633665146227,-0.395140169304,-281.274394735,-70.0891108195,-1908.28203125,0.280003180106,432683,4,30,0.154786385942,-0.458481122919,-0.341096263461,-0.805909159711,303.761339315,70.3825942993,-1742.32465413,0.41100067695,432683,4,30,0.739793862514,0.623824749412,0.103204887343,0.229992335168,161.992982693,-295.574383732,-525.295172558,0.497316134187,432683,4
203,1785340516849,283,1844,2317,2490,1809,1999,3549,280,1840,2315,2492,1797,2001,3546,-2.71207803298,-0.31906800388,0.381961216184,0.589048622548,-0.431048601396,-0.0720970970306,2.29790322025,0.637584286317,-0.283538478905,-0.612634994276,-0.371174585081,-310.567583211,14.9017608643,-1833.01009115,0.168078783154,433577,4,30,0.1548750711,-0.458765930478,-0.340872154902,-0.805824861491,303.801476034,70.4191220601,-1742.27733154,0.416486343741,433577,4,30,0.736755625056,0.615742335036,0.064252739716,0.271889888065,246.116967855,-342.499577354,-459.221547472,0.449122869458,433577,4
204,1785340530052,285,1813,2066,2903,1811,1638,3648,281,1810,2062,2908,1799,1642,3644,-2.71054405219,-0.365087427517,-0.00613592315154,1.22718463031,-0.42798063982,-0.622796199882,2.44823333747,0.58218979966,-0.435603963712,-0.581650749105,-0.364673319611,-248.682550557,175.816264343,-1789.88093669,0.243002647658,434369,4,30,0.154463722465,-0.459029100297,-0.340850096014,-0.805763275143,303.784566243,70.4790814718,-1742.25481771,0.407153341174,434369,4,30,0.781978181231,0.544330926771,-0.0750025014315,0.294259394104,259.781866484,-405.641172045,-294.198412367,0.474156229526,434369,4
205,1785340542245,285,1661,1875,3192,1812,1375,3752,282,1655,1870,3194,1799,1378,3748,-2.70901007141,-0.602854449639,-0.300660234426,1.66590313564,-0.42798063982,-1.02776712788,2.60776733941,0.528825185923,-0.437133887117,-0.623516040207,-0.374814134034,-182.551344808,191.700320943,-1839.71671549,0.158346519868,435101,4,30,0.154514028043,-0.458754123906,-0.340614466452,-0.80600983504,303.733612061,70.4990450541,-1742.32768148,0.400316816568,435101,4,30,0.796730344725,0.549950361604,-0.0966031489305,0.231177830215,183.799035165,-400.054166783,-258.499537354,0.430496427374,435101,4
206,1785340563749,284,1519,1636,3178,2198,1777,335,282,1509,1631,3182,2188,1781,337,-2.70901007141,-0.82681564467,-0.66728164273,1.64749536619,0.168737886667,-0.409572870365,-2.62464112807,0.678596280318,-0.453460980739,-0.548024713847,-0.183164244053,-165.948505147,132.009920756,-1823.94822998,0.185400612652,436394,4,30,0.154467991502,-0.458786106059,-0.340677567354,-0.80597378592,303.708716838,70.4901117961,-1742.33546549,0.387345908086,436394,4,30,0.647188307652,0.620578942421,-0.134914199962,0.421695659583,184.500932273,-341.309559302,-283.708348667,0.429430133645,436394,4
207,1785340579134,284,1738,1606,3102,2240,1611,336,282,1735,1600,3105,2226,1614,336,-2.70901007141,-0.480135986608,-0.714835047155,1.52937884552,0.227029156607,-0.665747661942,-2.62617510886,0.628267122617,-0.519818971662,-0.526631508953,-0.240266337879,-180.702204386,209.01180013,-1760.01304118,0.17001747638,437318,4,30,0.154286902906,-0.458728640599,-0.340700268863,-0.806031582931,303.782225545,70.516863505,-1742.29585368,0.405902879437,437318,4,30,0.708474992112,0.55062568675,-0.175975024906,0.404854701409,251.396127309,-378.912429243,-217.819345305,0.440071687126,437318,4
208,1785340592603,283,1861,1373,2794,2671,2014,336,282,1860,1365,2792,2660,2017,336,-2.70901007141,-0.288388388123,-1.07532053231,1.04924285891,0.892776818549,-0.0475534044245,-2.62617510886,0.700404400692,-0.32962345268,-0.584691512225,-0.242730077383,-199.151322937,216.343553162,-1798.325236,0.240692083538,438125,4,30,0.154232275398,-0.458796771671,-0.340487113926,-0.806093327587,303.776375326,70.5591829936,-1742.28891195,0.395589667559,438125,4,30,0.653998161691,0.659174165961,-0.00604311929411,0.371132461722,229.238022927,-410.058874907,-237.972834234,0.463059244759,438125,4
209,1785340610562,284,1980,1942,3276,1590,2901,2862,286,1981,1938,3275,1582,2902,2857,-2.70287414825,-0.102776712788,-0.196349540849,1.79015557946,-0.760854470791,1.31001959285,1.2409904574,0.247160236256,0.667155280137,-0.289358962973,0.640380387228,161.111761475,227.274241638,-1728.90350342,0.164663085341,439205,4,30,0.154940181612,-0.459480845378,-0.340346848776,-0.805627032429,303.842579142,70.5236277262,-1742.18992106,0.390708347162,439205,4,30,-0.685675359998,0.668001404025,0.282522684098,-0.0616794769967,96.7419668023,-187.789306356,22.2606928306,0.423989320875,439205,4
210,1785340624781,616,2047,1934,3269,1659,2932,3221,613,2047,1929,3271,1653,2928,3217,-2.20126243062,-0.00153398078789,-0.21015536794,1.78401965631,-0.651941834851,1.34990309334,1.79322354104,0.241475239577,0.665464824193,-0.393120507696,0.58677299091,181.204190063,241.657262675,-1769.49055176,0.21541176041,440060,4,30,0.154578438186,-0.459223042245,-0.340260141338,-0.805880102829,303.840981038,70.5483767192,-1742.22590332,0.409167057276,440060,4,30,-0.607375354419,0.730220963323,0.288221628007,-0.121658607243,52.8458781349,-203.271873211,30.8099518585,0.4624066471,440060,4
211,1785340636420,617,2037,1932,3244,1353,2904,3585,615,2035,1929,3246,1346,2901,3580,-2.19819446904,-0.0199417502425,-0.21015536794,1.74567013661,-1.12287393673,1.30848561207,2.35005856704,0.212134091767,0.701525125893,-0.405395179991,0.546366518823,174.597677104,233.78970693,-1815.60804036,0.191806765397,440759,4,30,0.154150655252,-0.458998143433,-0.340588324672,-0.805951532604,303.814016724,70.545816803,-1742.22577718,0.404062272112,440759,4,30,-0.591570189135,0.71832463604,0.324372494889,-0.169814349054,17.1083471866,-220.023027661,5.24960893893,0.447276374288,440759,4
212,1785340648167,861,2038,1731,3236,1332,2591,3714,859,2036,1723,3238,1327,2593,3710,-1.8239031568,-0.0184077694546,-0.526155410245,1.73339829031,-1.1520195717,0.836019529398,2.54947606947,0.205506535842,0.717806131087,-0.298105002647,0.594688850826,205.689283752,264.86821696,-1885.27317708,0.188598996401,441464,4,30,0.154047261952,-0.458772875791,-0.340449652574,-0.806158125671,303.76492513,70.560165151,-1742.27191569,0.402634902795,441464,4,30,-0.675575768617,0.647638276389,0.329880500236,-0.123858384365,-56.2025353528,-253.321676087,22.2084361006,0.444617190842,441464,4
213,1785340668208,1954,1929,1840,3121,956,2513,957,1952,1927,1834,3122,957,2517,951,-0.147262155637,-0.185611675334,-0.355883542789,1.55545651892,-1.71959246322,0.719436989518,-1.68277692431,0.436350786806,0.547226367471,-0.427512405561,0.572166441422,146.89147644,-51.9002094269,-1875.00930176,0.203407427172,442667,4,30,0.15531113814,-0.458042490751,-0.341063321319,-0.806071546382,303.79008077,70.4281397502,-1742.27162679,0.403726615508,442667,4,30,-0.498281078313,0.824608123889,0.261452872627,0.0581360852347,-36.1778059636,-54.4385630399,-230.061506164,0.452072739168,442667,4
214,1785340679483,2372,1930,1804,3224,1002,2627,1247,2369,1928,1797,3226,995,2630,1241,0.492407832911,-0.184077694546,-0.412640831941,1.71499052086,-1.66130119328,0.892776818549,-1.23792249582,0.336613837134,0.49375280894,-0.355443104712,0.718720729927,152.475085958,-26.1631252289,-1770.84368896,0.262464296818,443345,4,30,0.15583348942,-0.45832650469,-0.341024458379,-0.805825699181,303.846906535,70.4187344869,-1742.2323527,0.406851536036,443345,4,30,-0.631793132716,0.762748802554,0.127873554685,0.0519620598846,50.3144359457,-27.5475096262,-172.538936193,0.484164930038,443345,4
215,1785340690741,2629,2302,1718,2998,1222,2715,1460,2627,2304,1712,2999,1220,2713,1454,0.888174876186,0.392699081699,-0.543029198912,1.36677688201,-1.31615551601,1.02009722394,-0.911184588004,0.205168567045,0.569660771977,-0.246970525602,0.75656990652,205.790606181,-81.5567596436,-1796.89813639,0.136312714716,444020,4,30,0.156115585559,-0.457745704548,-0.341468461058,-0.805913198809,303.830901082,70.3560256958,-1742.29903971,0.405829540888,444020,4,30,-0.754126788622,0.640229523222,0.144283156706,-0.0241104742415,-3.19203052438,31.5158880956,-186.190802326,0.428110701164,444020,4
216,1785340702294,2707,2483,1444,2890,1350,2302,1769,2703,2486,1436,2890,1347,2304,1762,1.00475741607,0.671883585094,-0.966407896368,1.19957297613,-1.12133995594,0.392699081699,-0.438718505335,0.112263419064,0.537097459913,-0.383783049593,0.742720549158,286.815048218,-142.521609497,-1711.45542399,0.273940808078,444716,4,30,0.156662601678,-0.458278441247,-0.341416239305,-0.805526319286,303.853589884,70.3234321594,-1742.26397298,0.388804731766,444716,4,30,-0.695803892143,0.698315194212,0.0704774277506,-0.152465620348,22.2026221882,155.66657362,-147.707317951,0.4756182143,444716,4
217,1785340716029,3129,2367,2460,2140,1546,1731,1035,3127,2370,2459,2140,1538,1733,1029,1.65516527013,0.493941813699,0.602854449639,0.0490873852123,-0.828349625458,-0.483203948184,-1.56312642286,0.632260711122,-0.369623139254,-0.665221670211,-0.145276486678,-236.255265808,-124.466769663,-1896.67989095,0.146174178024,445538,4,30,0.156401231647,-0.458374687413,-0.341298557533,-0.80557221607,303.886991374,70.3418591817,-1742.27801921,0.41513919433,445538,4,30,0.612382142656,0.718304231303,-0.119418887079,0.307841309862,144.366641961,-227.981100778,-529.836661851,0.440122075099,445538,4
218,1785340726538,3128,2534,2500,2141,1528,1549,1039,3127,2537,2498,2143,1521,1550,1034,1.65516527013,0.750116605276,0.662679700367,0.053689327576,-0.854427298852,-0.763922432367,-1.55545651892,0.588848678256,-0.373703552698,-0.698944712748,-0.158364065808,-177.784909566,-192.807867432,-1915.06295573,0.217372133334,446171,4,30,0.156549121249,-0.458301390878,-0.341379755481,-0.805550786917,303.877443441,70.3103075663,-1742.31629639,0.405897265673,446171,4,30,0.629628474071,0.720340382782,-0.136856882109,0.256803254248,93.7321500368,-153.528511817,-546.547788159,0.4604380899,446171,4
219,1785340741532,3128,2680,2499,2141,1526,1414,1038,3127,2684,2498,2143,1522,1416,1034,1.65516527013,0.975611781095,0.662679700367,0.053689327576,-0.852893318064,-0.969475857944,-1.55545651892,0.56879987657,-0.361284146142,-0.721866413718,-0.157636756206,-115.332865397,-247.677910868,-1916.32657064,0.206000218789,447071,4,30,0.156704653313,-0.458354897665,-0.341394129187,-0.805484008515,303.873021444,70.28526179,-1742.31371257,0.400203577677,447071,4,30,0.628144787274,0.731732891769,-0.137689910545,0.225926071666,56.1263955441,-79.4966766165,-545.568268536,0.45010997959,447071,4
220,1785340755969,3148,2836,2494,2137,1425,1274,1035,3145,2840,2490,2139,1420,1276,1034,1.68277692431,1.21491278401,0.650407854064,0.0475534044245,-1.00935935843,-1.18423316825,-1.55545651892,0.53324820793,-0.40828912594,-0.73520484757,-0.0917614869519,-38.5625741323,-279.196488444,-1883.84018962,0.0837569609284,447938,4,30,0.156689988285,-0.458423372606,-0.341526703191,-0.805391687334,303.868684896,70.2616638184,-1742.27618815,0.399328520894,447938,4,30,0.595719960135,0.741267498157,-0.219847794253,0.217502120989,40.782410896,-0.416357068504,-507.69789783,0.408017764446,447938,4
221,1785340768630,3274,2957,2469,2117,1393,1226,929,3270,2961,2466,2118,1388,1228,922,1.8745245228,1.40052445934,0.613592315154,0.0153398078789,-1.05844674364,-1.25786424607,-1.72726236716,0.526403479329,-0.409642393943,-0.744620163601,-0.0251654126382,17.9214333216,-306.430245972,-1786.32325439,0.20243704766,448700,4,30,0.156860456375,-0.459138105558,-0.34152407956,-0.804952359045,303.905579631,70.254523468,-1742.15397135,0.390516405304,448700,4,30,0.545216996981,0.768224366288,-0.255210206419,0.217801514648,90.945331273,90.4447471875,-457.359779012,0.439867958684,448700,4
222,1785340782848,3416,3015,2438,2115,1377,1194,680,3413,3020,2435,2117,1370,1197,674,2.09388377546,1.49102932582,0.56603891073,0.013805827091,-1.08605839782,-1.30541765049,-2.10768960255,0.569107292307,-0.376637717289,-0.7299453637,-0.0379563666871,46.419161733,-301.780539958,-1681.41437174,0.196119182309,449552,4,30,0.157085319234,-0.459726994299,-0.341154849742,-0.80472893678,303.9837382,70.2812517802,-1742.10927327,0.390258107583,449552,4,30,0.54211791388,0.776928886734,-0.206151691099,0.244930914067,164.754096688,145.7436776,-400.085274732,0.436765525429,449552,4
223,1785340794847,3594,3076,2437,2043,1373,1123,426,3591,3081,2435,2047,1370,1126,420,2.36693235571,1.58460215389,0.56603891073,-0.093572828061,-1.08605839782,-1.41433028643,-2.49732072268,0.58759662778,-0.373669714347,-0.70835191276,-0.115493356047,56.7889620463,-251.050632222,-1589.94335124,0.166789621611,450275,4,30,0.157202620286,-0.46064834755,-0.340868076833,-0.804300559661,304.024648031,70.3145510356,-1742.02849935,0.393541419506,450275,4,30,0.598847991131,0.742293399102,-0.158402781067,0.255519377186,239.428689406,152.004905674,-327.260399455,0.42742675015,450275,4
224,1785340808312,3612,2726,2439,1905,1377,1493,415,3610,2730,2437,1907,1369,1495,410,2.39607799068,1.04617489734,0.569106872306,-0.308330138365,-1.08759237861,-0.848291375701,-2.51266053056,0.619596000941,-0.472151534801,-0.56638846283,-0.269031286242,-139.254019674,-144.672580465,-1627.08764648,0.215903954208,451082,4,30,0.157035822131,-0.460298275467,-0.340681007531,-0.804612763556,304.02738444,70.3407511393,-1742.04592692,0.40153627495,451082,4,30,0.724053103502,0.57512380295,-0.133923202172,0.356432729289,317.931742116,-50.1430466506,-390.319900171,0.455901192741,451082,4
225,1785340821581,3640,2547,2435,1875,1608,1892,608,3638,2550,2432,1877,1602,1895,602,2.43902945274,0.770058355519,0.561436968366,-0.354349562002,-0.730174855034,-0.234699060547,-2.21813621928,0.707154349271,-0.364477716759,-0.586861694786,-0.150605682119,-214.324394226,-157.063657125,-1670.0300415,0.220393274228,451880,4,30,0.156817240719,-0.46001352595,-0.340644204505,-0.804833793335,304.009796143,70.3552660624,-1742.08092041,0.389232198397,451880,4,30,0.599682251044,0.689167346951,-0.0752053333957,0.399717054312,320.650456403,-100.71968585,-461.107209194,0.447297327953,451880,4
226,1785340834518,3645,2411,2409,1688,1615,2381,914,3643,2414,2406,1687,1607,2388,909,2.44669935668,0.561436968366,0.521553467881,-0.6458059117,-0.722504951094,0.521553467881,-1.7472041174,0.745485888464,-0.326430939771,-0.578865305255,0.0510743578861,-230.745856222,-99.4201644897,-1710.94754232,0.14598770986,452657,4,30,0.156803680728,-0.459878767913,-0.34044746945,-0.804996673954,303.986827596,70.3809987386,-1742.1340861,0.374722968539,452657,4,30,0.422972129737,0.775020340318,-0.123233259839,0.453047032028,298.375074601,-167.749244203,-445.619327022,0.402156331021,452657,4
227,1785340845810,3645,2321,2254,1388,1616,2784,916,3643,2320,2251,1380,1607,2788,909,2.44669935668,0.417242774305,0.283786445759,-1.11673801358,-0.722504951094,1.13514578304,-1.7472041174,0.800251035441,-0.236776174744,-0.548180478182,-0.0550770976934,-228.192177836,5.25287208557,-1759.9895874,0.186440012852,453335,4,30,0.155997002029,-0.459521113988,-0.34062262214,-0.80528349694,303.95914917,70.4194269816,-1742.14802653,0.398987756173,453335,4,30,0.464715763699,0.753476060852,0.0217062381926,0.464587907629,262.38577257,-260.644520346,-388.546234536,0.440398805594,453335,4
228,1785340857607,3645,2324,2178,1170,1614,2992,999,3643,2322,2176,1158,1607,2996,994,2.44669935668,0.420310735881,0.168737886667,-1.45728174849,-0.722504951094,1.45421378692,-1.61681575043,0.769500182631,-0.213792974081,-0.597975735925,-0.0677277816637,-201.05147349,46.5900456746,-1778.7755249,0.16968109111,454043,4,30,0.1556313898,-0.459552070327,-0.340698490412,-0.805304478938,303.932158407,70.4344004313,-1742.11370443,0.389024365942,454043,4,30,0.47627830319,0.778830289824,0.0280597584349,0.407179330908,234.714877307,-282.428681136,-349.376698223,0.424419167777,454043,4
229,1785340871519,3641,2353,2028,1211,1795,2852,856,3638,2351,2025,1200,1785,2856,852,2.43902945274,0.464796178729,-0.0628932123033,-1.3928545554,-0.44945637085,1.23945647661,-1.83464102231,0.749315719032,-0.361390402888,-0.545093403975,-0.103904335107,-218.107104492,100.964862315,-1745.67043864,0.228419504066,454880,4,30,0.155731047221,-0.459670388484,-0.340571894392,-0.805271233581,303.961782837,70.4484125773,-1742.11075033,0.399593648314,454880,4,30,0.552126853832,0.691719683361,-0.0729476421598,0.459737379851,275.011228574,-317.801462486,-311.240907984,0.46027226031,454880,4
230,1785340892154,3599,2051,1140,1942,2919,2095,337,3599,2048,1127,1939,2908,2096,337,2.37920420201,0,-1.44040795982,-0.259242753153,1.27320405395,0.0736310778185,-2.62464112807,0.653988971781,-0.336645851279,-0.606026254041,-0.302820367576,-151.955780538,263.63039856,-1662.44383138,0.209226713081,456119,4,30,0.155224558495,-0.460666389875,-0.340141288363,-0.804981811988,303.980034383,70.5628189087,-1742.00950521,0.38098633786,456119,4,30,0.706496017409,0.633853437135,-0.00311612813193,0.314775296621,320.120748345,-363.720776965,-129.279375675,0.434656654272,456119,4
231,1785340906118,3578,2001,1010,1946,3058,2286,583,3578,1997,998,1943,3048,2290,577,2.34699060547,-0.0782330201822,-1.63829148146,-0.253106830001,1.48796136425,0.371223350668,-2.25648573898,0.704300564961,-0.399337268859,-0.577710789129,-0.103637367874,-85.1524162292,257.496672567,-1620.02497559,0.189580233892,456956,4,30,0.155387816844,-0.460857027825,-0.340031375257,-0.804887625772,303.972445679,70.5662600199,-1742.00203044,0.366879060864,456956,4,30,0.573333343116,0.69228202739,-0.123944545475,0.420323948725,320.251017149,-304.67173883,-76.5111545662,0.4129659918,456956,4
232,1785340918256,3550,1461,1022,2316,3056,2798,582,3550,1451,1015,2306,3049,2800,577,2.3040391434,-0.915786530368,-1.61221380807,0.303728196001,1.48949534504,1.15355355249,-2.25648573898,0.705178602116,-0.104765600844,-0.651892459559,-0.25842509392,-52.7312931061,255.819767253,-1735.70545247,0.115735413134,457685,4,30,0.154908849111,-0.460368802564,-0.339951796515,-0.805292859859,303.883292643,70.6173838298,-1742.09095866,0.384072915713,457685,4,30,0.587189115585,0.745525378133,0.17334668272,0.263347262541,205.507827866,-331.517628105,-96.8362288877,0.401131761941,457685,4
233,1785340930878,3254,1018,1006,2294,3056,3040,796,3254,1007,1003,2281,3049,3039,791,1.84998083019,-1.59687400019,-1.63062157752,0.265378676304,1.48949534504,1.52017496079,-1.92821385037,0.57936240122,-0.140150371703,-0.692986887422,-0.405544393655,38.4843065898,288.871111043,-1680.74092204,0.161226228873,458444,4,30,0.15526100057,-0.460679452289,-0.339993468319,-0.805029754383,303.988171387,70.6216527303,-1742.027889,0.379662793875,458444,4,30,0.71660310155,0.665133085545,0.163386344521,0.131844134439,205.748317233,-282.029167386,2.89815365879,0.412477555667,458444,4
234,1785340943699,3243,910,1006,2092,3055,3139,797,3242,899,1005,2078,3050,3136,791,1.83157306074,-1.76254392528,-1.62755361595,-0.0460194236366,1.49102932582,1.66897109722,-1.92821385037,0.662648718101,-0.203324530598,-0.592852552896,-0.409977636195,99.3756444295,288.99380188,-1626.29615479,0.191293306649,459215,4,30,0.155345254697,-0.460686034204,-0.339975268857,-0.805017419872,304.014583333,70.6128974915,-1742.01156006,0.37426730593,459215,4,30,0.728202450505,0.611561884427,0.158378527579,0.265762101506,219.7385742,-225.866010667,60.4720924772,0.420320289133,459215,4
235,1785340961227,3575,851,1104,2218,3056,3279,531,3575,852,1103,2206,3050,3281,524,2.3423886631,-1.83464102231,-1.47722349873,0.150330117213,1.49102932582,1.89139831146,-2.33778672074,0.633626134864,-0.228397313035,-0.690914913529,-0.262657897043,119.953736877,346.689341227,-1792.78898926,0.338464051485,460268,4,30,0.154288019305,-0.459867077309,-0.339998730948,-0.805678807752,303.84979248,70.6702924093,-1742.1644694,0.401943774025,460268,4,30,0.649321421268,0.723496981825,0.0456050328183,0.229899956838,72.2279294346,-322.83890691,55.9042304488,0.525468088113,460268,4
236,1785340973466,3618,888,1135,2119,3052,3235,336,3618,874,1133,2106,3050,3234,336,2.40834983698,-1.80089344498,-1.4312040751,-0.00306796157577,1.49102932582,1.81930121443,-2.62617510886,0.662588948325,-0.214294592716,-0.614779262101,-0.370270403869,128.901291402,364.942653402,-1815.57960205,0.171402134498,461003,4,30,0.154033870831,-0.459507199347,-0.340095595687,-0.805891857621,303.821558634,70.6787109375,-1742.18051758,0.411269200842,461003,4,30,0.70801267157,0.640974034341,0.128090402509,0.26732600506,49.6168815229,-340.171484348,66.3122886703,0.44555700788,461003,4
237,1785340989591,3615,1094,1136,2267,3043,3096,337,3614,1080,1133,2256,3034,3099,336,2.40221391383,-1.48489340267,-1.4312040751,0.227029156607,1.46648563322,1.61221380807,-2.62617510886,0.687187139905,-0.122640560545,-0.65821035867,-0.281943702533,45.6415283203,329.711437988,-1834.30951335,0.109010287871,461972,4,30,0.154202727343,-0.459563882492,-0.339989692336,-0.805871928965,303.82162679,70.6765497843,-1742.19593506,0.40848252972,461972,4,30,0.61332255608,0.73147017982,0.162877269286,0.249515156628,75.5276267644,-369.097946899,-17.4135305966,0.422777979497,461972,4
238,1785341002960,3614,1289,1136,2446,3012,2935,337,3614,1277,1132,2436,3007,2938,336,2.40221391383,-1.18269918746,-1.43273805589,0.503145698426,1.42506815195,1.36524290122,-2.62617510886,0.694832729222,0.0380580857645,-0.674172018838,-0.247489695796,-25.6945237478,264.902300008,-1845.34206543,0.114504465212,462773,4,30,0.15419740807,-0.459568889002,-0.340127151698,-0.80581208497,303.835585531,70.6577196757,-1742.17021077,0.409015749892,462773,4,30,0.518385489996,0.784269958415,0.276782129175,0.19896926662,99.8814239578,-366.906455899,-111.215265457,0.424741281503,462773,4
239,1785341015225,3617,1575,1139,2845,2674,2586,869,3617,1569,1132,2841,2667,2590,864,2.40681585619,-0.734776797397,-1.43273805589,1.12440791752,0.903514684065,0.831417587034,-1.81623325286,0.704193821203,0.133216964689,-0.659786556485,-0.225933623837,-119.525298818,122.468040975,-1787.09831543,0.162066527208,463511,4,30,0.154974345162,-0.460142786714,-0.340005484776,-0.8053867633,303.902315267,70.5935974121,-1742.11038411,0.380568658312,463511,4,30,0.454128148947,0.799239607039,0.348432679308,0.183243943594,188.979666957,-293.802396453,-248.943072898,0.413640016114,463511,4
240,1785341027658,3615,1592,1520,3121,2512,2257,984,3613,1585,1515,3123,2503,2264,979,2.40067993304,-0.710233104791,-0.845223414125,1.5569904997,0.651941834851,0.331339850183,-1.63982546225,0.699851185332,0.125406146203,-0.701724412458,-0.0454363933866,-124.213222758,12.8186915398,-1838.71274821,0.173731921613,464258,4,30,0.154716111473,-0.459368240185,-0.340280011442,-0.805762532371,303.877386475,70.5663757324,-1742.17200114,0.401777744293,464258,4,30,0.326064387812,0.89085390184,0.251496906941,0.191861007961,141.637480535,-238.175927721,-345.14856533,0.437730666503,464258,4
241,1785341040745,3639,1711,2214,2884,2411,2006,338,3638,1705,2211,2887,2413,2010,337,2.43902945274,-0.526155410245,0.222427214243,1.19497103376,0.513883563942,-0.0582912699397,-2.62464112807,0.750305759738,0.0842571377535,-0.655032207895,0.0295771577664,-151.295787048,-98.5037277222,-1877.86305745,0.175403544307,465044,4,30,0.154688121227,-0.458980211409,-0.340800574757,-0.805769023313,303.843977865,70.4909660339,-1742.19592285,0.411413482825,465044,4,30,0.27679402483,0.895293649326,0.20869539405,0.279786671943,116.203334384,-189.440863761,-452.466493511,0.447244292535,465044,4
242,1785341051847,3636,1894,2217,2897,2659,2287,706,3634,1892,2215,2901,2659,2294,698,2.43289352959,-0.23930100291,0.228563137395,1.21644676479,0.891242837762,0.37735927382,-2.07087406365,0.574300066849,0.272810544029,-0.670707349601,0.381975773414,-22.7473258336,-162.87240448,-1806.61729329,0.0887239878376,465710,4,30,0.155970275545,-0.459433879844,-0.340292748578,-0.805477888252,303.909733073,70.4482884725,-1742.16459961,0.396376830339,465710,4,30,-0.115200858879,0.976626769048,0.135069987441,0.121181741964,103.98669297,-42.3801795731,-390.75339753,0.406185348884,465710,4
244,1785341089252,3628,2309,2259,2874,2742,2525,779,3625,2312,2259,2877,2738,2528,772,2.4190877025,0.404970928002,0.296058292062,1.17963122588,1.01242732,0.736310778185,-1.95735948534,0.437540921488,0.563948473429,-0.430927925952,0.552106134703,170.998980713,-191.687675476,-1723.07111816,0.118415203939,467957,4,30,0.156610541536,-0.45995668555,-0.340610583757,-0.804920751335,304.01800944,70.3911191305,-1742.07038167,0.379076359669,467957,4,30,-0.488491422347,0.824486170628,0.281532133996,0.0483564087299,70.263093403,120.877412012,-259.214346768,0.397141092037,467957,4
245,1785341101548,3630,2511,2260,2865,2725,3095,778,3628,2514,2260,2867,2718,3085,772,2.42368964486,0.714835047155,0.29759227285,1.16429141801,0.981747704247,1.59073807704,-1.95735948534,0.129179436677,0.662037374608,-0.102740923133,0.731070099564,217.154748027,-79.8770108541,-1672.07810059,0.108834161113,468695,4,30,0.156721381674,-0.460362513704,-0.340667704586,-0.804642951597,304.034535726,70.3826703389,-1741.97730713,0.400648090243,468695,4,30,-0.837781898427,0.494946514605,0.224052001187,-0.0543151830734,95.8017475097,87.0737898877,-135.1005132,0.415167155301,468695,4
246,1785341114013,3633,2528,2257,2560,2683,2562,778,3631,2533,2255,2563,2677,2566,772,2.42829158722,0.743980682125,0.28992236891,0.697961258488,0.918854491943,0.794602048125,-1.95735948534,0.442905778574,0.517993976796,-0.486959919293,0.546247881745,176.985333252,-262.672013346,-1669.50831706,0.201937013368,469445,4,30,0.156714203835,-0.460390003863,-0.340818571459,-0.804564729533,304.032840983,70.3625488281,-1741.99133301,0.404845038056,469445,4,30,-0.442596417697,0.863048605252,0.239909598147,0.0412177235109,107.8594909,196.691606859,-286.33130887,0.452413596399,469445,4
247,1785341127736,3605,2654,2260,2413,2501,1589,934,3601,2659,2260,2416,2498,1595,928,2.38227216359,0.937262261398,0.29759227285,0.472466082669,0.644271930912,-0.694893296912,-1.71805848243,0.605559991538,0.130719284734,-0.784591091821,-0.0250276623437,0.144036992391,-368.259129842,-1704.89236247,0.10139274622,470270,4,30,0.156526738924,-0.460360458849,-0.341137973668,-0.804482759823,304.022027588,70.3381200155,-1741.94983724,0.406666616599,470270,4,30,0.322396478893,0.921889059782,0.200453180522,0.0774570479079,164.28970786,158.044873836,-483.852608687,0.419116005471,470270,4
248,1785341140328,3416,2673,2260,2094,2337,1525,932,3413,2678,2260,2098,2334,1528,928,2.09388377546,0.966407896368,0.29759227285,-0.0153398078789,0.392699081699,-0.797670009701,-1.71805848243,0.510041890485,-0.0338236606426,-0.812725953523,-0.27962430939,-123.514597829,-321.323129272,-1845.65765788,0.155975069106,471026,4,30,0.156684699104,-0.459627614063,-0.341289236236,-0.804806820726,303.963816325,70.3124371847,-1742.04876302,0.405993300676,471026,4,30,0.597880219965,0.787784310897,0.148031627142,0.00466470194232,114.042532611,-2.74617845451,-577.786962327,0.434923881129,471026,4
249,1785341152372,3077,2650,2262,1774,2001,1890,935,3074,2655,2261,1777,1997,1893,928,1.57386428837,0.931126338247,0.299126253638,-0.50774764079,-0.124252443819,-0.237767022122,-1.71805848243,0.640670025421,-0.0721047938501,-0.703274620985,-0.299579079226,-197.42964681,-245.083438619,-1946.2552002,0.186372506122,471749,4,30,0.15649145143,-0.458336349879,-0.341477618009,-0.805500622227,303.876134237,70.3136428833,-1742.23374023,0.404713056485,471749,4,30,0.614771307291,0.746547171503,0.187945533379,0.171464389698,74.4683358861,-139.878585171,-606.049510862,0.445564102153,471749,4
250,1785341165696,3069,2515,2262,1589,1952,2070,1015,3067,2518,2262,1586,1947,2071,1009,1.56312642286,0.720970970306,0.300660234426,-0.800737971276,-0.200951483213,0.0352815581214,-1.59380603861,0.639058401082,-0.184339894629,-0.668029721367,-0.333705640686,-266.417793783,-103.751771037,-1917.71669108,0.139383072903,472550,4,30,0.156155687192,-0.45826969071,-0.341463661624,-0.80560961993,303.892362467,70.359122467,-1742.2186971,0.418783389529,472550,4,30,0.681214339367,0.688298192846,0.118319769716,0.219529163575,143.970936208,-268.396266845,-541.852043385,0.441369650471,472550,4
251,1785341176555,3069,2318,2255,1469,1873,2207,975,3067,2316,2252,1459,1864,2202,971,1.56312642286,0.411106851153,0.285320426547,-0.995553531338,-0.328271888608,0.236233041334,-1.65209730855,0.647997060373,-0.246775127588,-0.553053112455,-0.461881046326,-289.73652242,80.6622817993,-1870.49453125,0.295661624273,473201,4,30,0.155795248647,-0.458608721729,-0.341128893196,-0.805628300819,303.908226522,70.4292597453,-1742.18782959,0.427145727475,473201,4,30,0.774894927623,0.546724980308,0.147901122353,0.280633043418,207.298136861,-394.308629634,-412.952296795,0.519489430661,473201,4
252,1785341188369,3069,2138,2210,1450,1866,2411,968,3068,2133,2207,1436,1864,2407,963,1.56466040364,0.13038836697,0.216291291092,-1.03083508946,-0.328271888608,0.550699102851,-1.66436915486,0.645292200767,-0.246120517646,-0.544299771786,-0.476193684184,-276.464006551,192.284397888,-1848.16588135,0.270022480687,473912,4,30,0.155764028605,-0.458958198763,-0.340331441598,-0.805772578983,303.915486654,70.5094640096,-1742.19557292,0.419272017479,473912,4,30,0.78241848127,0.534343570623,0.155066731028,0.279736621895,225.570990228,-457.62092669,-320.312367456,0.498699473347,473912,4
253,1785341200145,3069,1899,2156,1405,1860,2609,902,3068,1889,2153,1387,1853,2602,898,1.56466040364,-0.243902945274,0.133456328546,-1.10600014807,-0.345145677274,0.849825356489,-1.76407790607,0.61685095649,-0.231875787072,-0.488167527878,-0.572207114228,-206.127820841,335.750848389,-1818.39844971,0.358641899625,474617,4,30,0.155248459074,-0.459486575282,-0.340104410723,-0.805666800171,303.90526123,70.600521342,-1742.19577637,0.413088533282,474617,4,30,0.829345175924,0.446126581554,0.21011333845,0.262697615917,222.159076261,-508.91510221,-167.021111666,0.547052235619,474617,4
254,1785341212800,2949,1760,2004,1395,1861,3003,1304,2947,1746,2000,1388,1854,3000,1299,1.37904872831,-0.463262197941,-0.101242732,-1.10446616728,-0.343611696486,1.46034971007,-1.14895161013,0.711036618863,-0.235363503892,-0.576018520398,-0.327465436086,-148.803873189,318.061638387,-1701.80913493,0.200080544253,475379,4,30,0.15549642404,-0.460151742736,-0.340020371086,-0.80527472518,303.956429036,70.6174201965,-1742.05653076,0.394740482171,475379,4,30,0.678424248195,0.64309479273,0.113349625086,0.336632573464,288.67625609,-417.047089624,-102.85003386,0.442551999717,475379,4
255,1785341225345,2750,1705,1843,1421,1861,3122,1644,2750,1690,1838,1405,1854,3120,1637,1.0768545131,-0.549165122063,-0.349747619638,-1.07838849388,-0.343611696486,1.64442740461,-0.630466103821,0.75102347739,-0.179305280857,-0.597642466135,-0.215955632799,-109.836207835,226.710572815,-1574.47756755,0.127132092168,476132,4,30,0.155802048986,-0.460481998934,-0.340272728737,-0.804920194968,304.045443726,70.5856679281,-1741.95985107,0.37008420229,476132,4,30,0.576766333581,0.725467339867,0.117556127058,0.356676733507,369.947137978,-278.188830104,-97.3314575453,0.391311749943,476132,4
256,1785341241895,2642,1660,1662,1549,1865,3171,1905,2641,1646,1654,1536,1854,3167,1900,0.909650607216,-0.61666027673,-0.632000084609,-0.877437010671,-0.343611696486,1.71652450164,-0.227029156607,0.741609569107,-0.0602613753847,-0.655818969665,-0.127613842013,-76.9548032125,102.063774872,-1519.028007,0.116323511551,477125,4,30,0.156148419081,-0.460345079714,-0.340257073125,-0.804938011893,304.062643433,70.5550356547,-1741.93027751,0.363264128566,477125,4,30,0.469410464844,0.81645870294,0.160172538647,0.295624355817,391.777196517,-147.764078298,-143.279178344,0.381434118089,477125,4
257,1785341253205,2657,1883,1665,1929,1858,2861,1795,2655,1876,1656,1922,1854,2864,1790,0.931126338247,-0.263844695516,-0.628932123033,-0.285320426547,-0.343611696486,1.25172832291,-0.395767043274,0.695606051685,0.126625672996,-0.706259482621,0.0359958748488,-158.19855957,-61.306924057,-1614.49239095,0.189387035867,477806,4,30,0.156230782356,-0.460003718178,-0.340558320987,-0.804989783732,304.023079427,70.4899141947,-1741.98589681,0.37740547061,477806,4,30,0.261973029344,0.920554560995,0.211929094364,0.197574014205,343.886991149,-114.71335813,-340.376889568,0.42225861578,477806,4
258,1785341264122,2657,1993,1513,2096,1858,2701,1852,2655,1990,1500,2094,1854,2704,1846,0.931126338247,-0.0889708856974,-0.868233125943,-0.0214757310304,-0.343611696486,1.00629139685,-0.309864119153,0.66670726812,0.231989317321,-0.684748556081,0.181112645142,-77.1958287557,-184.071769714,-1629.67432048,0.190939555566,478460,4,30,0.156344023479,-0.45920227127,-0.340825759876,-0.805312126935,303.989444987,70.438584137,-1742.01767171,0.381877423326,478460,4,30,0.0852334128329,0.955587806083,0.223831139496,0.171717300216,281.276631275,13.1742359516,-378.69335604,0.42695231622,478460,4
259,1785341278794,2654,2059,1280,2162,1859,2551,2064,2652,2057,1268,2160,1853,2550,2058,0.926524395883,0.013805827091,-1.22411666873,0.0797670009701,-0.345145677274,0.770058355519,0.0153398078789,0.602180475574,0.273088462116,-0.665185715329,0.346885183915,59.4163253784,-234.654412333,-1594.84743652,0.0984887354076,479342,4,30,0.156405411973,-0.459268590082,-0.341133180652,-0.80513220177,303.983317057,70.405161794,-1742.01014811,0.379671901464,479342,4,30,-0.0836081806916,0.973171577093,0.161943940559,0.140431170956,235.208693352,140.601695344,-315.339903447,0.392238172242,479342,4
260,1785341292845,2653,2141,1108,2205,1857,2454,2064,2652,2138,1096,2204,1853,2455,2058,0.926524395883,0.13805827091,-1.48796136425,0.147262155637,-0.345145677274,0.624330180669,0.0153398078789,0.593503142187,0.342049635887,-0.5725361743,0.450509040887,181.397210693,-232.289193726,-1590.3039388,0.121603999535,480185,4,30,0.156731733773,-0.459049057639,-0.340950665253,-0.805271240125,303.96986084,70.4005823771,-1742.06992594,0.37744222482,480185,4,30,-0.231572171078,0.940705362884,0.18125768771,0.169095832204,174.971680089,209.635014633,-234.768272518,0.396547810208,480185,4
261,1785341306701,2641,2143,920,2357,2426,2198,1930,2639,2141,915,2357,2406,2200,1923,0.90658264564,0.142660213273,-1.76561188686,0.381961216184,0.503145698426,0.233165079759,-0.191747598486,0.678831420464,0.11667239339,-0.669484026635,0.27814850942,117.328790029,-275.467958577,-1617.01442464,0.128711521874,481019,4,30,0.156708128247,-0.458965298343,-0.341027026501,-0.805291242132,303.956429036,70.3859809875,-1742.07244873,0.400849131743,481019,4,30,0.0571514097013,0.963829360293,0.0928810150967,0.243186754656,183.669972448,193.596316254,-314.436225803,0.4210067485,481019,4
262,1785341321971,2596,2143,930,2410,2788,2144,1930,2593,2141,922,2406,2771,2146,1923,0.836019529398,0.142660213273,-1.75487402134,0.45712627479,1.063048686,0.150330117213,-0.191747598486,0.6596022011,-0.0468468377731,-0.74867320213,0.0471035721299,0.260724512736,-254.98685557,-1684.06409912,0.119665758808,481934,4,30,0.156553750517,-0.45886044038,-0.341129666776,-0.805337550285,303.923366292,70.3765085856,-1742.07487793,0.40085132122,481934,4,30,0.34221972362,0.914334376751,0.0484607979389,0.211020992605,190.157902925,85.5934387157,-397.43088004,0.418332015934,481934,4
263,1785341334594,2523,2143,1121,2407,2889,1971,1925,2521,2142,1110,2408,2875,1972,1923,0.72557291267,0.144194194061,-1.46648563322,0.460194236366,1.22258268794,-0.116582539879,-0.191747598486,0.643907426921,-0.193169340231,-0.729309737998,-0.127185445754,-115.990461985,-205.365893046,-1743.77561035,0.0892630514999,482693,4,30,0.15614748859,-0.458538265347,-0.34134864058,-0.805507123863,303.885195923,70.3817830404,-1742.1086141,0.387316426635,482693,4,30,0.54051773202,0.809142897685,0.00863715485226,0.230334001081,204.472899958,-39.6977634074,-457.110543097,0.397469378323,482693,4
264,1785341348299,2520,2145,1347,2410,2639,1821,1741,2518,2146,1338,2409,2628,1823,1735,0.720970970306,0.150330117213,-1.11673801358,0.461728217154,0.843689433337,-0.345145677274,-0.480135986608,0.703609302484,-0.154803971615,-0.671822598587,-0.172116460159,-174.99814504,-209.801535543,-1773.60750732,0.134434622775,483518,4,30,0.156125681096,-0.458469630273,-0.341366710633,-0.805542760312,303.881779989,70.3815889994,-1742.16763102,0.395955318213,483518,4,30,0.548809440227,0.780841621917,0.0895089836299,0.284750244335,210.418891375,-81.9152186626,-507.770439076,0.418154614732,483518,4
265,1785341358807,2365,2341,1366,2407,2634,1604,1762,2363,2342,1357,2408,2628,1606,1756,0.483203948184,0.450990351638,-1.08759237861,0.460194236366,0.843689433337,-0.678019508245,-0.447922390063,0.713532899582,-0.098784387356,-0.665078678158,-0.196933485948,-121.084766897,-251.214320882,-1910.60764974,0.147984977563,484148,4,30,0.155590418045,-0.457332275346,-0.341665181382,-0.80616605955,303.779184977,70.3540194194,-1742.2845988,0.413692423701,484148,4,30,0.542191490339,0.779830262441,0.150736896911,0.274174283067,64.7344925302,-77.2050846936,-549.633555143,0.43936428509,484148,4
266,1785341372490,2322,2422,1526,2400,2622,1570,1856,2318,2426,1517,2402,2613,1572,1850,0.414174812729,0.579844737821,-0.842155452549,0.450990351638,0.820679721519,-0.730174855034,-0.303728196001,0.624538016259,-0.116176080111,-0.721457854873,-0.275597438847,-140.386457316,-200.825872294,-2023.98943685,0.195071478685,484970,4,30,0.155273876403,-0.457040895927,-0.341585269858,-0.806426156677,303.679825846,70.3629216512,-1742.35211995,0.381897611419,484970,4,30,0.618760017933,0.755062763776,0.133581299617,0.170799002805,-17.1073189876,-170.22374409,-566.382397904,0.428834079108,484970,4
267,1785341383625,2235,2336,1665,2240,2685,1492,1948,2233,2338,1658,2242,2677,1486,1944,0.283786445759,0.444854428487,-0.625864161457,0.205553425577,0.918854491943,-0.862097202792,-0.15953400194,0.667160955137,-0.303049526429,-0.552079045065,-0.397826560793,-225.492154948,-53.9685579936,-1973.45341797,0.210477900008,485639,4,30,0.155032261578,-0.457118702193,-0.341476046097,-0.806474798067,303.705445353,70.4018155416,-1742.33232015,0.394102204839,485639,4,30,0.751319942656,0.567378891887,0.0796815776804,0.327491042605,79.9934213229,-302.693253605,-500.912066736,0.446785736401,485639,4
268,1785341394375,2234,2119,1712,2133,2684,1747,1887,2233,2117,1707,2130,2678,1741,1883,0.283786445759,0.105844674364,-0.550699102851,0.0337475773335,0.920388472731,-0.470932101881,-0.253106830001,0.622659130588,-0.404847427224,-0.515072331824,-0.427895618995,-289.086846924,32.0673156738,-1835.39307861,0.201095420122,486284,4,30,0.155415825204,-0.458222942504,-0.34116708353,-0.805904881084,303.809691366,70.434870402,-1742.21943766,0.401721880833,486284,4,30,0.802850355167,0.491512407952,0.00218348005224,0.337404938395,234.19520314,-344.279355292,-433.940127304,0.449243628262,486284,4
269,1785341405860,2234,1996,1959,2113,2256,1960,1817,2232,1990,1956,2108,2253,1955,1814,0.282252464971,-0.0889708856974,-0.168737886667,0,0.26844663788,-0.142660213273,-0.358951504365,0.662195301707,-0.339675019554,-0.579545719016,-0.332031659724,-336.015352376,74.9009379069,-1773.35204264,0.183679938813,486974,4,30,0.155568421568,-0.458534013515,-0.340749058293,-0.805875365012,303.892536418,70.4765518188,-1742.17721354,0.410404102008,486974,4,30,0.723825020831,0.604698505263,0.0139954919064,0.331995757742,313.777262255,-376.270257478,-412.84146392,0.449633013542,486974,4
270,1785341416355,2235,1984,2008,2115,2103,1985,1821,2233,1980,2005,2110,2097,1981,1817,0.283786445759,-0.104310693576,-0.093572828061,0.00306796157577,0.0291456349698,-0.102776712788,-0.354349562002,0.698320505862,-0.292630560551,-0.597498198909,-0.264029787003,-333.611253866,54.3837847392,-1760.74373372,0.151319480936,487604,4,30,0.155454165528,-0.458632071824,-0.340831540931,-0.805806729819,303.893039958,70.4809773763,-1742.15087077,0.413659697771,487604,4,30,0.659169802852,0.666259931382,0.0304149233541,0.34737272098,321.790261651,-355.002196332,-421.237470927,0.440467854526,487604,4
271,1785341432773,2236,1754,2078,2138,1881,2251,1865,2234,1744,2075,2130,1869,2248,1861,0.285320426547,-0.466330159517,0.013805827091,0.0337475773335,-0.320601984668,0.306796157577,-0.286854407335,0.736786571668,-0.180611046753,-0.625095090077,-0.183796969404,-286.786676025,51.8828193665,-1628.05549316,0.103108424693,488591,4,30,0.156212455789,-0.459541199206,-0.340263860553,-0.805381934296,303.96891276,70.5108868917,-1742.01936442,0.380242722233,488591,4,30,0.558817484066,0.751270915945,0.0920556096981,0.338881683011,407.748927069,-273.888783795,-347.926258162,0.393974459901,488591,4
272,1785341444233,2226,1676,2043,2139,1871,2310,1992,2223,1662,2039,2130,1868,2305,1987,0.26844663788,-0.592116584124,-0.0414174812729,0.0337475773335,-0.322135965456,0.394233062487,-0.093572828061,0.730583276939,-0.200225636277,-0.640172181609,-0.127817635438,-259.052337646,43.2171616872,-1571.82377523,0.100249769539,489278,4,30,0.155917261819,-0.459598832736,-0.340532643429,-0.805292641947,303.992006429,70.5113917033,-1741.96171061,0.383056824406,489278,4,30,0.52686413937,0.7765564585,0.0464781653194,0.342365339305,440.121446445,-229.066623794,-317.068477915,0.395957759132,489278,4
273,1785341460561,2242,1576,2077,2147,1873,2416,1990,2240,1560,2074,2135,1868,2412,1987,0.294524311274,-0.748582624488,0.0122718463031,0.0414174812729,-0.322135965456,0.55836900679,-0.093572828061,0.721003888409,-0.21934562662,-0.639152252229,-0.153379553568,-229.511104329,84.7683186849,-1526.75014242,0.155706676841,490259,4,30,0.155973164202,-0.460142135931,-0.340479451267,-0.804993993801,304.018973796,70.5352671305,-1741.8993042,0.374454384049,490259,4,30,0.554475250525,0.759843375723,0.0398008924915,0.337062501446,464.765963303,-224.337705917,-254.580594107,0.405537488953,490259,4
274,1785341475541,2249,1529,2180,2148,1872,2439,1924,2247,1513,2178,2136,1868,2434,1921,0.305262176789,-0.820679721519,0.171805848243,0.0429514620608,-0.322135965456,0.592116584124,-0.194815560061,0.715829998849,-0.268350302138,-0.611202805747,-0.204955259355,-214.313214111,156.527825419,-1513.67439372,0.223861890038,491159,4,30,0.155593147261,-0.460137628147,-0.34054620591,-0.805041873028,304.011225382,70.5514526367,-1741.8555013,0.381394591928,491159,4,30,0.607996676381,0.709873965332,0.0269486190788,0.354531757087,472.379223595,-261.721818352,-190.993031355,0.442239732004,491159,4
275,1785341492447,2310,1438,2276,2149,1871,2574,1749,2308,1418,2273,2136,1869,2569,1742,0.39883500485,-0.966407896368,0.317534023092,0.0429514620608,-0.320601984668,0.799203990488,-0.469398121093,0.692676591142,-0.265913396845,-0.607038065942,-0.284594434169,-171.6301946,243.019098409,-1517.60570882,0.171674986184,492176,4,30,0.155659719211,-0.460253441399,-0.340258307966,-0.80508453305,304.031679281,70.5951263428,-1741.85799154,0.371340918541,492176,4,30,0.665881722023,0.669296117397,0.0581003947736,0.324451203789,451.823238745,-301.61489461,-105.629290393,0.40910436158,492176,4
276,1785341507842,2326,1483,2280,2428,1792,2165,1656,2324,1466,2277,2418,1783,2158,1651,0.423378697456,-0.892776818549,0.323669946244,0.475534044245,-0.452524332426,0.168737886667,-0.608990372791,0.759426132356,-0.273935309581,-0.543858729667,-0.229017636491,-218.48539327,198.849366252,-1563.26767171,0.159556461374,493100,4,30,0.155735510587,-0.460135738528,-0.340248059388,-0.805141485054,303.999667358,70.5793319702,-1741.88267415,0.372123598059,493100,4,30,0.613755519757,0.666738067845,0.0585176681685,0.418736424695,435.165005775,-314.713948164,-181.476466661,0.404887930912,493100,4
277,1785341526240,2310,1488,2214,2678,1742,2019,1657,2308,1475,2211,2675,1731,2016,1651,0.39883500485,-0.878970991458,0.222427214243,0.869767106731,-0.532291333396,-0.0490873852123,-0.608990372791,0.744979157471,-0.20356319051,-0.620332692378,-0.136950477071,-227.755316671,103.274993642,-1618.50306803,0.174437044561,494204,4,30,0.155787282329,-0.460008357251,-0.34040488874,-0.805137966839,303.995016479,70.5500249227,-1741.91386312,0.369914049904,494204,4,30,0.531127356995,0.763818872978,0.0560565135783,0.362411543994,387.438435924,-273.52122055,-272.281407746,0.408980056765,494204,4
278,1785341541719,2214,1490,2140,2900,1742,1775,1660,2212,1478,2136,2899,1732,1773,1654,0.251572849213,-0.874369049095,0.107378655152,1.21337880322,-0.530757352608,-0.421844716669,-0.604388430427,0.737435990869,-0.180412109986,-0.636041169473,-0.138171128232,-216.002293396,28.1821060816,-1664.84444987,0.155571897825,495134,4,30,0.156129809015,-0.459717076714,-0.340260253751,-0.80529910706,303.981193034,70.5219896952,-1741.9769043,0.371133902669,495134,4,30,0.52576288413,0.776033452386,0.0698490871462,0.341271996322,337.552959505,-231.761921151,-332.36925078,0.402421407362,495134,4
279,1785341556434,1978,1483,1953,2873,1807,1754,2082,1976,1479,1949,2872,1795,1751,2077,-0.110446616728,-0.872835068307,-0.179475752183,1.17196132194,-0.434116562972,-0.455592294002,0.0444854428487,0.679133454492,-0.106772187589,-0.720364824322,-0.0919346008202,-207.952601115,-84.2714413961,-1706.1108195,0.167749956747,496019,4,30,0.156182520672,-0.459228160862,-0.340421514501,-0.805499664167,303.946346029,70.4642356873,-1741.98665365,0.386074961225,496019,4,30,0.474382544707,0.844158365913,0.0748972414689,0.238218928207,291.925644738,-162.998549457,-418.905273474,0.420944086161,496019,4
280,1785341569642,1793,1449,1922,2778,2079,1821,2425,1791,1434,1919,2775,2073,1816,2420,-0.394233062487,-0.941864203762,-0.225495175819,1.02316518552,-0.00766990393943,-0.355883542789,0.570640853093,0.697038279059,-0.218232001042,-0.662201603233,-0.167336391511,-231.628216044,-83.2352556864,-1669.15148112,0.194487399856,496811,4,30,0.156175519065,-0.459152550881,-0.340489182114,-0.805515523828,303.940385946,70.4431927999,-1741.98992513,0.384558651845,496811,4,30,0.569326638345,0.762401848076,0.0349579808111,0.305595386906,335.865167246,-162.151364668,-420.306740678,0.43094164966,496811,4
281,1785341582741,1645,1308,1877,2726,2101,2127,2684,1642,1290,1873,2720,2095,2123,2678,-0.622796199882,-1.16275743722,-0.296058292062,0.938796242186,0.0260776733941,0.115048559091,0.966407896368,0.618506486543,-0.250445229733,-0.71630155399,-0.204056356822,-195.337390645,-155.933003235,-1668.89890137,0.111859216789,497600,4,30,0.155995777559,-0.45876793683,-0.34078095204,-0.805646101118,303.92364502,70.4013926188,-1741.99642334,0.400684648752,497600,4,30,0.619879775426,0.752229581049,-0.0091204976164,0.223196187101,312.731777625,-89.1751897846,-447.301586168,0.416005615499,497600,4
282,1785341593869,1588,1142,1875,2723,2101,2296,2779,1586,1125,1873,2720,2096,2293,2772,-0.708699124003,-1.41586426722,-0.296058292062,0.938796242186,0.0276116541819,0.375825293032,1.11060209043,0.617892487615,-0.276634350329,-0.707676719882,-0.202178065338,-126.049112193,-202.25004425,-1635.16787109,0.123083188136,498266,4,30,0.155684666569,-0.458787793077,-0.341046566001,-0.80558257512,303.896780396,70.3848520915,-1741.9809082,0.40570700864,498266,4,30,0.62733469065,0.74155370361,-0.0295392870142,0.235959151322,301.474441319,-2.96013053813,-423.906453138,0.423966564792,498266,4
283,1785341605073,1382,1104,1875,2727,2103,2334,3007,1378,1084,1874,2720,2099,2330,3002,-1.02776712788,-1.47875747952,-0.294524311274,0.938796242186,0.0322135965456,0.432582582184,1.46341767164,0.606025303569,-0.2850752598,-0.716403221488,-0.19552967019,-100.841850535,-255.324297078,-1719.38725179,0.151809748511,498941,4,30,0.155602529773,-0.458370013077,-0.341081267852,-0.805821538903,303.842420451,70.3545804342,-1742.11924642,0.410108251373,498941,4,30,0.626882759717,0.744027033325,-0.0448651217827,0.226779408453,214.080763556,15.3617958466,-473.588720225,0.437304216292,498941,4
284,1785341619047,1055,1057,1873,2802,2133,2312,3354,1052,1040,1870,2793,2126,2308,3348,-1.52784486473,-1.54625263419,-0.300660234426,1.0507768397,0.0736310778185,0.39883500485,1.99417502425,0.601930526816,-0.303276154574,-0.714597056698,-0.187227833166,-77.4385571798,-256.494759115,-1869.86934408,0.229181089501,499778,4,30,0.155220501568,-0.458138924286,-0.341512251482,-0.805844094124,303.793307495,70.3190205892,-1742.19909261,0.411478982369,499778,4,30,0.627294662848,0.740606346197,-0.0639704040802,0.232188357452,74.5141556883,-31.9473163455,-511.733997246,0.470997796933,499778,4
285,1785341630447,1059,1094,1873,2997,2133,2016,3354,1056,1075,1870,2988,2126,2011,3348,-1.52170894158,-1.49256330661,-0.300660234426,1.34990309334,0.0736310778185,-0.0567572891518,1.99417502425,0.608486762865,-0.266206121852,-0.730316604654,-0.159736711728,-105.676009369,-213.613676961,-1856.50008138,0.120935255041,500465,4,30,0.155052652356,-0.458449495664,-0.341608029442,-0.805659164376,303.78886617,70.3263196309,-1742.16068115,0.412692650159,500465,4,30,0.594564910687,0.7715034064,-0.0466137493597,0.221590205704,103.085101848,-73.2164580629,-495.348076059,0.430047159515,500465,4
286,1785341641677,1056,1282,1874,3026,2210,1810,3349,1055,1267,1871,3026,2206,1806,3348,-1.52324292237,-1.19803899534,-0.299126253638,1.40819436328,0.196349540849,-0.371223350668,1.99417502425,0.637295071459,-0.265088521638,-0.703884719068,-0.167718126188,-169.698129272,-140.400075277,-1841.90584717,0.126723666241,501140,4,30,0.155247710025,-0.4583922612,-0.341341965895,-0.80576693015,303.813023885,70.3539421082,-1742.1898234,0.407536181808,501140,4,30,0.595860240745,0.760894537273,-0.0284598114008,0.255303967423,154.239618065,-155.822068779,-480.107255209,0.426784052031,501140,4
287,1785341653352,906,1109,1557,3093,2153,2117,3753,903,1094,1555,3091,2148,2119,3749,-1.75640800213,-1.46341767164,-0.78386418261,1.50790311449,0.107378655152,0.10891263594,2.60930132019,0.651001923778,-0.327196160924,-0.633191620468,-0.26116573145,-106.081015523,-98.5927744548,-1925.47728271,0.360183649262,501839,4,30,0.15512550489,-0.458336235306,-0.341195489606,-0.805884365781,303.731560262,70.3628201803,-1742.26329346,0.392757861813,501839,4,30,0.677464363528,0.668791959128,-0.0200858021882,0.305541997286,52.5684666632,-183.854044574,-439.879475194,0.532908058873,501839,4
288,1785341666067,896,851,1341,3192,1719,2169,3753,893,851,1339,3188,1710,2172,3749,-1.77174781001,-1.8361750031,-1.11520403279,1.65669925092,-0.564504929942,0.190213617698,2.60930132019,0.602110911693,-0.289006621099,-0.548308040687,-0.503285123463,-30.3822649002,-20.7214208603,-1957.36090088,0.375822500388,502604,4,30,0.155013867226,-0.45821100807,-0.341144509142,-0.805998633332,303.743547567,70.3850207011,-1742.2753418,0.397025773923,502604,4,30,0.818460955199,0.501336388863,0.11808332374,0.254636640471,-9.57116130375,-210.154465765,-349.207292831,0.546691884846,502604,4
289,1785341678577,835,852,1236,3192,1360,2190,3754,832,852,1234,3190,1345,2192,3751,-1.86532063807,-1.83464102231,-1.27627201552,1.65976721249,-1.12440791752,0.220893233456,2.61236928177,0.487590347362,-0.340992811437,-0.369809753275,-0.713596736322,20.6395060221,103.522145335,-1940.54812419,0.236608967682,503354,4,30,0.154811823689,-0.458230551358,-0.341078606414,-0.806054244635,303.731673177,70.4178024292,-1742.28155518,0.393437602123,503354,4,30,0.933069948438,0.225333215674,0.16118883674,0.229398282787,-14.6772254289,-263.846051546,-225.203341778,0.459104509182,503354,4
290,1785341699368,430,851,1266,3273,1880,2068,348,428,851,1264,3269,1871,2070,343,-2.48504887637,-1.8361750031,-1.23025259188,1.78095169474,-0.317534023092,0.0337475773335,-2.61543724335,0.686755628584,-0.292475216503,-0.617886112988,-0.247066197034,-25.5844278971,30.9499922434,-1970.02385254,0.221544626355,504605,4,30,0.154397963927,-0.458463810625,-0.340947729291,-0.806056355954,303.69023234,70.4651524862,-1742.30963949,0.397598608335,504605,4,30,0.649939118684,0.683509394288,0.0162668173069,0.331857560677,-19.6390025543,-249.378104771,-315.058539052,0.455155659985,504605,4
291,1785341712033,414,1036,1263,3236,1939,1891,481,412,1025,1261,3234,1931,1892,476,-2.50959256898,-1.56926234601,-1.23485453425,1.72726236716,-0.225495175819,-0.23930100291,-2.41141779856,0.598610937835,-0.4085501774,-0.630618176111,-0.277619188113,-76.6544019063,96.3581108093,-1965.11412354,0.181961796184,505364,4,30,0.1544138212,-0.458622723528,-0.340881226662,-0.805991041263,303.686654663,70.4773620605,-1742.31007894,0.396347860495,505364,4,30,0.71852867331,0.625088215613,-0.0952862462437,0.289658073613,15.6833218451,-323.098004503,-300.553635245,0.436121223732,505364,4
292,1785341729083,287,852,1265,3034,1920,3345,1710,283,852,1263,3032,1911,3344,1704,-2.70747609062,-1.83464102231,-1.23178657267,1.41739824801,-0.256174791577,1.9880391011,-0.527689391033,0.254021089335,0.0792360706981,-0.689777026751,0.673351754019,126.519967651,59.535057195,-1937.56519775,0.302261194587,506390,4,30,0.154247223976,-0.45855488086,-0.34077514931,-0.806106390465,303.670153809,70.5087727865,-1742.33246663,0.399286253254,506390,4,30,-0.304886321761,0.914199768073,-0.264728147289,-0.0346716439026,-71.3372151633,-171.158512646,-187.707739509,0.500790716558,506390,4
293,1785341741820,287,852,1266,3088,1765,2502,1493,284,852,1264,3085,1756,2506,1487,-2.70594210983,-1.83464102231,-1.23025259188,1.49869922976,-0.493941813699,0.702563200852,-0.860563222004,0.455721210328,-0.464793692234,-0.651256337467,0.39006433447,4.86529922485,136.731195577,-1946.65563151,0.299971698225,507155,4,30,0.154250437854,-0.458682229296,-0.340758770069,-0.806040244387,303.672393799,70.5128285726,-1742.32000326,0.394972769419,507155,4,30,0.191001560222,0.795193250424,-0.498723575865,0.287160048317,-9.4831083265,-298.73239913,-214.691931002,0.495970269591,507155,4
294,1785341753290,285,852,1265,3087,2263,2477,998,284,851,1264,3085,2261,2480,992,-2.70594210983,-1.8361750031,-1.23025259188,1.49869922976,0.280718484183,0.662679700367,-1.61988371201,0.3944301505,-0.275094367414,-0.853349669308,0.20135115417,7.66305999756,20.2722859065,-2048.187736,0.213973505298,507842,4,30,0.154251146378,-0.458301710779,-0.340759786658,-0.806256096743,303.662718709,70.5006207784,-1742.3891154,0.400565552711,507842,4,30,0.315364177714,0.894965141093,-0.311300320147,0.0517198445498,-103.762388652,-254.69819639,-328.654340307,0.45413370607,507842,4
295,1785341764498,286,852,1265,3051,2264,2522,604,284,851,1264,3048,2262,2526,597,-2.70594210983,-1.8361750031,-1.23025259188,1.44194194061,0.282252464971,0.733242816609,-2.22580612322,0.604436568847,-0.135546315798,-0.783090481771,0.0552533064481,26.5956864039,8.24863567352,-2050.91346029,0.154666628937,508517,4,30,0.154079711647,-0.458353065725,-0.340883487901,-0.806207390983,303.661277262,70.5028951009,-1742.38988037,0.405244485537,508517,4,30,0.377656472364,0.906328691147,-0.0492198738397,0.183088220552,-116.918488008,-236.585190319,-325.860781165,0.433756681983,508517,4
296,1785341779203,286,852,1265,3055,2262,2540,337,284,851,1264,3051,2263,2544,337,-2.70594210983,-1.8361750031,-1.23025259188,1.44654388298,0.283786445759,0.760854470791,-2.62464112807,0.721191303512,-0.0327163387054,-0.690971781735,-0.0370235298874,39.1638262431,-5.73371766408,-2054.61636556,0.124349416296,509399,4,30,0.154149400172,-0.458331152306,-0.340834576217,-0.806227206752,303.654930623,70.500676473,-1742.38473307,0.399880876144,509399,4,30,0.391522575555,0.869962587599,0.12988628136,0.270193861745,-127.629746613,-220.954303767,-328.855078868,0.41876902039,509399,4
297,1785341800060,337,851,1265,3271,2022,1921,3753,336,852,1264,3267,2016,1919,3748,-2.62617510886,-1.83464102231,-1.23025259188,1.77788373316,-0.0951068088489,-0.197883521637,2.60776733941,0.662631730559,0.225528874001,-0.453155774976,-0.552001594431,-19.0744102478,19.0853803635,-2083.18589681,0.300196710229,510653,4,30,0.154190403429,-0.458352879431,-0.340896832252,-0.806180691389,303.667207845,70.4821769714,-1742.34165039,0.404493595163,510653,4,30,0.598292040318,0.515643390808,0.590845329966,0.16450022512,-119.222119012,-283.254503234,-358.512978571,0.503719300166,510653,4
298,1785341810301,337,852,1265,3273,2019,1781,3753,336,851,1264,3268,2016,1775,3747,-2.62617510886,-1.8361750031,-1.23025259188,1.77941771395,-0.0951068088489,-0.418776755093,2.60623335862,0.578096691283,0.256094970179,-0.511016577196,-0.582307169463,-14.4994931539,39.2628514608,-2108.01252441,0.331589050094,511268,4,30,0.154278947534,-0.4583967922,-0.340816803228,-0.806172620402,303.673738607,70.487591807,-1742.35580241,0.396172846357,511268,4,30,0.615398169197,0.518015236448,0.591570458315,0.0546781584038,-141.384043268,-305.291853634,-350.316235108,0.516627740576,511268,4
300,1785341832536,339,852,1265,3274,1511,1583,3557,339,852,1264,3269,1500,1575,3551,-2.6215731665,-1.83464102231,-1.23025259188,1.78095169474,-0.886640895398,-0.72557291267,2.30557312419,0.356517509651,0.0569000616621,-0.488240474741,-0.794530608044,4.63173980713,187.278734334,-2050.66857096,0.20227479289,512603,4,30,0.154102017566,-0.458588461503,-0.340847751544,-0.806084363715,303.667885335,70.5087702433,-1742.33297933,0.400205611189,512603,4,30,0.835720723464,0.295012271689,0.456508168496,-0.0783512860321,-93.79908463,-377.719925696,-216.004785524,0.448419026209,512603,4
301,1785341844175,339,852,1265,3274,1296,1513,3554,339,852,1264,3269,1282,1507,3551,-2.6215731665,-1.83464102231,-1.23025259188,1.78095169474,-1.22104870716,-0.829883606246,2.30557312419,0.272111142191,-0.0905087104949,-0.505713030827,-0.813644904164,40.621009318,230.732936605,-2032.6726359,0.259738420447,513302,4,30,0.154059659969,-0.458586476891,-0.340856143937,-0.80609004058,303.673171997,70.5155003866,-1742.30384928,0.400345470508,513302,4,30,0.911673868155,0.241157121831,0.315009157004,-0.107066482692,-94.953250148,-381.489220889,-156.939332335,0.477221691473,513302,4
302,1785341856316,340,852,1265,3274,1016,1903,3319,339,852,1265,3269,997,1904,3313,-2.6215731665,-1.83464102231,-1.2287186111,1.78095169474,-1.6582332317,-0.220893233456,1.94048569668,0.215099573911,-0.12772659347,-0.169718439802,-0.953212327771,102.169996134,262.799674479,-1932.44436035,0.413138222694,514031,4,30,0.154256976584,-0.458707184022,-0.340738288562,-0.806033450428,303.695340983,70.5212422689,-1742.29580485,0.395685224732,514031,4,30,0.917920308211,-0.109032195871,0.381405843092,-0.00799192671469,-41.1780402837,-329.127953241,-60.9843640821,0.572057679017,514031,4
304,1785341878161,351,852,1265,3274,2341,3344,1672,349,851,1263,3271,2337,3345,1667,-2.60623335862,-1.8361750031,-1.23178657267,1.78401965631,0.397301024062,1.98957308189,-0.584446680184,0.0474423707816,-0.200316425486,0.551095730088,-0.808650757382,148.928060404,7.17375195821,-1907.65107829,0.366785128911,515342,4,30,0.154344257466,-0.458567785508,-0.340891435638,-0.806031305465,303.595711263,70.4893831889,-1742.3178182,0.397245666385,515342,4,30,0.563115128161,-0.729024675414,0.31059103626,0.234430337773,-61.4101317718,-108.708835152,-199.19142338,0.540680543623,515342,4
305,1785341898049,1024,2072,2096,2112,2049,840,3020,1022,2069,2094,2105,2043,839,3014,-1.57386428837,0.0322135965456,0.0429514620608,-0.00460194236366,-0.053689327576,-1.85458277255,1.4818254411,0.625384448722,0.33458316256,-0.603125322665,0.364949645552,-127.981888072,-30.4701147715,-1810.78108317,0.122261926283,516539,4,30,0.15474466946,-0.458593085307,-0.340764411878,-0.80599384922,303.838072713,70.4858566284,-1742.14879557,0.415354425708,516539,4,30,-0.14528613873,0.949049096448,0.222086922308,0.169926894176,165.164813889,-197.963288707,-367.290209742,0.432974915641,516539,4
306,1785341911471,1026,2077,2096,2112,2049,2058,3020,1024,2077,2094,2109,2044,2057,3014,-1.57079632679,0.0444854428487,0.0429514620608,0.00153398078789,-0.0521553467881,0.013805827091,1.4818254411,0.62110863192,-0.266976187809,-0.661373364453,-0.324858515802,-343.580946859,94.5109853109,-1831.08178304,0.131530780345,517343,4,30,0.154582335591,-0.458813041508,-0.340768555468,-0.805898061835,303.831666056,70.5065007528,-1742.12822673,0.417188297709,517343,4,30,0.705682674003,0.66600088326,0.0433113832968,0.237863219491,270.270388083,-417.272986778,-424.816682409,0.437431619711,517343,4
307,1785341925087,1026,2079,2096,2116,2051,3345,3022,1025,2079,2093,2114,2045,3344,3016,-1.56926234601,0.0475534044245,0.0414174812729,0.00920388472731,-0.0506213660002,1.9880391011,1.48489340267,0.0513631301955,-0.646318127903,-0.135042324738,-0.749265157958,-149.079814148,264.756049601,-1822.33263346,0.25347836862,518162,4,30,0.154511918069,-0.458981708013,-0.340649953831,-0.805865663643,303.835565186,70.5300104777,-1742.15306396,0.418408570687,518162,4,30,0.954393639479,-0.222700285219,-0.180315385799,0.0838076698716,185.076701025,-426.9431917,-180.972330135,0.48920038367,518162,4
308,1785341939226,1026,2078,2096,2116,2050,2059,3022,1025,2076,2094,2114,2045,2060,3016,-1.56926234601,0.0429514620608,0.0429514620608,0.00920388472731,-0.0506213660002,0.0184077694546,1.48489340267,0.617050163208,-0.277060639326,-0.65865671017,-0.329632881201,-343.73287557,101.624780782,-1829.92226156,0.123515838136,519011,4,30,0.154470518552,-0.458834420611,-0.340775748206,-0.805904288856,303.843306478,70.511786143,-1742.12806803,0.4182348152,519011,4,30,0.712547802529,0.658809529381,0.0364952420341,0.23856598755,271.816999602,-421.920331565,-419.677856155,0.436092333017,519011,4
309,1785341955668,1102,2055,2059,829,2095,2055,3108,1099,2047,2056,829,2090,2038,3101,-1.4557477677,-0.00153398078789,-0.0153398078789,-1.96196142771,0.0184077694546,-0.0153398078789,1.61528176964,0.540683674548,0.329037137444,-0.63969996546,0.43609595326,101.87474467,-196.336566671,-1777.7660319,0.121217897534,519998,4,30,0.155023337755,-0.458587412022,-0.341054484724,-0.805820816768,303.850630697,70.4299138387,-1742.14529215,0.419002732635,519998,4,30,-0.200316356569,0.963175191608,0.150391028457,0.0977212674971,60.4260028353,63.7289286281,-324.830375115,0.436184672631,519998,4
310,1785341969522,1103,2061,2057,2079,2095,2060,3108,1100,2060,2054,2075,2091,2056,3102,-1.45421378692,0.0184077694546,-0.0184077694546,-0.0506213660002,0.0199417502425,0.0122718463031,1.61681575043,0.600078161524,-0.320437235047,-0.702246867728,-0.209941694818,-341.377682495,64.1919494629,-1836.88574219,0.106381458541,520829,4,30,0.154677651752,-0.458759353288,-0.340866312589,-0.805868994789,303.852048747,70.4910451253,-1742.16043294,0.407304767768,520829,4,30,0.648380062509,0.72008391627,-0.0659931826242,0.238175036302,262.336738276,-396.715647566,-446.239957448,0.420968156239,520829,4
311,1785341983222,1104,2068,2057,3275,2097,2070,3110,1102,2072,2054,3274,2094,2078,3103,-1.45114582534,0.0368155389093,-0.0184077694546,1.78862159867,0.0245436926062,0.0460194236366,1.61834973122,0.11344515942,-0.704718612669,-0.132635481555,-0.687684303874,76.7048261007,409.464478556,-1830.7243042,0.16047941347,521654,4,30,0.154051947547,-0.459098047029,-0.340209550204,-0.806073472222,303.804089355,70.5937283834,-1742.15475667,0.39752741158,521654,4,30,0.940459318667,-0.183523648166,-0.234178085761,0.16436533894,67.4472963318,-407.734611046,58.7824345801,0.428697661651,521654,4
312,1785341997264,1105,2063,2058,2090,2095,2061,3110,1102,2061,2055,2087,2093,2058,3103,-1.45114582534,0.0199417502425,-0.0168737886667,-0.0322135965456,0.0230097118183,0.0153398078789,1.61834973122,0.593836252908,-0.339713872944,-0.6936839166,-0.225290064388,-342.402202352,84.6254259745,-1836.88546549,0.106691514452,522497,4,30,0.154681848099,-0.45867810069,-0.34068182209,-0.805992445321,303.844523112,70.5047826131,-1742.1576416,0.401867022117,522497,4,30,0.665582593652,0.702183881498,-0.0754622898787,0.241335969962,264.268207751,-411.85500251,-432.834095978,0.415788627455,522497,4
313,1785342016811,1102,2055,2056,829,2089,2048,3101,1102,2047,2057,829,2083,2031,3093,-1.45114582534,-0.00153398078789,-0.013805827091,-1.96196142771,0.00766990393943,-0.0260776733941,1.60300992334,0.543854641434,0.334855779497,-0.63380371899,0.436333108671,103.889194489,-195.579052226,-1778.92961426,0.12350283588,523670,4,30,0.154876661922,-0.458568244842,-0.341164888866,-0.805813193625,303.850182088,70.4324602763,-1742.13726807,0.416763708989,523670,4,30,-0.204695236073,0.960844749184,0.157125401264,0.100939767049,58.3552211795,63.8448571407,-323.448141843,0.434677972297,523670,4
314,1785342031026,1102,2064,2055,2077,2090,2055,3102,1101,2063,2053,2073,2087,2051,3094,-1.45267980613,0.0230097118183,-0.0199417502425,-0.053689327576,0.013805827091,0.00460194236366,1.60454390413,0.598753230199,-0.315008448404,-0.705241786964,-0.211892115664,-341.333783976,64.8102208455,-1840.12155355,0.127444741378,524525,4,30,0.154567690072,-0.458734659925,-0.340882444705,-0.80589732588,303.842330933,70.4972928365,-1742.15291748,0.404993676146,524525,4,30,0.648221031004,0.722100899023,-0.061565337647,0.233643950903,259.687343544,-398.352383431,-446.945497693,0.424572773295,524525,4
315,1785342044727,1103,2069,2054,3275,2092,2066,3104,1104,2074,2052,3275,2089,2074,3101,-1.44807786376,0.039883500485,-0.0214757310304,1.79015557946,0.0168737886667,0.039883500485,1.61528176964,0.110467070904,-0.703917180251,-0.137734690089,-0.687987488796,76.6245890299,410.252518717,-1833.27360026,0.149116390447,525347,4,30,0.154032126623,-0.459072733213,-0.340204382138,-0.806093858035,303.796495565,70.5959823608,-1742.14661865,0.397460653385,525347,4,30,0.941605096011,-0.180742710896,-0.235221204288,0.159320120127,65.3932468115,-409.381445492,58.3808182862,0.424512271776,525347,4
316,1785342058881,1103,2064,2054,2081,2091,2056,3104,1100,2062,2052,2078,2088,2053,3100,-1.45421378692,0.0214757310304,-0.0214757310304,-0.0460194236366,0.0153398078789,0.00766990393943,1.61374778886,0.593649493397,-0.32846805258,-0.700641082853,-0.220887053586,-342.122066243,77.8196352641,-1840.64445394,0.124840619167,526199,4,30,0.154608285224,-0.458729091919,-0.340754785381,-0.805946694644,303.858308919,70.5053009033,-1742.16965332,0.3991149803,526199,4,30,0.659230974227,0.710951454982,-0.0694364344287,0.23482149146,260.500707325,-408.323885043,-438.693990529,0.418184107414,526199,4
